user_id,persona,home_state,home_region,home_lat,home_lng,age_band,party,budget,activity,signed_up
u0000000,mountain-walker,Odisha,east,20.2961,85.8245,35-44,friends,moderate,1,2025-03-26
u0000001,family-holiday,Uttar Pradesh,central,27.1767,78.0081,35-44,solo,comfortable,4,2024-01-30
u0000002,pilgrim,Himachal Pradesh,north,32.5387,75.9707,55+,friends,moderate,1,2025-01-04
u0000003,heritage-seeker,Meghalaya,northeast,25.27,91.732,45-54,solo,moderate,1,2025-02-02
u0000004,weekend-escaper,Rajasthan,north,26.4499,74.6399,18-24,family,shoestring,1,2024-02-21
u0000005,heritage-seeker,Odisha,east,19.8135,85.8312,35-44,family,comfortable,1,2025-01-11
u0000006,weekend-escaper,Karnataka,south,15.2689,76.3909,45-54,couple,moderate,1,2024-10-08
u0000007,beach-and-slow,Bihar,east,24.6961,84.9911,25-34,couple,moderate,4,2025-02-22
u0000008,pilgrim,Uttar Pradesh,central,27.1767,78.0081,35-44,family,premium,4,2024-07-21
u0000009,family-holiday,Jharkhand,east,23.3441,85.3096,55+,family,comfortable,1,2024-06-27
u0000010,weekend-escaper,Himachal Pradesh,north,32.2464,78.0349,25-34,family,shoestring,2,2025-08-29
u0000011,mountain-walker,Kerala,south,8.5241,76.9366,55+,family,moderate,1,2024-06-01
u0000012,weekend-escaper,Kerala,south,9.5916,77.1603,25-34,couple,moderate,1,2024-08-31
u0000013,mountain-walker,Rajasthan,north,26.4499,74.6399,55+,solo,moderate,1,2024-06-13
u0000014,pilgrim,Rajasthan,north,26.9124,75.7873,35-44,couple,premium,3,2024-10-24
u0000015,heritage-seeker,West Bengal,east,22.5726,88.3639,18-24,friends,moderate,2,2024-07-25
u0000016,family-holiday,Madhya Pradesh,central,23.1815,79.9864,25-34,family,moderate,5,2024-03-06
u0000017,beach-and-slow,Nagaland,northeast,25.6751,94.11,55+,couple,shoestring,1,2024-04-19
u0000018,food-first,Assam,northeast,26.1445,91.7362,35-44,solo,shoestring,2,2024-04-17
u0000019,food-first,Gujarat,west,20.888,70.401,55+,family,shoestring,1,2024-05-01
u0000020,heritage-seeker,Andaman and Nicobar Islands,south,11.6234,92.7265,25-34,family,premium,1,2024-01-22
u0000021,weekend-escaper,Assam,northeast,26.1445,91.7362,25-34,friends,shoestring,1,2025-08-09
u0000022,beach-and-slow,Uttarakhand,north,30.3165,78.0322,18-24,couple,premium,1,2025-01-06
u0000023,food-first,Andhra Pradesh,south,17.6868,83.2185,45-54,couple,comfortable,1,2024-05-04
u0000024,weekend-escaper,Maharashtra,west,18.5204,73.8567,35-44,solo,comfortable,5,2024-09-04
u0000025,food-first,Bihar,east,24.6961,84.9911,45-54,friends,shoestring,1,2024-10-19
u0000026,food-first,Tamil Nadu,south,8.0883,77.5385,25-34,family,moderate,60,2025-05-09
u0000027,weekend-escaper,Maharashtra,west,18.6414,72.8722,55+,couple,comfortable,1,2025-02-22
u0000028,food-first,Himachal Pradesh,north,32.5387,75.9707,35-44,family,comfortable,1,2025-08-29
u0000029,beach-and-slow,Maharashtra,west,18.6414,72.8722,18-24,couple,moderate,1,2025-06-04
u0000030,heritage-seeker,Uttarakhand,north,29.53,78.7747,45-54,couple,premium,1,2024-06-07
u0000031,pilgrim,Himachal Pradesh,north,32.2432,77.1892,25-34,solo,moderate,12,2025-05-08
u0000032,heritage-seeker,Assam,northeast,26.5775,93.1711,55+,couple,comfortable,2,2025-06-12
u0000033,pilgrim,Kerala,south,9.4981,76.3388,35-44,couple,moderate,4,2024-01-04
u0000034,heritage-seeker,Maharashtra,west,19.076,72.8777,35-44,family,premium,2,2024-06-04
u0000035,family-holiday,Rajasthan,north,26.838,70.9,25-34,couple,comfortable,1,2025-05-23
u0000036,heritage-seeker,Assam,northeast,26.95,94.17,25-34,solo,comfortable,7,2025-07-26
u0000037,weekend-escaper,Himachal Pradesh,north,32.2464,78.0349,45-54,couple,comfortable,3,2025-04-18
u0000038,mountain-walker,Arunachal Pradesh,northeast,27.0844,93.6053,35-44,solo,moderate,1,2024-05-26
u0000039,food-first,Rajasthan,north,26.4499,74.6399,55+,family,moderate,1,2025-07-29
u0000040,food-first,Rajasthan,north,26.838,70.9,25-34,family,comfortable,1,2025-01-16
u0000041,food-first,Maharashtra,west,21.1458,79.0882,55+,couple,moderate,1,2025-01-23
u0000042,family-holiday,Kerala,south,9.4981,76.3388,45-54,solo,comfortable,2,2024-06-20
u0000043,family-holiday,Andaman and Nicobar Islands,south,11.6234,92.7265,55+,couple,moderate,1,2025-04-04
u0000044,food-first,Nagaland,northeast,25.6751,94.11,55+,couple,comfortable,1,2025-02-28
u0000045,pilgrim,Rajasthan,north,26.4899,74.5511,45-54,couple,premium,1,2024-01-22
u0000046,heritage-seeker,Maharashtra,west,19.076,72.8777,18-24,friends,moderate,5,2025-06-17
u0000047,pilgrim,Madhya Pradesh,central,22.7196,75.8577,35-44,couple,comfortable,1,2024-06-19
u0000048,pilgrim,Uttarakhand,north,30.4598,78.0644,18-24,solo,shoestring,1,2024-06-14
u0000049,beach-and-slow,Delhi,north,28.6139,77.209,45-54,solo,moderate,2,2024-10-18
u0000050,weekend-escaper,Tamil Nadu,south,10.7905,78.7047,55+,family,shoestring,1,2025-04-28
u0000051,heritage-seeker,Madhya Pradesh,central,26.2183,78.1828,18-24,family,premium,1,2024-04-18
u0000052,beach-and-slow,Rajasthan,north,24.8887,74.6269,25-34,friends,moderate,13,2025-02-05
u0000053,pilgrim,Andhra Pradesh,south,17.6868,83.2185,25-34,family,premium,1,2025-05-27
u0000054,heritage-seeker,Himachal Pradesh,north,32.5387,75.9707,25-34,family,premium,1,2025-05-04
u0000055,family-holiday,Tamil Nadu,south,11.0168,76.9558,18-24,family,premium,1,2024-09-01
u0000056,beach-and-slow,Uttar Pradesh,central,25.3176,82.9739,35-44,solo,moderate,1,2024-04-03
u0000057,heritage-seeker,Uttarakhand,north,30.4598,78.0644,25-34,friends,shoestring,1,2024-07-23
u0000058,heritage-seeker,Assam,northeast,26.5775,93.1711,25-34,solo,comfortable,1,2025-03-23
u0000059,weekend-escaper,Tamil Nadu,south,10.2381,77.4892,18-24,couple,comfortable,1,2024-09-16
u0000060,heritage-seeker,Chhattisgarh,central,21.2514,81.6296,18-24,solo,moderate,1,2025-04-23
u0000061,heritage-seeker,West Bengal,east,27.041,88.2663,35-44,family,comfortable,1,2024-02-15
u0000062,heritage-seeker,Uttar Pradesh,central,26.4499,80.3319,35-44,couple,moderate,2,2024-04-22
u0000063,beach-and-slow,Uttar Pradesh,central,25.4358,81.8463,25-34,solo,premium,1,2024-05-31
u0000064,weekend-escaper,West Bengal,east,26.7271,88.3953,25-34,solo,moderate,1,2024-08-25
u0000065,weekend-escaper,Madhya Pradesh,central,23.4794,77.7392,55+,family,premium,1,2025-06-23
u0000066,pilgrim,Andhra Pradesh,south,16.5062,80.648,35-44,family,comfortable,4,2025-09-16
u0000067,mountain-walker,Andaman and Nicobar Islands,south,11.6234,92.7265,25-34,family,moderate,1,2024-11-27
u0000068,mountain-walker,Gujarat,west,23.2156,72.6369,55+,couple,moderate,8,2024-10-10
u0000069,weekend-escaper,Mizoram,northeast,23.7271,92.7176,25-34,solo,comfortable,1,2024-09-17
u0000070,heritage-seeker,Tamil Nadu,south,13.0827,80.2707,25-34,family,comfortable,17,2024-09-20
u0000071,family-holiday,Rajasthan,north,26.838,70.9,18-24,couple,comfortable,1,2025-09-17
u0000072,family-holiday,Gujarat,west,20.888,70.401,35-44,couple,moderate,1,2024-02-24
u0000073,food-first,Kerala,south,8.5241,76.9366,25-34,family,comfortable,2,2025-06-03
u0000074,heritage-seeker,Madhya Pradesh,central,24.8318,79.9199,25-34,couple,shoestring,1,2024-05-02
u0000075,food-first,Himachal Pradesh,north,32.5387,75.9707,18-24,friends,moderate,2,2025-02-27
u0000076,family-holiday,Uttarakhand,north,30.4598,78.0644,45-54,couple,comfortable,1,2024-04-23
u0000077,pilgrim,Uttarakhand,north,29.9457,78.1642,55+,solo,shoestring,3,2024-10-30
u0000078,mountain-walker,Bihar,east,25.5941,85.1376,55+,family,comfortable,1,2025-05-10
u0000079,beach-and-slow,Uttarakhand,north,29.3803,79.4636,55+,family,shoestring,3,2025-07-31
u0000080,mountain-walker,Madhya Pradesh,central,26.2183,78.1828,45-54,couple,shoestring,1,2024-11-23
u0000081,family-holiday,Rajasthan,north,26.2389,73.0243,18-24,couple,comfortable,1,2024-07-23
u0000082,beach-and-slow,Andhra Pradesh,south,16.5062,80.648,35-44,solo,moderate,4,2025-06-01
u0000083,weekend-escaper,Kerala,south,9.5916,77.1603,45-54,family,moderate,1,2024-06-18
u0000084,family-holiday,Rajasthan,north,26.2389,73.0243,35-44,couple,comfortable,1,2025-08-21
u0000085,family-holiday,Tamil Nadu,south,12.6269,80.1927,35-44,family,comfortable,10,2025-05-20
u0000086,beach-and-slow,Odisha,east,19.8876,86.0945,45-54,couple,shoestring,1,2024-07-11
u0000087,heritage-seeker,Tamil Nadu,south,11.0168,76.9558,55+,family,moderate,1,2025-06-24
u0000088,pilgrim,Karnataka,south,14.5479,74.3188,25-34,family,moderate,1,2024-05-26
u0000089,food-first,Andhra Pradesh,south,16.5062,80.648,55+,couple,shoestring,1,2024-01-08
u0000090,family-holiday,West Bengal,east,27.06,88.47,45-54,friends,shoestring,1,2024-10-04
u0000091,pilgrim,Kerala,south,11.6854,76.132,25-34,friends,premium,1,2025-06-16
u0000092,pilgrim,Mizoram,northeast,23.7271,92.7176,35-44,couple,moderate,1,2025-06-20
u0000093,beach-and-slow,Andhra Pradesh,south,16.5062,80.648,18-24,solo,moderate,1,2024-11-23
u0000094,mountain-walker,Maharashtra,west,18.6414,72.8722,35-44,couple,shoestring,10,2024-06-17
u0000095,beach-and-slow,Puducherry,south,11.9416,79.8083,55+,couple,moderate,7,2025-02-20
u0000096,weekend-escaper,Puducherry,south,11.9416,79.8083,55+,couple,shoestring,1,2024-01-11
u0000097,food-first,Arunachal Pradesh,northeast,27.0844,93.6053,18-24,friends,comfortable,1,2025-03-11
u0000098,family-holiday,Kerala,south,9.9312,76.2673,55+,family,moderate,1,2025-01-18
u0000099,heritage-seeker,Uttar Pradesh,central,26.8467,80.9462,35-44,friends,shoestring,2,2025-07-12
u0000100,food-first,Ladakh,north,34.6868,77.5619,55+,couple,premium,3,2024-09-19
u0000101,mountain-walker,Ladakh,north,34.6868,77.5619,18-24,couple,moderate,2,2024-07-06
u0000102,weekend-escaper,Tamil Nadu,south,9.9252,78.1198,25-34,friends,moderate,1,2024-04-03
u0000103,family-holiday,Uttar Pradesh,central,26.8467,80.9462,45-54,solo,moderate,1,2025-02-26
u0000104,mountain-walker,Gujarat,west,23.0225,72.5714,35-44,solo,shoestring,1,2024-07-03
u0000105,heritage-seeker,Tamil Nadu,south,11.3494,76.7956,45-54,solo,shoestring,4,2024-08-23
u0000106,pilgrim,Himachal Pradesh,north,31.1048,77.1734,45-54,couple,comfortable,1,2024-05-31
u0000107,beach-and-slow,Himachal Pradesh,north,31.1048,77.1734,35-44,couple,comfortable,4,2024-04-16
u0000108,pilgrim,Uttar Pradesh,central,25.3176,82.9739,55+,couple,moderate,1,2024-09-04
u0000109,weekend-escaper,Kerala,south,11.6854,76.132,55+,family,moderate,11,2024-04-12
u0000110,mountain-walker,Gujarat,west,21.1702,72.8311,35-44,solo,moderate,1,2025-09-30
u0000111,pilgrim,Uttarakhand,north,27.4924,77.6737,55+,friends,comfortable,1,2024-05-20
u0000112,food-first,Bihar,east,24.6961,84.9911,35-44,family,shoestring,1,2025-03-08
u0000113,weekend-escaper,Jammu and Kashmir,north,34.0837,74.7973,35-44,couple,moderate,1,2025-01-28
u0000114,weekend-escaper,Maharashtra,west,18.7546,73.4062,35-44,couple,moderate,2,2025-07-06
u0000115,heritage-seeker,Tamil Nadu,south,13.0827,80.2707,35-44,friends,comfortable,5,2025-03-29
u0000116,family-holiday,Uttarakhand,north,30.0869,78.2676,35-44,friends,comfortable,2,2024-01-13
u0000117,family-holiday,Tamil Nadu,south,10.2381,77.4892,18-24,couple,moderate,1,2025-07-05
u0000118,beach-and-slow,Himachal Pradesh,north,32.219,76.3234,18-24,friends,shoestring,4,2024-01-14
u0000119,food-first,Himachal Pradesh,north,32.5387,75.9707,35-44,solo,shoestring,10,2025-09-10
u0000120,heritage-seeker,Maharashtra,west,18.7546,73.4062,35-44,friends,premium,1,2024-04-20
u0000121,mountain-walker,Assam,northeast,26.1445,91.7362,45-54,family,comfortable,3,2025-03-03
u0000122,mountain-walker,Karnataka,south,12.3375,75.8069,25-34,couple,moderate,1,2025-03-19
u0000123,heritage-seeker,Jharkhand,east,23.3441,85.3096,18-24,couple,moderate,8,2024-07-11
u0000124,food-first,Uttarakhand,north,30.0869,78.2676,35-44,family,moderate,1,2024-10-05
u0000125,beach-and-slow,Ladakh,north,34.6868,77.5619,25-34,couple,comfortable,1,2025-07-30
u0000126,food-first,Kerala,south,11.2588,75.7804,18-24,couple,shoestring,3,2025-08-27
u0000127,family-holiday,Karnataka,south,15.918,75.685,35-44,couple,moderate,1,2025-07-29
u0000128,mountain-walker,Madhya Pradesh,central,25.3518,78.6417,55+,family,shoestring,1,2025-03-08
u0000129,heritage-seeker,Karnataka,south,13.3161,75.772,35-44,family,moderate,3,2024-01-05
u0000130,mountain-walker,Rajasthan,north,26.4499,74.6399,18-24,solo,moderate,1,2024-10-01
u0000131,mountain-walker,Gujarat,west,22.2394,68.9678,35-44,friends,moderate,1,2024-06-02
u0000132,heritage-seeker,Tamil Nadu,south,10.787,79.1378,45-54,solo,moderate,4,2025-08-02
u0000133,pilgrim,Madhya Pradesh,central,25.3518,78.6417,45-54,solo,moderate,1,2024-02-24
u0000134,food-first,Uttar Pradesh,central,27.5806,77.7006,25-34,friends,shoestring,1,2024-02-21
u0000135,pilgrim,Uttar Pradesh,central,25.3176,82.9739,55+,solo,premium,1,2025-09-28
u0000136,family-holiday,Tamil Nadu,south,9.9252,78.1198,55+,couple,premium,2,2025-01-24
u0000137,heritage-seeker,Rajasthan,north,26.838,70.9,25-34,friends,comfortable,2,2025-03-09
u0000138,family-holiday,Rajasthan,north,26.9157,70.9083,45-54,family,moderate,4,2025-04-03
u0000139,beach-and-slow,Uttarakhand,north,30.4598,78.0644,35-44,couple,premium,1,2024-03-09
u0000140,mountain-walker,Assam,northeast,26.5775,93.1711,18-24,family,moderate,1,2024-01-10
u0000141,food-first,Manipur,northeast,24.817,93.9368,55+,couple,shoestring,1,2024-05-13
u0000142,pilgrim,Madhya Pradesh,central,22.7196,75.8577,45-54,solo,premium,1,2024-12-26
u0000143,heritage-seeker,Andhra Pradesh,south,17.6868,83.2185,55+,family,shoestring,1,2025-01-29
u0000144,weekend-escaper,Tamil Nadu,south,11.4102,76.695,18-24,couple,comfortable,1,2024-12-26
u0000145,family-holiday,Tamil Nadu,south,8.0883,77.5385,55+,couple,shoestring,4,2025-03-03
u0000146,family-holiday,Rajasthan,north,25.4305,75.6499,45-54,friends,comfortable,2,2024-04-20
u0000147,weekend-escaper,Maharashtra,west,19.076,72.8777,45-54,family,moderate,2,2024-03-12
u0000148,pilgrim,Meghalaya,northeast,25.5788,91.8933,25-34,couple,shoestring,1,2025-06-09
u0000149,food-first,Delhi,north,28.6139,77.209,25-34,family,moderate,3,2025-09-25
u0000150,heritage-seeker,Maharashtra,west,19.8762,75.3433,25-34,friends,shoestring,1,2024-12-13
u0000151,heritage-seeker,Andhra Pradesh,south,17.6868,83.2185,45-54,family,moderate,1,2025-03-26
u0000152,heritage-seeker,Himachal Pradesh,north,32.01,77.3152,25-34,couple,moderate,3,2024-05-09
u0000153,family-holiday,Odisha,east,19.8135,85.8312,25-34,family,comfortable,1,2025-02-13
u0000154,beach-and-slow,Jammu and Kashmir,north,32.7266,74.857,35-44,solo,moderate,1,2024-05-18
u0000155,pilgrim,Madhya Pradesh,central,26.2183,78.1828,18-24,solo,comfortable,1,2024-03-18
u0000156,food-first,Ladakh,north,34.1526,77.5771,25-34,solo,shoestring,2,2024-02-12
u0000157,heritage-seeker,Rajasthan,north,26.9124,75.7873,45-54,couple,comfortable,2,2025-02-01
u0000158,beach-and-slow,Tamil Nadu,south,8.0883,77.5385,25-34,family,comfortable,1,2024-08-19
u0000159,heritage-seeker,Kerala,south,9.9312,76.2673,18-24,couple,shoestring,1,2025-07-24
u0000160,weekend-escaper,Himachal Pradesh,north,32.2464,78.0349,18-24,family,premium,7,2024-09-05
u0000161,family-holiday,Tamil Nadu,south,11.4102,76.695,18-24,solo,moderate,2,2024-09-10
u0000162,weekend-escaper,Tamil Nadu,south,9.9252,78.1198,18-24,couple,shoestring,1,2024-06-22
u0000163,beach-and-slow,Kerala,south,8.7379,76.7163,45-54,couple,comfortable,1,2025-04-02
u0000164,family-holiday,Rajasthan,north,26.2389,73.0243,25-34,friends,moderate,1,2025-08-20
u0000165,family-holiday,Madhya Pradesh,central,22.7196,75.8577,55+,solo,shoestring,1,2025-06-26
u0000166,mountain-walker,Sikkim,northeast,27.3314,88.6138,55+,family,premium,1,2024-09-10
u0000167,pilgrim,Karnataka,south,15.918,75.685,25-34,family,shoestring,1,2024-12-08
u0000168,weekend-escaper,Punjab,north,31.634,74.8723,25-34,family,moderate,1,2024-12-27
u0000169,heritage-seeker,Andhra Pradesh,south,17.6868,83.2185,55+,family,moderate,1,2025-01-11
u0000170,mountain-walker,Uttarakhand,north,29.3803,79.4636,35-44,couple,moderate,2,2025-05-09
u0000171,heritage-seeker,Himachal Pradesh,north,32.01,77.3152,55+,couple,shoestring,1,2025-03-20
u0000172,food-first,Telangana,south,17.385,78.4867,25-34,family,moderate,4,2024-04-17
u0000173,heritage-seeker,Karnataka,south,15.2689,76.3909,18-24,family,comfortable,1,2024-07-29
u0000174,heritage-seeker,Kerala,south,9.5916,77.1603,25-34,family,moderate,1,2025-07-06
u0000175,heritage-seeker,Uttarakhand,north,30.3165,78.0322,45-54,family,shoestring,2,2025-04-13
u0000176,weekend-escaper,Tripura,northeast,23.8315,91.2868,18-24,solo,moderate,1,2024-02-24
u0000177,mountain-walker,Karnataka,south,12.9716,77.5946,45-54,solo,shoestring,1,2025-03-17
u0000178,beach-and-slow,Jammu and Kashmir,north,32.7266,74.857,35-44,couple,moderate,1,2024-04-17
u0000179,weekend-escaper,Sikkim,northeast,27.3314,88.6138,55+,family,shoestring,1,2024-01-28
u0000180,weekend-escaper,Andhra Pradesh,south,13.6288,79.4192,18-24,friends,moderate,2,2025-03-01
u0000181,food-first,Jammu and Kashmir,north,34.0837,74.7973,25-34,couple,premium,1,2024-12-13
u0000182,family-holiday,Maharashtra,west,18.6414,72.8722,18-24,solo,premium,1,2025-06-30
u0000183,food-first,West Bengal,east,27.06,88.47,55+,friends,comfortable,1,2024-02-04
u0000184,food-first,Madhya Pradesh,central,23.4794,77.7392,55+,family,shoestring,1,2025-04-10
u0000185,weekend-escaper,Madhya Pradesh,central,22.7196,75.8577,18-24,solo,premium,6,2024-11-15
u0000186,beach-and-slow,Kerala,south,8.5241,76.9366,55+,family,comfortable,2,2024-06-06
u0000187,pilgrim,Maharashtra,west,19.8762,75.3433,45-54,solo,comfortable,2,2024-07-10
u0000188,family-holiday,Himachal Pradesh,north,32.5387,75.9707,45-54,couple,comfortable,3,2024-07-23
u0000189,family-holiday,Uttarakhand,north,30.3165,78.0322,45-54,solo,comfortable,7,2024-09-28
u0000190,mountain-walker,Arunachal Pradesh,northeast,27.586,91.859,55+,couple,comfortable,1,2024-04-20
u0000191,weekend-escaper,Maharashtra,west,21.1458,79.0882,25-34,friends,shoestring,1,2024-09-05
u0000192,weekend-escaper,Nagaland,northeast,25.6751,94.11,45-54,family,moderate,1,2024-05-24
u0000193,heritage-seeker,Jammu and Kashmir,north,32.7266,74.857,18-24,friends,moderate,2,2024-10-03
u0000194,beach-and-slow,Tamil Nadu,south,11.4102,76.695,18-24,couple,comfortable,2,2024-02-13
u0000195,weekend-escaper,Uttar Pradesh,central,25.3176,82.9739,35-44,friends,comfortable,1,2024-04-06
u0000196,heritage-seeker,Uttar Pradesh,central,27.5806,77.7006,55+,friends,premium,1,2025-06-15
u0000197,heritage-seeker,Himachal Pradesh,north,32.2432,77.1892,55+,solo,comfortable,1,2024-05-04
u0000198,weekend-escaper,Rajasthan,north,24.5926,72.7156,18-24,family,moderate,1,2025-01-23
u0000199,heritage-seeker,Karnataka,south,15.335,76.46,35-44,solo,premium,1,2024-06-08
u0000200,beach-and-slow,West Bengal,east,27.06,88.47,45-54,couple,shoestring,1,2024-07-09
u0000201,family-holiday,Kerala,south,8.4004,76.9784,45-54,friends,shoestring,8,2025-02-13
u0000202,heritage-seeker,Maharashtra,west,21.1458,79.0882,18-24,couple,moderate,2,2025-08-27
u0000203,pilgrim,Rajasthan,north,26.838,70.9,35-44,family,comfortable,7,2024-11-20
u0000204,pilgrim,Assam,northeast,26.1445,91.7362,55+,friends,comfortable,5,2024-09-25
u0000205,mountain-walker,Karnataka,south,14.5479,74.3188,55+,family,comfortable,1,2024-08-05
u0000206,beach-and-slow,Himachal Pradesh,north,32.219,76.3234,18-24,family,comfortable,1,2024-08-08
u0000207,mountain-walker,Uttarakhand,north,30.4598,78.0644,55+,couple,moderate,1,2025-03-21
u0000208,heritage-seeker,Himachal Pradesh,north,32.01,77.3152,55+,couple,comfortable,1,2025-01-17
u0000209,food-first,Rajasthan,north,24.8887,74.6269,45-54,friends,shoestring,4,2024-12-26
u0000210,heritage-seeker,Uttarakhand,north,30.3165,78.0322,35-44,friends,shoestring,1,2025-05-27
u0000211,mountain-walker,Rajasthan,north,26.9157,70.9083,45-54,friends,moderate,1,2024-09-30
u0000212,mountain-walker,Ladakh,north,34.1526,77.5771,35-44,friends,comfortable,1,2025-01-18
u0000213,weekend-escaper,Maharashtra,west,18.5204,73.8567,55+,friends,moderate,1,2025-01-15
u0000214,mountain-walker,Maharashtra,west,18.6414,72.8722,18-24,family,shoestring,1,2024-07-04
u0000215,pilgrim,Chhattisgarh,central,21.2514,81.6296,18-24,solo,comfortable,7,2025-03-17
u0000216,heritage-seeker,Rajasthan,north,26.9124,75.7873,18-24,solo,comfortable,1,2024-01-04
u0000217,food-first,Rajasthan,north,26.838,70.9,25-34,couple,shoestring,1,2024-09-25
u0000218,weekend-escaper,Karnataka,south,12.9716,77.5946,25-34,friends,moderate,1,2025-06-26
u0000219,beach-and-slow,Kerala,south,8.7379,76.7163,25-34,family,shoestring,1,2025-05-25
u0000220,beach-and-slow,Meghalaya,northeast,25.5788,91.8933,45-54,friends,moderate,1,2025-04-02
u0000221,mountain-walker,West Bengal,east,27.041,88.2663,45-54,couple,shoestring,1,2025-09-28
u0000222,family-holiday,Karnataka,south,15.2689,76.3909,18-24,couple,premium,1,2025-05-15
u0000223,family-holiday,Punjab,north,31.634,74.8723,55+,family,comfortable,2,2025-03-25
u0000224,weekend-escaper,Puducherry,south,11.9416,79.8083,45-54,family,premium,1,2024-01-21
u0000225,mountain-walker,Uttar Pradesh,central,27.5806,77.7006,55+,solo,shoestring,7,2024-02-07
u0000226,food-first,Delhi,north,28.6139,77.209,35-44,family,shoestring,1,2024-09-15
u0000227,heritage-seeker,Uttar Pradesh,central,26.4499,80.3319,18-24,solo,moderate,2,2024-06-29
u0000228,food-first,Sikkim,northeast,27.3,88.24,35-44,solo,premium,1,2024-01-24
u0000229,mountain-walker,Kerala,south,8.7379,76.7163,35-44,solo,comfortable,1,2024-09-10
u0000230,family-holiday,Uttar Pradesh,central,26.7922,82.1998,35-44,couple,moderate,3,2025-05-20
u0000231,heritage-seeker,Uttarakhand,north,29.9457,78.1642,25-34,solo,moderate,1,2024-02-04
u0000232,pilgrim,Bihar,east,25.1367,85.4438,35-44,couple,moderate,5,2024-03-07
u0000233,food-first,Gujarat,west,22.3072,73.1812,55+,solo,moderate,4,2024-05-01
u0000234,pilgrim,Tamil Nadu,south,13.0827,80.2707,18-24,family,comfortable,1,2025-10-01
u0000235,food-first,Himachal Pradesh,north,32.01,77.3152,18-24,couple,comfortable,1,2024-04-24
u0000236,weekend-escaper,Kerala,south,11.6854,76.132,55+,friends,moderate,1,2025-09-19
u0000237,pilgrim,Uttarakhand,north,27.4924,77.6737,55+,friends,shoestring,1,2024-02-28
u0000238,family-holiday,Odisha,east,19.8135,85.8312,55+,friends,comfortable,2,2024-07-11
u0000239,family-holiday,Madhya Pradesh,central,25.3518,78.6417,55+,solo,comfortable,1,2024-01-13
u0000240,mountain-walker,Tamil Nadu,south,11.3494,76.7956,45-54,couple,moderate,1,2024-03-11
u0000241,family-holiday,Madhya Pradesh,central,22.7196,75.8577,35-44,friends,comfortable,2,2024-02-16
u0000242,heritage-seeker,Karnataka,south,12.9141,74.856,35-44,solo,comfortable,3,2024-07-20
u0000243,mountain-walker,Karnataka,south,12.9716,77.5946,18-24,solo,moderate,29,2025-04-13
u0000244,mountain-walker,Himachal Pradesh,north,32.219,76.3234,45-54,family,shoestring,3,2024-05-20
u0000245,mountain-walker,Delhi,north,28.6139,77.209,18-24,family,moderate,1,2024-07-10
u0000246,beach-and-slow,Uttarakhand,north,29.53,78.7747,55+,couple,moderate,9,2025-07-08
u0000247,food-first,Tamil Nadu,south,11.3494,76.7956,25-34,friends,premium,3,2025-06-07
u0000248,family-holiday,Madhya Pradesh,central,23.1765,75.7885,25-34,friends,comfortable,16,2024-08-29
u0000249,family-holiday,Karnataka,south,12.3375,75.8069,25-34,couple,comfortable,1,2024-07-14
u0000250,family-holiday,Nagaland,northeast,25.6751,94.11,55+,family,comfortable,1,2025-02-25
u0000251,mountain-walker,Jharkhand,east,23.3441,85.3096,25-34,couple,comfortable,2,2024-06-16
u0000252,pilgrim,Karnataka,south,15.335,76.46,18-24,family,comfortable,1,2024-10-21
u0000253,pilgrim,Gujarat,west,22.3072,73.1812,55+,couple,premium,1,2025-09-07
u0000254,family-holiday,Odisha,east,19.8876,86.0945,25-34,friends,comfortable,4,2024-04-08
u0000255,pilgrim,Kerala,south,9.4981,76.3388,45-54,friends,comfortable,6,2025-01-19
u0000256,beach-and-slow,Maharashtra,west,19.9975,73.7898,55+,family,comfortable,1,2025-01-19
u0000257,food-first,Tamil Nadu,south,11.3494,76.7956,35-44,friends,comfortable,1,2025-07-05
u0000258,heritage-seeker,Gujarat,west,23.0225,72.5714,35-44,family,comfortable,34,2025-03-22
u0000259,mountain-walker,Rajasthan,north,24.8887,74.6269,45-54,solo,moderate,1,2024-10-25
u0000260,family-holiday,Kerala,south,9.5916,77.1603,55+,solo,shoestring,1,2025-06-02
u0000261,mountain-walker,Uttarakhand,north,30.0869,78.2676,45-54,solo,comfortable,1,2025-10-01
u0000262,heritage-seeker,Kerala,south,11.2588,75.7804,55+,couple,comfortable,2,2025-07-07
u0000263,food-first,Kerala,south,10.0889,77.0595,18-24,family,comfortable,1,2024-03-22
u0000264,food-first,Madhya Pradesh,central,23.4794,77.7392,55+,family,shoestring,1,2024-04-28
u0000265,family-holiday,Tamil Nadu,south,10.2381,77.4892,55+,solo,shoestring,2,2024-12-21
u0000266,heritage-seeker,Tamil Nadu,south,13.0827,80.2707,45-54,friends,comfortable,1,2025-04-09
u0000267,weekend-escaper,Karnataka,south,13.3161,75.772,35-44,family,comfortable,1,2024-05-13
u0000268,pilgrim,Meghalaya,northeast,25.5788,91.8933,25-34,couple,premium,2,2025-04-24
u0000269,food-first,Jammu and Kashmir,north,32.7266,74.857,25-34,couple,moderate,1,2024-09-16
u0000270,food-first,Kerala,south,8.5241,76.9366,45-54,friends,moderate,1,2024-08-03
u0000271,heritage-seeker,Madhya Pradesh,central,22.7196,75.8577,25-34,solo,shoestring,9,2025-01-06
u0000272,mountain-walker,Karnataka,south,13.3161,75.772,18-24,friends,moderate,1,2025-03-09
u0000273,mountain-walker,Gujarat,west,23.0225,72.5714,55+,family,shoestring,3,2024-12-01
u0000274,food-first,Maharashtra,west,19.8762,75.3433,18-24,solo,moderate,1,2025-05-23
u0000275,food-first,Chandigarh,north,30.7333,76.7794,35-44,family,moderate,1,2025-07-25
u0000276,weekend-escaper,Karnataka,south,13.3409,74.7421,45-54,couple,shoestring,1,2025-09-21
u0000277,food-first,Gujarat,west,23.7333,69.8597,18-24,family,moderate,1,2025-01-13
u0000278,heritage-seeker,Telangana,south,17.385,78.4867,55+,family,comfortable,1,2025-02-23
u0000279,food-first,Himachal Pradesh,north,32.2432,77.1892,25-34,friends,shoestring,1,2025-07-07
u0000280,weekend-escaper,Maharashtra,west,18.7546,73.4062,45-54,family,comfortable,1,2024-04-28
u0000281,pilgrim,Maharashtra,west,19.8762,75.3433,25-34,couple,comfortable,1,2024-12-05
u0000282,pilgrim,Bihar,east,25.5941,85.1376,55+,solo,comfortable,1,2025-05-11
u0000283,heritage-seeker,Uttar Pradesh,central,25.4358,81.8463,55+,friends,comfortable,1,2024-03-12
u0000284,pilgrim,Chandigarh,north,30.7333,76.7794,35-44,family,shoestring,1,2024-03-20
u0000285,food-first,Uttar Pradesh,central,27.5806,77.7006,25-34,friends,moderate,1,2025-05-31
u0000286,family-holiday,Telangana,south,17.385,78.4867,45-54,solo,comfortable,3,2024-05-23
u0000287,pilgrim,Madhya Pradesh,central,25.3518,78.6417,35-44,friends,moderate,1,2024-03-30
u0000288,heritage-seeker,Uttar Pradesh,central,26.4499,80.3319,25-34,couple,moderate,1,2025-09-10
u0000289,pilgrim,Chandigarh,north,30.7333,76.7794,35-44,solo,comfortable,1,2024-02-20
u0000290,beach-and-slow,Kerala,south,11.6854,76.132,35-44,friends,moderate,2,2025-01-14
u0000291,family-holiday,Jammu and Kashmir,north,34.0837,74.7973,25-34,couple,moderate,2,2024-06-15
u0000292,mountain-walker,Gujarat,west,21.1702,72.8311,45-54,family,comfortable,2,2024-11-28
u0000293,beach-and-slow,Jammu and Kashmir,north,34.0837,74.7973,55+,family,shoestring,2,2024-03-09
u0000294,heritage-seeker,Karnataka,south,14.5479,74.3188,35-44,couple,shoestring,2,2024-09-26
u0000295,mountain-walker,Rajasthan,north,26.9157,70.9083,45-54,family,moderate,3,2025-07-15
u0000296,heritage-seeker,Karnataka,south,15.335,76.46,45-54,friends,comfortable,1,2024-12-03
u0000297,pilgrim,Himachal Pradesh,north,32.2464,78.0349,25-34,family,moderate,8,2025-08-21
u0000298,weekend-escaper,Odisha,east,20.2961,85.8245,18-24,friends,moderate,1,2025-04-25
u0000299,weekend-escaper,Uttarakhand,north,30.4598,78.0644,45-54,friends,comfortable,2,2024-04-11
u0000300,beach-and-slow,Gujarat,west,22.3072,73.1812,45-54,solo,shoestring,1,2024-03-10
u0000301,weekend-escaper,West Bengal,east,21.627,87.509,35-44,couple,comfortable,1,2024-12-07
u0000302,heritage-seeker,Arunachal Pradesh,northeast,27.586,91.859,55+,couple,moderate,3,2024-12-01
u0000303,food-first,Himachal Pradesh,north,32.2432,77.1892,18-24,family,comfortable,1,2024-07-19
u0000304,weekend-escaper,Himachal Pradesh,north,32.5387,75.9707,35-44,friends,moderate,1,2024-09-28
u0000305,heritage-seeker,Rajasthan,north,26.4899,74.5511,18-24,solo,moderate,7,2024-06-28
u0000306,mountain-walker,West Bengal,east,26.7271,88.3953,25-34,solo,moderate,2,2025-04-03
u0000307,heritage-seeker,Kerala,south,9.4981,76.3388,45-54,couple,moderate,5,2025-02-05
u0000308,beach-and-slow,Goa,west,15.4909,73.8278,25-34,solo,moderate,2,2025-02-08
u0000309,family-holiday,Tamil Nadu,south,10.7905,78.7047,55+,friends,premium,1,2025-06-05
u0000310,weekend-escaper,Rajasthan,north,24.5926,72.7156,25-34,family,moderate,3,2025-03-07
u0000311,family-holiday,Telangana,south,17.385,78.4867,18-24,family,moderate,4,2024-06-29
u0000312,heritage-seeker,Rajasthan,north,24.5854,73.7125,35-44,family,shoestring,1,2024-10-11
u0000313,beach-and-slow,Madhya Pradesh,central,26.2183,78.1828,45-54,family,comfortable,3,2025-04-23
u0000314,food-first,Maharashtra,west,18.6414,72.8722,55+,family,shoestring,2,2024-01-31
u0000315,mountain-walker,Tamil Nadu,south,9.9252,78.1198,55+,friends,comfortable,1,2025-06-04
u0000316,heritage-seeker,Himachal Pradesh,north,32.5387,75.9707,25-34,solo,comfortable,2,2025-08-31
u0000317,family-holiday,Chhattisgarh,central,21.2514,81.6296,45-54,family,shoestring,3,2025-07-13
u0000318,weekend-escaper,Uttar Pradesh,central,26.8467,80.9462,25-34,couple,premium,2,2024-10-11
u0000319,family-holiday,Assam,northeast,26.1445,91.7362,45-54,couple,moderate,1,2025-09-25
u0000320,heritage-seeker,Maharashtra,west,21.1458,79.0882,55+,couple,shoestring,1,2025-08-24
u0000321,beach-and-slow,Chandigarh,north,30.7333,76.7794,55+,family,shoestring,1,2025-07-03
u0000322,mountain-walker,Madhya Pradesh,central,25.3518,78.6417,18-24,family,comfortable,3,2024-02-06
u0000323,family-holiday,Uttar Pradesh,central,25.3176,82.9739,35-44,couple,moderate,1,2025-06-13
u0000324,family-holiday,Uttarakhand,north,30.529,79.5666,45-54,solo,moderate,1,2024-05-20
u0000325,food-first,Kerala,south,11.2588,75.7804,18-24,solo,moderate,1,2025-04-15
u0000326,weekend-escaper,Gujarat,west,22.3072,73.1812,55+,solo,premium,1,2025-09-05
u0000327,beach-and-slow,Sikkim,northeast,27.3,88.24,25-34,family,moderate,3,2024-09-26
u0000328,weekend-escaper,Maharashtra,west,18.6414,72.8722,55+,friends,comfortable,2,2024-06-23
u0000329,family-holiday,Karnataka,south,13.3161,75.772,25-34,couple,comfortable,1,2024-02-05
u0000330,heritage-seeker,Rajasthan,north,24.5926,72.7156,25-34,friends,moderate,1,2025-10-01
u0000331,mountain-walker,Rajasthan,north,28.0229,73.3119,55+,couple,moderate,1,2024-12-09
u0000332,family-holiday,Madhya Pradesh,central,22.7196,75.8577,55+,family,moderate,4,2025-09-28
u0000333,family-holiday,Madhya Pradesh,central,23.1765,75.7885,25-34,couple,moderate,1,2025-02-16
u0000334,family-holiday,Meghalaya,northeast,25.27,91.732,45-54,family,premium,2,2024-01-08
u0000335,food-first,Madhya Pradesh,central,23.2599,77.4126,35-44,family,shoestring,1,2024-07-30
u0000336,pilgrim,Sikkim,northeast,27.3314,88.6138,45-54,family,moderate,1,2025-03-01
u0000337,food-first,Chhattisgarh,central,21.2514,81.6296,45-54,solo,moderate,3,2025-06-01
u0000338,weekend-escaper,Tamil Nadu,south,9.9252,78.1198,25-34,couple,moderate,1,2025-04-09
u0000339,mountain-walker,Jharkhand,east,23.3441,85.3096,35-44,couple,moderate,1,2024-07-01
u0000340,weekend-escaper,Karnataka,south,15.335,76.46,18-24,solo,shoestring,2,2024-11-05
u0000341,heritage-seeker,Madhya Pradesh,central,24.8318,79.9199,55+,couple,shoestring,1,2025-04-04
u0000342,heritage-seeker,Bihar,east,25.5941,85.1376,25-34,couple,shoestring,1,2024-02-28
u0000343,heritage-seeker,Karnataka,south,15.918,75.685,35-44,couple,comfortable,2,2025-07-07
u0000344,food-first,Ladakh,north,34.1526,77.5771,35-44,solo,premium,1,2025-04-03
u0000345,food-first,Madhya Pradesh,central,23.1765,75.7885,18-24,friends,comfortable,3,2025-06-21
u0000346,mountain-walker,Chandigarh,north,30.7333,76.7794,35-44,solo,premium,1,2025-07-27
u0000347,mountain-walker,Tripura,northeast,23.8315,91.2868,55+,couple,comfortable,1,2024-10-13
u0000348,pilgrim,Kerala,south,8.7379,76.7163,25-34,friends,comfortable,1,2025-08-20
u0000349,heritage-seeker,Sikkim,northeast,27.3314,88.6138,45-54,family,moderate,5,2024-04-06
u0000350,beach-and-slow,Himachal Pradesh,north,32.2464,78.0349,55+,friends,moderate,1,2025-08-10
u0000351,pilgrim,Puducherry,south,11.9416,79.8083,25-34,friends,moderate,1,2024-05-14
u0000352,weekend-escaper,Jammu and Kashmir,north,34.0837,74.7973,55+,family,moderate,1,2024-04-21
u0000353,food-first,Assam,northeast,26.5775,93.1711,25-34,solo,comfortable,12,2024-05-27
u0000354,food-first,Rajasthan,north,26.9157,70.9083,25-34,solo,shoestring,1,2024-10-05
u0000355,food-first,Delhi,north,28.6139,77.209,55+,solo,shoestring,1,2024-06-27
u0000356,heritage-seeker,Tamil Nadu,south,11.0168,76.9558,25-34,family,comfortable,3,2024-08-09
u0000357,food-first,Karnataka,south,14.5479,74.3188,55+,friends,comfortable,2,2025-08-06
u0000358,heritage-seeker,Andhra Pradesh,south,13.6288,79.4192,45-54,couple,comfortable,2,2024-05-23
u0000359,heritage-seeker,Karnataka,south,13.3161,75.772,35-44,solo,moderate,1,2025-06-09
u0000360,weekend-escaper,Andhra Pradesh,south,13.6288,79.4192,55+,family,premium,1,2024-05-14
u0000361,family-holiday,Bihar,east,25.1367,85.4438,25-34,friends,moderate,1,2025-08-26
u0000362,heritage-seeker,Uttarakhand,north,29.53,78.7747,35-44,solo,moderate,18,2024-10-10
u0000363,pilgrim,Kerala,south,9.5916,77.1603,18-24,friends,comfortable,2,2024-01-13
u0000364,mountain-walker,Tamil Nadu,south,10.2381,77.4892,35-44,solo,comfortable,1,2024-08-13
u0000365,family-holiday,Uttar Pradesh,central,26.7922,82.1998,45-54,couple,shoestring,2,2024-09-24
u0000366,weekend-escaper,Maharashtra,west,19.9975,73.7898,45-54,family,comfortable,1,2024-03-12
u0000367,beach-and-slow,Manipur,northeast,24.817,93.9368,18-24,couple,comfortable,1,2025-05-19
u0000368,weekend-escaper,Chandigarh,north,30.7333,76.7794,25-34,solo,shoestring,1,2025-07-18
u0000369,family-holiday,Uttarakhand,north,27.4924,77.6737,45-54,family,comfortable,1,2024-04-26
u0000370,weekend-escaper,Rajasthan,north,26.4499,74.6399,55+,family,comfortable,3,2024-07-20
u0000371,beach-and-slow,Uttarakhand,north,29.3803,79.4636,45-54,friends,moderate,1,2025-07-18
u0000372,heritage-seeker,Assam,northeast,26.95,94.17,18-24,solo,comfortable,1,2025-08-03
u0000373,heritage-seeker,Gujarat,west,23.2156,72.6369,35-44,family,premium,1,2024-07-10
u0000374,heritage-seeker,Maharashtra,west,19.7645,74.4762,35-44,couple,moderate,1,2024-12-20
u0000375,family-holiday,Maharashtra,west,17.9307,73.6477,45-54,family,premium,1,2024-09-27
u0000376,heritage-seeker,Madhya Pradesh,central,25.3518,78.6417,55+,solo,moderate,2,2024-12-12
u0000377,heritage-seeker,Kerala,south,8.7379,76.7163,55+,family,moderate,1,2024-09-26
u0000378,beach-and-slow,Uttarakhand,north,29.9457,78.1642,25-34,family,comfortable,3,2025-07-15
u0000379,heritage-seeker,Rajasthan,north,28.0229,73.3119,45-54,friends,shoestring,1,2024-08-28
u0000380,pilgrim,Maharashtra,west,19.9975,73.7898,55+,friends,comfortable,2,2025-01-18
u0000381,beach-and-slow,Gujarat,west,22.2394,68.9678,35-44,friends,shoestring,1,2024-10-04
u0000382,food-first,Uttarakhand,north,30.3165,78.0322,35-44,solo,moderate,7,2025-07-26
u0000383,heritage-seeker,Odisha,east,20.2961,85.8245,18-24,family,comfortable,1,2025-06-06
u0000384,pilgrim,Karnataka,south,15.918,75.685,55+,couple,comfortable,6,2024-02-12
u0000385,food-first,Punjab,north,31.634,74.8723,45-54,family,moderate,1,2025-03-23
u0000386,weekend-escaper,Madhya Pradesh,central,22.7196,75.8577,55+,solo,moderate,1,2025-03-27
u0000387,family-holiday,Himachal Pradesh,north,32.01,77.3152,55+,family,moderate,2,2024-07-18
u0000388,food-first,Rajasthan,north,26.4499,74.6399,35-44,friends,moderate,19,2025-07-17
u0000389,food-first,Uttarakhand,north,30.3165,78.0322,18-24,solo,moderate,1,2024-08-08
u0000390,food-first,Uttarakhand,north,30.3165,78.0322,18-24,friends,premium,2,2025-03-08
u0000391,weekend-escaper,Kerala,south,9.5916,77.1603,55+,solo,comfortable,1,2025-06-02
u0000392,food-first,Rajasthan,north,26.4899,74.5511,35-44,solo,moderate,1,2024-06-18
u0000393,pilgrim,Gujarat,west,21.1702,72.8311,25-34,couple,shoestring,1,2025-08-13
u0000394,family-holiday,Sikkim,northeast,27.3,88.24,45-54,couple,premium,1,2024-06-06
u0000395,heritage-seeker,Tamil Nadu,south,10.7905,78.7047,45-54,friends,comfortable,1,2025-02-23
u0000396,weekend-escaper,Karnataka,south,12.9141,74.856,45-54,couple,comfortable,3,2024-02-26
u0000397,beach-and-slow,Odisha,east,20.2961,85.8245,55+,couple,moderate,3,2024-06-15
u0000398,family-holiday,Rajasthan,north,24.5926,72.7156,45-54,friends,comfortable,2,2024-07-14
u0000399,heritage-seeker,Madhya Pradesh,central,23.1815,79.9864,45-54,friends,moderate,1,2024-07-27
u0000400,food-first,Tamil Nadu,south,10.2381,77.4892,18-24,solo,moderate,1,2024-02-22
u0000401,family-holiday,Meghalaya,northeast,25.5788,91.8933,25-34,family,shoestring,2,2024-03-23
u0000402,mountain-walker,Madhya Pradesh,central,23.4794,77.7392,55+,family,shoestring,1,2025-01-30
u0000403,pilgrim,Tamil Nadu,south,13.0827,80.2707,45-54,couple,moderate,2,2024-01-03
u0000404,pilgrim,Uttar Pradesh,central,26.7922,82.1998,35-44,couple,moderate,1,2024-11-12
u0000405,family-holiday,Gujarat,west,20.888,70.401,45-54,family,moderate,5,2025-05-16
u0000406,weekend-escaper,Madhya Pradesh,central,23.4794,77.7392,45-54,couple,comfortable,1,2024-02-19
u0000407,beach-and-slow,Gujarat,west,21.1702,72.8311,25-34,family,shoestring,1,2024-02-05
u0000408,food-first,Assam,northeast,26.1445,91.7362,45-54,friends,moderate,2,2025-04-07
u0000409,pilgrim,Tamil Nadu,south,10.7905,78.7047,25-34,couple,premium,2,2024-08-06
u0000410,heritage-seeker,Rajasthan,north,24.5926,72.7156,18-24,solo,moderate,1,2024-05-05
u0000411,heritage-seeker,Jammu and Kashmir,north,34.0837,74.7973,18-24,solo,moderate,2,2025-06-02
u0000412,weekend-escaper,Tamil Nadu,south,11.0168,76.9558,35-44,friends,shoestring,2,2024-12-04
u0000413,mountain-walker,Rajasthan,north,25.4305,75.6499,45-54,couple,moderate,6,2024-11-02
u0000414,family-holiday,Madhya Pradesh,central,23.4794,77.7392,35-44,solo,shoestring,2,2025-07-16
u0000415,heritage-seeker,Rajasthan,north,24.5854,73.7125,55+,friends,moderate,1,2024-08-20
u0000416,family-holiday,Tamil Nadu,south,10.7905,78.7047,45-54,couple,moderate,1,2024-01-14
u0000417,food-first,Puducherry,south,11.9416,79.8083,45-54,solo,shoestring,1,2024-10-03
u0000418,family-holiday,Punjab,north,31.634,74.8723,55+,solo,comfortable,2,2024-12-30
u0000419,mountain-walker,Maharashtra,west,19.7645,74.4762,55+,family,moderate,1,2024-10-17
u0000420,mountain-walker,Tamil Nadu,south,13.0827,80.2707,18-24,solo,shoestring,1,2024-05-31
u0000421,family-holiday,Madhya Pradesh,central,24.8318,79.9199,18-24,couple,moderate,3,2024-12-13
u0000422,mountain-walker,Karnataka,south,12.9141,74.856,45-54,family,moderate,4,2024-10-01
u0000423,mountain-walker,Chandigarh,north,30.7333,76.7794,45-54,couple,comfortable,1,2025-06-18
u0000424,food-first,Uttarakhand,north,29.3803,79.4636,55+,couple,moderate,1,2025-08-26
u0000425,heritage-seeker,Kerala,south,9.4981,76.3388,45-54,couple,moderate,1,2025-08-26
u0000426,heritage-seeker,Madhya Pradesh,central,24.8318,79.9199,25-34,family,comfortable,2,2024-06-09
u0000427,mountain-walker,Karnataka,south,12.2958,76.6394,55+,couple,comfortable,4,2024-08-23
u0000428,beach-and-slow,Maharashtra,west,21.1458,79.0882,55+,solo,moderate,2,2024-08-20
u0000429,heritage-seeker,Chandigarh,north,30.7333,76.7794,25-34,couple,comfortable,2,2024-07-25
u0000430,beach-and-slow,Karnataka,south,12.2958,76.6394,18-24,couple,moderate,1,2025-06-05
u0000431,mountain-walker,Madhya Pradesh,central,24.8318,79.9199,18-24,friends,comfortable,1,2024-01-10
u0000432,heritage-seeker,Tamil Nadu,south,13.0827,80.2707,45-54,family,shoestring,1,2025-07-20
u0000433,family-holiday,Tamil Nadu,south,11.0168,76.9558,18-24,family,moderate,1,2024-07-30
u0000434,beach-and-slow,Uttar Pradesh,central,26.4499,80.3319,35-44,family,shoestring,2,2024-08-07
u0000435,weekend-escaper,Gujarat,west,23.7333,69.8597,35-44,solo,comfortable,3,2025-05-29
u0000436,beach-and-slow,Goa,west,15.4909,73.8278,35-44,couple,comfortable,1,2024-07-03
u0000437,family-holiday,Karnataka,south,13.3161,75.772,55+,solo,moderate,2,2024-08-16
u0000438,pilgrim,Karnataka,south,14.5479,74.3188,25-34,family,moderate,3,2024-04-10
u0000439,mountain-walker,Uttar Pradesh,central,26.7922,82.1998,25-34,family,shoestring,1,2024-11-14
u0000440,beach-and-slow,Karnataka,south,13.3161,75.772,25-34,family,premium,1,2025-02-23
u0000441,heritage-seeker,Himachal Pradesh,north,32.5387,75.9707,25-34,solo,shoestring,1,2024-10-14
u0000442,weekend-escaper,Himachal Pradesh,north,32.219,76.3234,55+,family,moderate,2,2024-08-25
u0000443,mountain-walker,Kerala,south,9.9312,76.2673,45-54,family,moderate,1,2025-06-25
u0000444,family-holiday,Rajasthan,north,25.4305,75.6499,25-34,solo,shoestring,1,2024-12-27
u0000445,heritage-seeker,Madhya Pradesh,central,25.3518,78.6417,45-54,couple,comfortable,3,2024-10-06
u0000446,weekend-escaper,Meghalaya,northeast,25.5788,91.8933,55+,couple,comfortable,1,2024-10-18
u0000447,pilgrim,Uttar Pradesh,central,26.8467,80.9462,45-54,couple,comfortable,1,2024-11-13
u0000448,pilgrim,Odisha,east,20.2961,85.8245,25-34,friends,shoestring,1,2024-07-03
u0000449,pilgrim,West Bengal,east,27.06,88.47,18-24,friends,comfortable,5,2024-03-10
u0000450,mountain-walker,Madhya Pradesh,central,23.1815,79.9864,25-34,family,moderate,11,2024-04-30
u0000451,pilgrim,West Bengal,east,21.627,87.509,18-24,couple,comfortable,1,2025-06-23
u0000452,mountain-walker,Bihar,east,24.6961,84.9911,18-24,family,moderate,1,2025-01-01
u0000453,heritage-seeker,Arunachal Pradesh,northeast,27.586,91.859,55+,family,moderate,19,2025-07-01
u0000454,weekend-escaper,Uttar Pradesh,central,27.1767,78.0081,25-34,family,premium,2,2024-04-21
u0000455,food-first,Himachal Pradesh,north,32.01,77.3152,35-44,friends,shoestring,1,2025-06-09
u0000456,heritage-seeker,Karnataka,south,12.3375,75.8069,45-54,family,comfortable,2,2024-09-22
u0000457,pilgrim,Tamil Nadu,south,13.0827,80.2707,18-24,family,moderate,1,2024-03-19
u0000458,mountain-walker,West Bengal,east,21.627,87.509,55+,couple,shoestring,1,2025-09-30
u0000459,mountain-walker,Uttarakhand,north,29.53,78.7747,45-54,friends,comfortable,1,2024-08-15
u0000460,family-holiday,Himachal Pradesh,north,32.2464,78.0349,55+,family,moderate,3,2025-03-16
u0000461,pilgrim,Assam,northeast,26.5775,93.1711,18-24,solo,moderate,1,2024-08-15
u0000462,weekend-escaper,Ladakh,north,34.6868,77.5619,35-44,family,premium,1,2024-12-17
u0000463,family-holiday,Uttarakhand,north,29.3803,79.4636,55+,family,premium,1,2025-06-19
u0000464,heritage-seeker,Karnataka,south,15.2689,76.3909,55+,family,shoestring,3,2024-01-13
u0000465,heritage-seeker,Nagaland,northeast,25.6751,94.11,35-44,couple,shoestring,3,2024-10-24
u0000466,mountain-walker,Madhya Pradesh,central,25.3518,78.6417,55+,solo,shoestring,3,2025-08-02
u0000467,mountain-walker,Himachal Pradesh,north,32.2432,77.1892,25-34,friends,shoestring,1,2024-11-11
u0000468,weekend-escaper,Kerala,south,11.2588,75.7804,45-54,couple,premium,1,2024-06-22
u0000469,heritage-seeker,Uttarakhand,north,27.4924,77.6737,18-24,family,shoestring,1,2024-04-11
u0000470,pilgrim,Madhya Pradesh,central,26.2183,78.1828,18-24,family,shoestring,1,2025-06-09
u0000471,weekend-escaper,Tamil Nadu,south,10.2381,77.4892,35-44,solo,premium,1,2024-07-06
u0000472,beach-and-slow,Mizoram,northeast,23.7271,92.7176,45-54,solo,moderate,2,2024-01-15
u0000473,family-holiday,Madhya Pradesh,central,23.2599,77.4126,45-54,family,shoestring,1,2025-09-12
u0000474,food-first,Mizoram,northeast,23.7271,92.7176,25-34,couple,comfortable,1,2025-05-14
u0000475,family-holiday,Puducherry,south,11.9416,79.8083,18-24,couple,shoestring,1,2025-07-23
u0000476,family-holiday,Gujarat,west,23.7333,69.8597,35-44,friends,shoestring,1,2025-04-04
u0000477,heritage-seeker,Madhya Pradesh,central,23.4794,77.7392,35-44,family,comfortable,1,2024-10-16
u0000478,food-first,Andhra Pradesh,south,17.6868,83.2185,45-54,family,premium,1,2024-04-10
u0000479,heritage-seeker,Rajasthan,north,26.4499,74.6399,55+,couple,moderate,2,2024-01-19
u0000480,food-first,Kerala,south,9.5916,77.1603,25-34,solo,premium,2,2025-06-22
u0000481,mountain-walker,Andaman and Nicobar Islands,south,11.6234,92.7265,25-34,friends,shoestring,1,2025-02-20
u0000482,weekend-escaper,Tripura,northeast,23.8315,91.2868,35-44,family,moderate,1,2025-02-03
u0000483,beach-and-slow,Mizoram,northeast,23.7271,92.7176,18-24,couple,comfortable,2,2024-02-21
u0000484,weekend-escaper,Madhya Pradesh,central,23.2599,77.4126,35-44,solo,shoestring,1,2024-09-26
u0000485,heritage-seeker,Kerala,south,10.0889,77.0595,45-54,family,comfortable,1,2024-06-28
u0000486,pilgrim,Gujarat,west,22.3072,73.1812,35-44,friends,comfortable,1,2025-02-07
u0000487,weekend-escaper,Odisha,east,19.8876,86.0945,45-54,solo,comfortable,1,2025-04-25
u0000488,pilgrim,Madhya Pradesh,central,23.1815,79.9864,55+,solo,moderate,1,2024-06-26
u0000489,weekend-escaper,Uttarakhand,north,30.3165,78.0322,45-54,solo,comfortable,7,2024-05-13
u0000490,family-holiday,Kerala,south,9.5916,77.1603,35-44,couple,moderate,1,2025-09-05
u0000491,mountain-walker,Kerala,south,9.5916,77.1603,45-54,family,shoestring,1,2024-11-14
u0000492,beach-and-slow,Arunachal Pradesh,northeast,27.586,91.859,25-34,solo,comfortable,2,2025-03-13
u0000493,family-holiday,Andhra Pradesh,south,16.5062,80.648,55+,couple,shoestring,1,2025-07-22
u0000494,mountain-walker,Uttarakhand,north,27.4924,77.6737,18-24,couple,shoestring,2,2024-11-07
u0000495,weekend-escaper,Manipur,northeast,24.817,93.9368,25-34,couple,moderate,1,2025-07-22
u0000496,heritage-seeker,Tamil Nadu,south,10.2381,77.4892,45-54,friends,premium,1,2024-05-02
u0000497,family-holiday,Meghalaya,northeast,25.27,91.732,35-44,family,shoestring,1,2024-01-05
u0000498,family-holiday,Maharashtra,west,18.7546,73.4062,35-44,solo,comfortable,11,2025-02-22
u0000499,beach-and-slow,Maharashtra,west,17.9307,73.6477,35-44,friends,moderate,11,2024-05-29
u0000500,heritage-seeker,Uttarakhand,north,30.4598,78.0644,35-44,family,shoestring,1,2024-12-26
u0000501,weekend-escaper,Rajasthan,north,26.838,70.9,55+,solo,shoestring,4,2024-11-29
u0000502,family-holiday,Tamil Nadu,south,9.9252,78.1198,45-54,solo,comfortable,1,2025-01-01
u0000503,pilgrim,Tamil Nadu,south,11.3494,76.7956,35-44,family,moderate,2,2025-03-21
u0000504,food-first,Chhattisgarh,central,21.2514,81.6296,45-54,couple,shoestring,1,2024-04-27
u0000505,beach-and-slow,Uttarakhand,north,30.3165,78.0322,55+,couple,moderate,2,2024-03-23
u0000506,mountain-walker,Tamil Nadu,south,11.0168,76.9558,18-24,couple,moderate,3,2025-06-21
u0000507,pilgrim,Kerala,south,11.2588,75.7804,45-54,couple,moderate,1,2025-06-08
u0000508,weekend-escaper,Chandigarh,north,30.7333,76.7794,18-24,friends,moderate,1,2025-05-03
u0000509,mountain-walker,Madhya Pradesh,central,23.4794,77.7392,25-34,family,comfortable,1,2025-03-01
u0000510,mountain-walker,Uttarakhand,north,30.529,79.5666,25-34,solo,comfortable,1,2024-02-01
u0000511,heritage-seeker,Tamil Nadu,south,11.3494,76.7956,35-44,family,shoestring,2,2024-03-30
u0000512,weekend-escaper,Maharashtra,west,19.9975,73.7898,25-34,family,comfortable,1,2024-11-02
u0000513,weekend-escaper,Rajasthan,north,26.4499,74.6399,35-44,couple,shoestring,1,2024-04-11
u0000514,weekend-escaper,Madhya Pradesh,central,24.8318,79.9199,25-34,couple,shoestring,1,2024-03-21
u0000515,mountain-walker,Maharashtra,west,17.9307,73.6477,55+,family,comfortable,1,2025-08-15
u0000516,heritage-seeker,Karnataka,south,12.9716,77.5946,18-24,solo,moderate,1,2024-07-06
u0000517,beach-and-slow,Maharashtra,west,19.076,72.8777,25-34,solo,shoestring,1,2025-03-20
u0000518,mountain-walker,Uttar Pradesh,central,27.5806,77.7006,25-34,couple,comfortable,1,2024-06-08
u0000519,beach-and-slow,Karnataka,south,12.9716,77.5946,18-24,couple,comfortable,1,2024-04-23
u0000520,family-holiday,Himachal Pradesh,north,32.2464,78.0349,45-54,solo,comfortable,1,2024-10-29
u0000521,weekend-escaper,Madhya Pradesh,central,24.8318,79.9199,45-54,friends,shoestring,1,2024-02-20
u0000522,heritage-seeker,Kerala,south,8.5241,76.9366,35-44,solo,moderate,2,2024-03-08
u0000523,mountain-walker,Rajasthan,north,28.0229,73.3119,25-34,family,premium,1,2024-07-14
u0000524,weekend-escaper,Maharashtra,west,19.7645,74.4762,55+,friends,shoestring,1,2024-12-21
u0000525,weekend-escaper,Punjab,north,31.634,74.8723,18-24,family,premium,2,2024-11-03
u0000526,heritage-seeker,Meghalaya,northeast,25.27,91.732,25-34,solo,moderate,1,2024-05-28
u0000527,heritage-seeker,Bihar,east,25.5941,85.1376,45-54,family,premium,1,2025-08-15
u0000528,weekend-escaper,Himachal Pradesh,north,32.2464,78.0349,55+,solo,moderate,1,2025-05-13
u0000529,beach-and-slow,Andhra Pradesh,south,17.6868,83.2185,45-54,family,moderate,1,2024-03-04
u0000530,weekend-escaper,Madhya Pradesh,central,22.7196,75.8577,35-44,family,moderate,3,2025-02-05
u0000531,heritage-seeker,Rajasthan,north,26.9157,70.9083,45-54,solo,shoestring,1,2024-10-22
u0000532,heritage-seeker,Tamil Nadu,south,11.3494,76.7956,18-24,family,shoestring,3,2024-12-15
u0000533,food-first,Himachal Pradesh,north,32.2432,77.1892,45-54,friends,premium,1,2024-12-23
u0000534,heritage-seeker,Kerala,south,11.2588,75.7804,35-44,solo,shoestring,1,2025-06-20
u0000535,heritage-seeker,Andaman and Nicobar Islands,south,11.6234,92.7265,18-24,family,moderate,4,2024-05-09
u0000536,mountain-walker,Sikkim,northeast,27.3,88.24,18-24,family,premium,1,2025-09-12
u0000537,mountain-walker,Maharashtra,west,18.5204,73.8567,18-24,couple,moderate,1,2025-04-01
u0000538,food-first,Karnataka,south,13.3409,74.7421,35-44,family,moderate,1,2024-09-11
u0000539,mountain-walker,Uttar Pradesh,central,26.4499,80.3319,18-24,couple,comfortable,2,2024-08-11
u0000540,food-first,Assam,northeast,26.95,94.17,18-24,family,premium,2,2024-01-27
u0000541,weekend-escaper,Maharashtra,west,19.076,72.8777,55+,family,comfortable,1,2025-08-09
u0000542,heritage-seeker,Kerala,south,8.4004,76.9784,18-24,family,shoestring,1,2024-11-29
u0000543,beach-and-slow,Rajasthan,north,28.0229,73.3119,25-34,family,shoestring,1,2024-07-19
u0000544,beach-and-slow,Gujarat,west,23.0225,72.5714,55+,family,moderate,1,2024-12-29
u0000545,food-first,Meghalaya,northeast,25.27,91.732,18-24,family,moderate,5,2025-07-14
u0000546,family-holiday,Rajasthan,north,25.4305,75.6499,35-44,solo,comfortable,1,2024-11-06
u0000547,family-holiday,West Bengal,east,27.06,88.47,18-24,solo,premium,1,2025-02-18
u0000548,weekend-escaper,Rajasthan,north,26.9124,75.7873,55+,family,moderate,28,2024-10-02
u0000549,pilgrim,Himachal Pradesh,north,32.2464,78.0349,35-44,family,comfortable,1,2024-02-25
u0000550,pilgrim,Gujarat,west,23.2156,72.6369,55+,family,moderate,1,2024-09-03
u0000551,pilgrim,Tamil Nadu,south,11.4102,76.695,18-24,couple,shoestring,1,2025-08-21
u0000552,weekend-escaper,Tamil Nadu,south,9.9252,78.1198,25-34,couple,comfortable,1,2025-01-27
u0000553,mountain-walker,Gujarat,west,23.0225,72.5714,55+,solo,comfortable,1,2024-12-22
u0000554,weekend-escaper,Odisha,east,19.8135,85.8312,18-24,solo,comfortable,4,2025-01-17
u0000555,beach-and-slow,Karnataka,south,13.3409,74.7421,25-34,couple,shoestring,1,2025-02-14
u0000556,mountain-walker,Bihar,east,24.6961,84.9911,25-34,couple,moderate,1,2025-07-29
u0000557,food-first,Assam,northeast,26.5775,93.1711,45-54,family,premium,1,2024-02-20
u0000558,mountain-walker,Rajasthan,north,26.838,70.9,35-44,friends,moderate,14,2025-04-07
u0000559,family-holiday,Meghalaya,northeast,25.27,91.732,18-24,friends,moderate,1,2025-05-06
u0000560,food-first,Gujarat,west,23.7333,69.8597,25-34,couple,shoestring,1,2025-05-28
u0000561,food-first,Karnataka,south,14.5479,74.3188,45-54,family,moderate,1,2024-10-27
u0000562,food-first,Rajasthan,north,26.838,70.9,18-24,family,shoestring,1,2025-09-01
u0000563,family-holiday,Tamil Nadu,south,8.0883,77.5385,35-44,couple,moderate,1,2025-02-17
u0000564,beach-and-slow,Madhya Pradesh,central,23.1765,75.7885,25-34,couple,comfortable,1,2024-04-25
u0000565,food-first,Kerala,south,8.5241,76.9366,35-44,friends,comfortable,1,2025-02-15
u0000566,family-holiday,Arunachal Pradesh,northeast,27.0844,93.6053,55+,couple,moderate,1,2025-01-13
u0000567,pilgrim,Uttar Pradesh,central,26.4499,80.3319,35-44,couple,moderate,4,2025-06-28
u0000568,food-first,Chhattisgarh,central,21.2514,81.6296,18-24,solo,moderate,1,2024-09-11
u0000569,pilgrim,Assam,northeast,26.5775,93.1711,55+,couple,premium,1,2024-08-03
u0000570,mountain-walker,Madhya Pradesh,central,23.2599,77.4126,18-24,solo,premium,1,2024-05-22
u0000571,weekend-escaper,Uttarakhand,north,29.3803,79.4636,45-54,couple,comfortable,1,2025-06-12
u0000572,weekend-escaper,Himachal Pradesh,north,31.1048,77.1734,55+,solo,comfortable,1,2024-12-18
u0000573,family-holiday,Himachal Pradesh,north,32.219,76.3234,18-24,family,comfortable,1,2024-04-01
u0000574,food-first,Tamil Nadu,south,11.3494,76.7956,35-44,couple,premium,1,2024-09-16
u0000575,pilgrim,Maharashtra,west,17.9307,73.6477,55+,family,moderate,10,2024-06-08
u0000576,heritage-seeker,Tamil Nadu,south,11.0168,76.9558,25-34,solo,premium,1,2025-07-26
u0000577,heritage-seeker,Madhya Pradesh,central,23.4794,77.7392,35-44,family,moderate,3,2025-06-05
u0000578,family-holiday,Mizoram,northeast,23.7271,92.7176,25-34,family,comfortable,3,2024-08-22
u0000579,weekend-escaper,West Bengal,east,27.06,88.47,55+,couple,moderate,2,2024-06-02
u0000580,family-holiday,Tripura,northeast,23.8315,91.2868,25-34,couple,shoestring,2,2024-09-12
u0000581,pilgrim,Kerala,south,11.6854,76.132,55+,family,shoestring,1,2024-06-09
u0000582,mountain-walker,Himachal Pradesh,north,32.5387,75.9707,45-54,family,moderate,1,2024-08-15
u0000583,family-holiday,Assam,northeast,26.95,94.17,18-24,friends,moderate,1,2025-02-02
u0000584,food-first,Bihar,east,25.1367,85.4438,55+,family,shoestring,9,2024-07-30
u0000585,heritage-seeker,Goa,west,15.2993,74.124,18-24,family,shoestring,1,2024-08-10
u0000586,mountain-walker,West Bengal,east,21.627,87.509,55+,family,shoestring,2,2024-07-27
u0000587,beach-and-slow,Himachal Pradesh,north,32.2432,77.1892,35-44,family,premium,1,2025-09-07
u0000588,weekend-escaper,Sikkim,northeast,27.3,88.24,55+,friends,comfortable,5,2025-03-27
u0000589,family-holiday,Madhya Pradesh,central,24.8318,79.9199,55+,couple,comfortable,1,2024-12-13
u0000590,family-holiday,Uttarakhand,north,29.3803,79.4636,35-44,solo,shoestring,1,2024-09-15
u0000591,beach-and-slow,Sikkim,northeast,27.3,88.24,25-34,family,moderate,1,2024-08-03
u0000592,heritage-seeker,Kerala,south,9.5916,77.1603,55+,solo,moderate,1,2025-04-14
u0000593,pilgrim,Rajasthan,north,26.4899,74.5511,18-24,couple,shoestring,6,2024-01-05
u0000594,mountain-walker,Karnataka,south,15.335,76.46,45-54,friends,moderate,1,2025-05-01
u0000595,mountain-walker,Kerala,south,9.9312,76.2673,25-34,couple,shoestring,1,2024-09-26
u0000596,family-holiday,Uttarakhand,north,29.3803,79.4636,35-44,couple,comfortable,1,2024-09-29
u0000597,weekend-escaper,Tamil Nadu,south,11.0168,76.9558,35-44,solo,premium,1,2025-04-25
u0000598,mountain-walker,Jammu and Kashmir,north,32.7266,74.857,55+,friends,moderate,6,2024-09-01
u0000599,heritage-seeker,Kerala,south,11.6854,76.132,55+,solo,comfortable,1,2024-11-29
u0000600,beach-and-slow,Odisha,east,19.8876,86.0945,45-54,solo,shoestring,4,2024-05-13
u0000601,weekend-escaper,Tamil Nadu,south,9.9252,78.1198,25-34,friends,premium,2,2025-02-13
u0000602,mountain-walker,Uttar Pradesh,central,25.3176,82.9739,25-34,family,moderate,9,2024-01-25
u0000603,weekend-escaper,Gujarat,west,22.3072,73.1812,55+,couple,shoestring,1,2025-09-24
u0000604,food-first,Uttar Pradesh,central,25.4358,81.8463,18-24,solo,shoestring,1,2024-01-18
u0000605,pilgrim,Madhya Pradesh,central,23.4794,77.7392,35-44,family,comfortable,1,2024-11-30
u0000606,family-holiday,Bihar,east,25.5941,85.1376,35-44,family,shoestring,1,2024-08-29
u0000607,weekend-escaper,Rajasthan,north,28.0229,73.3119,25-34,solo,moderate,2,2024-03-30
u0000608,food-first,Tripura,northeast,23.8315,91.2868,45-54,friends,shoestring,1,2024-05-16
u0000609,heritage-seeker,Rajasthan,north,26.838,70.9,25-34,solo,moderate,1,2025-07-08
u0000610,weekend-escaper,Jammu and Kashmir,north,34.0837,74.7973,18-24,solo,shoestring,2,2024-06-15
u0000611,heritage-seeker,Karnataka,south,12.3375,75.8069,45-54,couple,moderate,1,2025-04-13
u0000612,mountain-walker,Gujarat,west,20.888,70.401,55+,couple,moderate,16,2024-08-18
u0000613,family-holiday,Karnataka,south,13.3409,74.7421,25-34,solo,shoestring,1,2024-08-16
u0000614,beach-and-slow,Jammu and Kashmir,north,32.7266,74.857,55+,solo,comfortable,1,2024-10-25
u0000615,family-holiday,Mizoram,northeast,23.7271,92.7176,45-54,couple,comfortable,1,2024-04-10
u0000616,beach-and-slow,Tamil Nadu,south,12.6269,80.1927,18-24,couple,moderate,4,2024-08-01
u0000617,beach-and-slow,Maharashtra,west,17.9307,73.6477,18-24,friends,moderate,1,2024-09-15
u0000618,family-holiday,Uttarakhand,north,30.529,79.5666,45-54,friends,shoestring,1,2025-07-04
u0000619,beach-and-slow,Maharashtra,west,17.9307,73.6477,55+,solo,comfortable,2,2025-08-08
u0000620,heritage-seeker,Jharkhand,east,23.3441,85.3096,45-54,family,shoestring,2,2025-06-15
u0000621,pilgrim,Himachal Pradesh,north,32.2432,77.1892,35-44,family,shoestring,2,2025-07-03
u0000622,mountain-walker,Andaman and Nicobar Islands,south,11.6234,92.7265,45-54,friends,shoestring,1,2024-07-23
u0000623,family-holiday,Maharashtra,west,18.7546,73.4062,35-44,couple,shoestring,1,2025-01-15
u0000624,pilgrim,Gujarat,west,22.2394,68.9678,55+,family,premium,1,2024-10-10
u0000625,food-first,Madhya Pradesh,central,25.3518,78.6417,55+,friends,shoestring,1,2024-08-22
u0000626,weekend-escaper,West Bengal,east,21.627,87.509,18-24,solo,moderate,1,2024-09-29
u0000627,pilgrim,Madhya Pradesh,central,23.2599,77.4126,18-24,solo,moderate,1,2024-04-12
u0000628,beach-and-slow,Andhra Pradesh,south,16.5062,80.648,35-44,solo,premium,1,2025-04-09
u0000629,food-first,Ladakh,north,34.6868,77.5619,25-34,family,moderate,2,2024-06-22
u0000630,weekend-escaper,Ladakh,north,34.6868,77.5619,35-44,couple,comfortable,2,2024-09-27
u0000631,food-first,Goa,west,15.4909,73.8278,25-34,family,premium,2,2025-06-02
u0000632,beach-and-slow,Jharkhand,east,23.3441,85.3096,35-44,solo,premium,20,2024-09-23
u0000633,mountain-walker,Karnataka,south,15.918,75.685,18-24,solo,comfortable,4,2024-11-16
u0000634,mountain-walker,Tripura,northeast,23.8315,91.2868,55+,couple,moderate,1,2024-02-04
u0000635,food-first,Goa,west,15.4909,73.8278,18-24,couple,moderate,3,2025-09-01
u0000636,beach-and-slow,Uttarakhand,north,27.4924,77.6737,18-24,solo,comfortable,1,2025-06-08
u0000637,mountain-walker,Assam,northeast,26.95,94.17,25-34,solo,comfortable,1,2024-10-04
u0000638,food-first,Uttarakhand,north,30.4598,78.0644,25-34,solo,comfortable,2,2024-09-24
u0000639,family-holiday,Uttar Pradesh,central,25.4358,81.8463,55+,couple,premium,1,2025-09-09
u0000640,beach-and-slow,Rajasthan,north,24.8887,74.6269,55+,solo,moderate,1,2025-06-15
u0000641,heritage-seeker,Karnataka,south,14.5479,74.3188,25-34,family,moderate,1,2025-07-07
u0000642,mountain-walker,Karnataka,south,14.5479,74.3188,55+,friends,moderate,1,2024-12-31
u0000643,family-holiday,Kerala,south,9.4981,76.3388,45-54,solo,moderate,1,2024-06-10
u0000644,heritage-seeker,Odisha,east,19.8135,85.8312,55+,friends,moderate,1,2025-03-15
u0000645,beach-and-slow,Maharashtra,west,21.1458,79.0882,45-54,couple,moderate,1,2025-03-08
u0000646,mountain-walker,Rajasthan,north,28.0229,73.3119,45-54,family,moderate,2,2024-11-01
u0000647,pilgrim,Himachal Pradesh,north,31.1048,77.1734,55+,friends,moderate,3,2025-02-26
u0000648,food-first,Tamil Nadu,south,13.0827,80.2707,35-44,solo,premium,1,2024-08-11
u0000649,heritage-seeker,Uttar Pradesh,central,25.3176,82.9739,55+,couple,moderate,1,2024-10-28
u0000650,family-holiday,Jammu and Kashmir,north,34.0837,74.7973,55+,family,moderate,1,2025-04-13
u0000651,beach-and-slow,Bihar,east,25.5941,85.1376,25-34,couple,shoestring,1,2025-07-26
u0000652,family-holiday,Tamil Nadu,south,10.2381,77.4892,18-24,couple,comfortable,5,2024-05-30
u0000653,heritage-seeker,Kerala,south,11.2588,75.7804,55+,solo,moderate,1,2025-03-08
u0000654,beach-and-slow,Madhya Pradesh,central,26.2183,78.1828,35-44,family,comfortable,4,2025-08-27
u0000655,beach-and-slow,Gujarat,west,23.0225,72.5714,55+,couple,shoestring,1,2025-09-07
u0000656,beach-and-slow,Bihar,east,25.5941,85.1376,35-44,solo,moderate,6,2025-07-08
u0000657,beach-and-slow,Karnataka,south,13.3409,74.7421,25-34,family,comfortable,1,2025-05-31
u0000658,family-holiday,West Bengal,east,26.7271,88.3953,35-44,solo,moderate,1,2024-06-23
u0000659,beach-and-slow,Karnataka,south,15.2689,76.3909,45-54,couple,comfortable,1,2024-08-09
u0000660,heritage-seeker,Uttar Pradesh,central,25.4358,81.8463,55+,friends,moderate,2,2025-04-18
u0000661,heritage-seeker,Uttar Pradesh,central,27.5806,77.7006,45-54,couple,comfortable,1,2024-10-02
u0000662,pilgrim,Bihar,east,24.6961,84.9911,18-24,solo,premium,1,2024-04-21
u0000663,beach-and-slow,Uttarakhand,north,30.3165,78.0322,25-34,friends,shoestring,1,2025-06-30
u0000664,heritage-seeker,Rajasthan,north,26.2389,73.0243,55+,family,moderate,4,2024-04-15
u0000665,family-holiday,Karnataka,south,13.3161,75.772,35-44,couple,moderate,4,2025-03-16
u0000666,family-holiday,Tamil Nadu,south,8.0883,77.5385,45-54,friends,comfortable,1,2024-02-23
u0000667,family-holiday,Goa,west,15.4909,73.8278,45-54,family,comfortable,1,2025-06-11
u0000668,weekend-escaper,Uttarakhand,north,30.0869,78.2676,55+,solo,premium,1,2025-05-23
u0000669,pilgrim,Mizoram,northeast,23.7271,92.7176,25-34,solo,moderate,3,2025-07-22
u0000670,mountain-walker,Kerala,south,9.9312,76.2673,25-34,couple,premium,1,2024-03-15
u0000671,mountain-walker,Rajasthan,north,26.4899,74.5511,35-44,friends,moderate,1,2024-09-06
u0000672,weekend-escaper,West Bengal,east,26.7271,88.3953,18-24,solo,comfortable,1,2024-03-06
u0000673,mountain-walker,Sikkim,northeast,27.3,88.24,18-24,family,premium,8,2025-05-02
u0000674,heritage-seeker,Odisha,east,19.8135,85.8312,45-54,solo,comfortable,1,2025-05-21
u0000675,family-holiday,Delhi,north,28.6139,77.209,45-54,couple,moderate,4,2024-05-16
u0000676,mountain-walker,Assam,northeast,26.1445,91.7362,25-34,family,moderate,1,2025-02-09
u0000677,food-first,Uttarakhand,north,27.4924,77.6737,18-24,couple,comfortable,1,2024-05-30
u0000678,family-holiday,Madhya Pradesh,central,25.3518,78.6417,55+,solo,shoestring,4,2024-06-04
u0000679,beach-and-slow,Himachal Pradesh,north,32.2432,77.1892,45-54,solo,comfortable,1,2024-01-11
u0000680,beach-and-slow,Assam,northeast,26.5775,93.1711,18-24,solo,comfortable,1,2024-11-22
u0000681,weekend-escaper,Kerala,south,10.0889,77.0595,35-44,friends,shoestring,1,2025-09-16
u0000682,family-holiday,Rajasthan,north,25.4305,75.6499,35-44,friends,premium,2,2024-01-10
u0000683,food-first,Maharashtra,west,18.5204,73.8567,55+,solo,shoestring,1,2024-05-16
u0000684,mountain-walker,Himachal Pradesh,north,32.219,76.3234,25-34,couple,moderate,1,2025-05-04
u0000685,family-holiday,Maharashtra,west,21.1458,79.0882,25-34,friends,comfortable,23,2024-10-03
u0000686,weekend-escaper,Assam,northeast,26.5775,93.1711,35-44,couple,moderate,2,2024-04-09
u0000687,mountain-walker,Madhya Pradesh,central,23.1765,75.7885,45-54,family,premium,1,2025-07-20
u0000688,heritage-seeker,Ladakh,north,34.1526,77.5771,35-44,family,shoestring,3,2025-07-12
u0000689,food-first,Kerala,south,8.4004,76.9784,35-44,solo,shoestring,5,2025-04-03
u0000690,family-holiday,Assam,northeast,26.5775,93.1711,25-34,couple,comfortable,6,2025-04-01
u0000691,weekend-escaper,Rajasthan,north,24.5854,73.7125,35-44,family,premium,2,2024-07-05
u0000692,heritage-seeker,Kerala,south,10.0889,77.0595,45-54,family,comfortable,2,2024-05-18
u0000693,food-first,Uttarakhand,north,29.3803,79.4636,45-54,solo,shoestring,1,2024-02-25
u0000694,heritage-seeker,Madhya Pradesh,central,24.8318,79.9199,35-44,solo,shoestring,1,2025-08-03
u0000695,pilgrim,Karnataka,south,15.2689,76.3909,18-24,family,shoestring,11,2025-05-20
u0000696,weekend-escaper,Meghalaya,northeast,25.5788,91.8933,45-54,family,premium,2,2025-02-27
u0000697,weekend-escaper,West Bengal,east,26.7271,88.3953,45-54,couple,moderate,1,2025-03-15
u0000698,family-holiday,Goa,west,15.2993,74.124,35-44,family,comfortable,1,2024-01-11
u0000699,mountain-walker,Jammu and Kashmir,north,34.0837,74.7973,55+,family,comfortable,3,2024-11-22
u0000700,weekend-escaper,Karnataka,south,14.5479,74.3188,35-44,solo,comfortable,1,2025-07-07
u0000701,weekend-escaper,Maharashtra,west,18.6414,72.8722,25-34,solo,comfortable,1,2024-01-19
u0000702,heritage-seeker,Uttar Pradesh,central,26.7922,82.1998,18-24,family,shoestring,1,2025-08-18
u0000703,mountain-walker,Tamil Nadu,south,8.0883,77.5385,25-34,solo,premium,4,2024-02-23
u0000704,heritage-seeker,Gujarat,west,22.2394,68.9678,45-54,couple,comfortable,2,2025-07-01
u0000705,weekend-escaper,Uttarakhand,north,30.3165,78.0322,35-44,family,comfortable,2,2025-02-17
u0000706,pilgrim,Uttarakhand,north,30.0869,78.2676,18-24,solo,moderate,3,2025-01-11
u0000707,family-holiday,Gujarat,west,20.888,70.401,35-44,solo,moderate,1,2024-08-04
u0000708,food-first,Bihar,east,25.5941,85.1376,45-54,couple,comfortable,1,2025-02-01
u0000709,weekend-escaper,Andhra Pradesh,south,16.5062,80.648,35-44,solo,moderate,1,2024-02-13
u0000710,weekend-escaper,Assam,northeast,26.95,94.17,45-54,couple,moderate,1,2025-05-17
u0000711,pilgrim,Karnataka,south,12.3375,75.8069,18-24,family,moderate,9,2025-09-19
u0000712,heritage-seeker,Arunachal Pradesh,northeast,27.586,91.859,35-44,friends,moderate,1,2024-10-11
u0000713,heritage-seeker,Rajasthan,north,26.2389,73.0243,35-44,solo,premium,3,2024-10-22
u0000714,mountain-walker,Assam,northeast,26.95,94.17,35-44,solo,moderate,3,2024-04-30
u0000715,heritage-seeker,Maharashtra,west,18.7546,73.4062,55+,couple,shoestring,1,2024-09-23
u0000716,beach-and-slow,Madhya Pradesh,central,25.3518,78.6417,55+,couple,moderate,1,2024-10-07
u0000717,family-holiday,Madhya Pradesh,central,23.1815,79.9864,18-24,friends,moderate,1,2025-02-27
u0000718,mountain-walker,Karnataka,south,13.3409,74.7421,55+,solo,shoestring,1,2024-06-23
u0000719,weekend-escaper,Himachal Pradesh,north,32.5387,75.9707,45-54,family,shoestring,3,2024-10-13
u0000720,food-first,Telangana,south,17.385,78.4867,55+,solo,shoestring,1,2024-09-28
u0000721,beach-and-slow,Kerala,south,9.5916,77.1603,18-24,family,comfortable,1,2024-07-21
u0000722,beach-and-slow,Madhya Pradesh,central,23.1765,75.7885,18-24,solo,comfortable,1,2024-09-14
u0000723,mountain-walker,Uttar Pradesh,central,26.8467,80.9462,18-24,couple,moderate,1,2025-06-06
u0000724,heritage-seeker,Assam,northeast,26.1445,91.7362,45-54,family,moderate,3,2024-07-31
u0000725,food-first,Gujarat,west,21.1702,72.8311,55+,couple,premium,2,2024-02-17
u0000726,food-first,Tamil Nadu,south,11.3494,76.7956,45-54,couple,comfortable,3,2024-11-04
u0000727,beach-and-slow,Tamil Nadu,south,11.0168,76.9558,55+,couple,moderate,1,2024-08-04
u0000728,food-first,Madhya Pradesh,central,24.8318,79.9199,55+,couple,moderate,8,2025-09-20
u0000729,food-first,Uttar Pradesh,central,27.5806,77.7006,45-54,solo,comfortable,1,2024-12-15
u0000730,weekend-escaper,Kerala,south,9.9312,76.2673,18-24,couple,moderate,4,2024-06-05
u0000731,pilgrim,Puducherry,south,11.9416,79.8083,55+,couple,moderate,2,2024-11-17
u0000732,food-first,Madhya Pradesh,central,23.4794,77.7392,25-34,friends,moderate,1,2024-08-05
u0000733,food-first,Nagaland,northeast,25.6751,94.11,55+,friends,moderate,2,2025-08-16
u0000734,weekend-escaper,Tripura,northeast,23.8315,91.2868,35-44,couple,premium,16,2025-08-19
u0000735,beach-and-slow,Rajasthan,north,26.2389,73.0243,55+,friends,shoestring,1,2024-05-03
u0000736,beach-and-slow,Karnataka,south,12.9141,74.856,25-34,couple,comfortable,1,2025-06-21
u0000737,food-first,Gujarat,west,23.7333,69.8597,55+,couple,comfortable,29,2024-01-14
u0000738,pilgrim,Delhi,north,28.6139,77.209,35-44,friends,moderate,1,2024-10-17
u0000739,family-holiday,Gujarat,west,22.2394,68.9678,55+,family,comfortable,2,2025-07-23
u0000740,family-holiday,Rajasthan,north,26.838,70.9,45-54,friends,comfortable,1,2024-12-26
u0000741,heritage-seeker,Uttarakhand,north,30.0869,78.2676,45-54,friends,shoestring,1,2024-04-08
u0000742,food-first,Jharkhand,east,23.3441,85.3096,35-44,couple,moderate,2,2024-01-12
u0000743,pilgrim,Ladakh,north,34.6868,77.5619,45-54,family,moderate,12,2024-07-20
u0000744,family-holiday,Kerala,south,8.4004,76.9784,25-34,family,comfortable,2,2025-07-14
u0000745,weekend-escaper,Madhya Pradesh,central,22.7196,75.8577,55+,couple,premium,4,2024-02-17
u0000746,family-holiday,Uttarakhand,north,29.9457,78.1642,25-34,solo,moderate,1,2024-12-18
u0000747,mountain-walker,Tripura,northeast,23.8315,91.2868,55+,family,comfortable,1,2024-02-27
u0000748,food-first,Chhattisgarh,central,21.2514,81.6296,18-24,couple,shoestring,6,2025-02-09
u0000749,weekend-escaper,Uttarakhand,north,29.9457,78.1642,45-54,family,premium,1,2024-05-14
u0000750,pilgrim,Rajasthan,north,28.0229,73.3119,18-24,solo,moderate,2,2025-01-17
u0000751,beach-and-slow,Kerala,south,9.9312,76.2673,55+,family,premium,2,2025-04-01
u0000752,weekend-escaper,Mizoram,northeast,23.7271,92.7176,18-24,family,moderate,2,2025-06-02
u0000753,family-holiday,Rajasthan,north,26.838,70.9,45-54,couple,moderate,3,2024-07-25
u0000754,pilgrim,Rajasthan,north,24.8887,74.6269,35-44,friends,shoestring,2,2024-10-31
u0000755,family-holiday,Maharashtra,west,17.9307,73.6477,35-44,solo,moderate,1,2024-03-31
u0000756,weekend-escaper,Rajasthan,north,26.4899,74.5511,35-44,friends,premium,1,2024-06-22
u0000757,mountain-walker,Karnataka,south,13.3161,75.772,18-24,solo,moderate,1,2024-08-27
u0000758,beach-and-slow,Maharashtra,west,18.6414,72.8722,55+,family,moderate,1,2025-08-28
u0000759,mountain-walker,Telangana,south,17.385,78.4867,35-44,couple,comfortable,9,2025-01-06
u0000760,beach-and-slow,Uttarakhand,north,30.3165,78.0322,25-34,couple,moderate,1,2024-03-06
u0000761,family-holiday,Kerala,south,11.6854,76.132,45-54,solo,moderate,1,2024-12-07
u0000762,beach-and-slow,West Bengal,east,21.627,87.509,55+,friends,moderate,2,2024-01-20
u0000763,weekend-escaper,Madhya Pradesh,central,23.1815,79.9864,45-54,friends,shoestring,3,2025-04-26
u0000764,heritage-seeker,Punjab,north,31.634,74.8723,35-44,family,moderate,1,2024-01-13
u0000765,weekend-escaper,Kerala,south,11.6854,76.132,18-24,couple,moderate,1,2025-03-02
u0000766,weekend-escaper,Gujarat,west,22.2394,68.9678,25-34,couple,comfortable,3,2025-01-21
u0000767,mountain-walker,Tamil Nadu,south,11.0168,76.9558,35-44,friends,moderate,1,2024-01-06
u0000768,weekend-escaper,Madhya Pradesh,central,23.4794,77.7392,55+,family,comfortable,4,2024-06-22
u0000769,mountain-walker,Kerala,south,9.9312,76.2673,55+,solo,moderate,5,2025-04-29
u0000770,heritage-seeker,Himachal Pradesh,north,32.2432,77.1892,35-44,family,moderate,1,2024-08-14
u0000771,mountain-walker,Kerala,south,8.7379,76.7163,45-54,solo,moderate,3,2025-06-29
u0000772,heritage-seeker,Karnataka,south,12.3375,75.8069,55+,friends,moderate,4,2025-01-12
u0000773,heritage-seeker,Tamil Nadu,south,9.9252,78.1198,18-24,friends,shoestring,2,2024-01-18
u0000774,beach-and-slow,Uttarakhand,north,30.4598,78.0644,45-54,family,moderate,1,2025-05-31
u0000775,heritage-seeker,Nagaland,northeast,25.6751,94.11,25-34,friends,moderate,2,2024-12-13
u0000776,family-holiday,Karnataka,south,15.335,76.46,18-24,family,comfortable,2,2025-05-30
u0000777,food-first,Chandigarh,north,30.7333,76.7794,45-54,solo,comfortable,1,2025-03-09
u0000778,beach-and-slow,Tamil Nadu,south,12.6269,80.1927,45-54,family,shoestring,1,2024-02-25
u0000779,heritage-seeker,Sikkim,northeast,27.3,88.24,45-54,solo,moderate,1,2024-04-08
u0000780,mountain-walker,Kerala,south,8.4004,76.9784,35-44,family,moderate,1,2025-04-25
u0000781,family-holiday,Telangana,south,17.385,78.4867,18-24,solo,moderate,1,2025-03-04
u0000782,heritage-seeker,Uttar Pradesh,central,27.1767,78.0081,25-34,family,moderate,5,2024-08-05
u0000783,mountain-walker,Maharashtra,west,19.7645,74.4762,25-34,family,comfortable,2,2025-06-16
u0000784,pilgrim,Himachal Pradesh,north,32.2432,77.1892,45-54,family,comfortable,12,2025-09-07
u0000785,weekend-escaper,Uttar Pradesh,central,26.8467,80.9462,45-54,family,moderate,6,2024-05-08
u0000786,pilgrim,Goa,west,15.4909,73.8278,35-44,couple,moderate,2,2025-04-14
u0000787,pilgrim,Andhra Pradesh,south,17.6868,83.2185,25-34,solo,shoestring,2,2025-03-27
u0000788,weekend-escaper,Tamil Nadu,south,8.0883,77.5385,45-54,solo,moderate,1,2024-08-21
u0000789,mountain-walker,Andhra Pradesh,south,17.6868,83.2185,25-34,couple,shoestring,1,2025-09-12
u0000790,pilgrim,Uttarakhand,north,29.53,78.7747,35-44,couple,moderate,3,2025-04-26
u0000791,weekend-escaper,Uttarakhand,north,29.53,78.7747,35-44,couple,comfortable,1,2025-02-21
u0000792,pilgrim,Rajasthan,north,24.5926,72.7156,35-44,family,shoestring,2,2025-07-25
u0000793,weekend-escaper,Uttar Pradesh,central,25.3176,82.9739,18-24,family,comfortable,2,2025-09-04
u0000794,mountain-walker,Himachal Pradesh,north,32.5387,75.9707,35-44,couple,moderate,1,2024-01-13
u0000795,pilgrim,Puducherry,south,11.9416,79.8083,55+,friends,shoestring,1,2024-08-01
u0000796,heritage-seeker,West Bengal,east,27.06,88.47,18-24,family,moderate,2,2025-08-09
u0000797,beach-and-slow,Sikkim,northeast,27.3314,88.6138,18-24,solo,premium,4,2025-09-25
u0000798,pilgrim,West Bengal,east,27.06,88.47,35-44,couple,moderate,1,2025-05-08
u0000799,food-first,Punjab,north,31.634,74.8723,35-44,friends,shoestring,1,2025-08-10
u0000800,mountain-walker,Uttarakhand,north,29.53,78.7747,25-34,solo,shoestring,1,2024-02-26
u0000801,pilgrim,Maharashtra,west,19.8762,75.3433,18-24,friends,shoestring,3,2024-01-13
u0000802,family-holiday,Andhra Pradesh,south,16.5062,80.648,35-44,friends,moderate,1,2024-04-14
u0000803,weekend-escaper,Maharashtra,west,19.8762,75.3433,55+,family,shoestring,1,2025-02-16
u0000804,weekend-escaper,Himachal Pradesh,north,32.219,76.3234,35-44,couple,shoestring,1,2024-04-15
u0000805,mountain-walker,Tamil Nadu,south,12.6269,80.1927,45-54,solo,shoestring,1,2024-03-04
u0000806,weekend-escaper,Uttar Pradesh,central,26.4499,80.3319,55+,solo,shoestring,2,2025-06-06
u0000807,beach-and-slow,Mizoram,northeast,23.7271,92.7176,18-24,family,comfortable,1,2024-10-19
u0000808,weekend-escaper,Madhya Pradesh,central,23.1765,75.7885,25-34,solo,shoestring,1,2025-07-23
u0000809,heritage-seeker,West Bengal,east,21.627,87.509,25-34,couple,comfortable,2,2025-07-16
u0000810,beach-and-slow,Madhya Pradesh,central,23.1815,79.9864,55+,family,premium,1,2024-08-11
u0000811,weekend-escaper,Tamil Nadu,south,12.6269,80.1927,45-54,couple,shoestring,7,2024-07-13
u0000812,weekend-escaper,Tamil Nadu,south,10.7905,78.7047,25-34,family,premium,1,2024-02-05
u0000813,food-first,Tamil Nadu,south,10.787,79.1378,18-24,couple,moderate,1,2024-03-13
u0000814,weekend-escaper,Himachal Pradesh,north,32.219,76.3234,25-34,friends,shoestring,1,2025-08-03
u0000815,weekend-escaper,Uttar Pradesh,central,25.3176,82.9739,18-24,solo,premium,2,2025-09-01
u0000816,mountain-walker,Gujarat,west,22.2394,68.9678,55+,solo,comfortable,1,2025-01-14
u0000817,pilgrim,Goa,west,15.4909,73.8278,35-44,couple,comfortable,5,2024-08-29
u0000818,weekend-escaper,Karnataka,south,13.3409,74.7421,18-24,couple,shoestring,1,2025-08-06
u0000819,food-first,Kerala,south,10.0889,77.0595,35-44,friends,moderate,2,2025-09-12
u0000820,weekend-escaper,Andaman and Nicobar Islands,south,11.6234,92.7265,55+,family,moderate,1,2024-03-21
u0000821,heritage-seeker,Kerala,south,8.5241,76.9366,55+,friends,premium,1,2025-06-24
u0000822,food-first,Odisha,east,19.8876,86.0945,25-34,friends,comfortable,8,2024-04-07
u0000823,family-holiday,Goa,west,15.4909,73.8278,35-44,couple,premium,1,2024-11-29
u0000824,weekend-escaper,Tamil Nadu,south,10.787,79.1378,55+,couple,shoestring,1,2024-06-25
u0000825,pilgrim,Madhya Pradesh,central,22.7196,75.8577,45-54,friends,moderate,1,2025-03-23
u0000826,family-holiday,Maharashtra,west,18.7546,73.4062,45-54,couple,premium,1,2024-03-31
u0000827,food-first,Madhya Pradesh,central,23.1765,75.7885,45-54,solo,shoestring,1,2024-11-22
u0000828,pilgrim,Goa,west,15.4909,73.8278,25-34,family,comfortable,1,2024-03-03
u0000829,beach-and-slow,Madhya Pradesh,central,25.3518,78.6417,18-24,couple,moderate,3,2024-04-24
u0000830,heritage-seeker,Uttar Pradesh,central,27.1767,78.0081,18-24,family,moderate,3,2024-09-15
u0000831,mountain-walker,Gujarat,west,23.0225,72.5714,55+,solo,moderate,6,2025-05-17
u0000832,food-first,Uttar Pradesh,central,26.8467,80.9462,18-24,family,comfortable,3,2025-08-22
u0000833,food-first,West Bengal,east,26.7271,88.3953,18-24,couple,shoestring,7,2024-12-07
u0000834,weekend-escaper,Madhya Pradesh,central,24.8318,79.9199,18-24,family,moderate,1,2024-05-03
u0000835,weekend-escaper,Assam,northeast,26.5775,93.1711,45-54,friends,shoestring,2,2024-08-24
u0000836,food-first,Himachal Pradesh,north,32.2464,78.0349,55+,solo,shoestring,1,2024-05-27
u0000837,weekend-escaper,Kerala,south,8.5241,76.9366,25-34,couple,moderate,2,2024-04-10
u0000838,weekend-escaper,Madhya Pradesh,central,24.8318,79.9199,18-24,solo,shoestring,3,2025-05-02
u0000839,family-holiday,Gujarat,west,23.2156,72.6369,45-54,friends,comfortable,5,2025-06-22
u0000840,family-holiday,Madhya Pradesh,central,25.3518,78.6417,25-34,friends,moderate,4,2025-01-31
u0000841,mountain-walker,Tamil Nadu,south,12.6269,80.1927,55+,friends,comfortable,1,2024-04-13
u0000842,heritage-seeker,Rajasthan,north,26.2389,73.0243,45-54,solo,comfortable,1,2024-09-12
u0000843,beach-and-slow,Rajasthan,north,25.4305,75.6499,55+,couple,moderate,1,2024-02-03
u0000844,beach-and-slow,Uttar Pradesh,central,26.7922,82.1998,35-44,friends,premium,1,2024-01-11
u0000845,pilgrim,Bihar,east,24.6961,84.9911,18-24,solo,moderate,1,2025-04-24
u0000846,beach-and-slow,Uttar Pradesh,central,25.3176,82.9739,18-24,couple,comfortable,1,2024-01-09
u0000847,mountain-walker,Gujarat,west,23.7333,69.8597,55+,friends,shoestring,1,2025-02-08
u0000848,heritage-seeker,Kerala,south,11.2588,75.7804,25-34,solo,shoestring,1,2025-08-14
u0000849,heritage-seeker,Ladakh,north,34.1526,77.5771,45-54,solo,moderate,1,2025-06-27
u0000850,food-first,Madhya Pradesh,central,23.4794,77.7392,35-44,couple,comfortable,1,2024-09-01
u0000851,family-holiday,Gujarat,west,23.2156,72.6369,25-34,family,moderate,1,2024-04-23
u0000852,mountain-walker,Uttar Pradesh,central,25.4358,81.8463,55+,family,moderate,1,2025-05-20
u0000853,pilgrim,Himachal Pradesh,north,31.1048,77.1734,25-34,family,moderate,11,2024-09-19
u0000854,heritage-seeker,Himachal Pradesh,north,32.2432,77.1892,45-54,couple,comfortable,1,2024-09-28
u0000855,weekend-escaper,Himachal Pradesh,north,32.2464,78.0349,35-44,family,moderate,1,2024-04-28
u0000856,mountain-walker,Himachal Pradesh,north,32.2464,78.0349,55+,friends,comfortable,1,2024-08-23
u0000857,mountain-walker,Ladakh,north,34.6868,77.5619,35-44,friends,comfortable,1,2024-04-27
u0000858,food-first,Sikkim,northeast,27.3,88.24,55+,friends,premium,14,2025-06-08
u0000859,mountain-walker,Karnataka,south,14.5479,74.3188,55+,family,comfortable,3,2025-01-19
u0000860,mountain-walker,Karnataka,south,14.5479,74.3188,25-34,couple,moderate,2,2025-03-13
u0000861,pilgrim,Madhya Pradesh,central,24.8318,79.9199,18-24,couple,moderate,1,2024-01-22
u0000862,mountain-walker,Maharashtra,west,21.1458,79.0882,55+,family,moderate,3,2024-04-27
u0000863,family-holiday,Rajasthan,north,26.9157,70.9083,45-54,family,comfortable,1,2025-06-23
u0000864,pilgrim,Uttar Pradesh,central,25.4358,81.8463,25-34,couple,comfortable,1,2025-08-15
u0000865,beach-and-slow,Jammu and Kashmir,north,34.0837,74.7973,25-34,friends,comfortable,1,2024-09-29
u0000866,family-holiday,Ladakh,north,34.6868,77.5619,18-24,family,premium,1,2025-03-12
u0000867,pilgrim,Himachal Pradesh,north,32.219,76.3234,45-54,family,comfortable,1,2025-07-15
u0000868,family-holiday,Kerala,south,9.4981,76.3388,35-44,solo,premium,2,2024-05-02
u0000869,food-first,Tamil Nadu,south,9.9252,78.1198,25-34,friends,comfortable,1,2025-04-22
u0000870,heritage-seeker,Madhya Pradesh,central,22.7196,75.8577,25-34,solo,moderate,2,2025-08-09
u0000871,pilgrim,Sikkim,northeast,27.3,88.24,35-44,friends,moderate,5,2024-12-04
u0000872,pilgrim,Tamil Nadu,south,10.2381,77.4892,18-24,solo,moderate,1,2024-06-07
u0000873,beach-and-slow,Gujarat,west,23.0225,72.5714,55+,friends,shoestring,3,2024-06-29
u0000874,weekend-escaper,West Bengal,east,26.7271,88.3953,25-34,friends,moderate,1,2025-07-10
u0000875,food-first,Kerala,south,9.9312,76.2673,18-24,couple,moderate,3,2024-11-24
u0000876,pilgrim,Karnataka,south,12.9141,74.856,25-34,couple,comfortable,2,2025-08-05
u0000877,weekend-escaper,Manipur,northeast,24.817,93.9368,25-34,solo,comfortable,1,2025-01-21
u0000878,beach-and-slow,Maharashtra,west,21.1458,79.0882,25-34,solo,premium,1,2024-03-31
u0000879,weekend-escaper,Gujarat,west,23.7333,69.8597,25-34,couple,moderate,1,2024-12-18
u0000880,pilgrim,Rajasthan,north,24.8887,74.6269,55+,family,comfortable,1,2024-10-22
u0000881,family-holiday,Andaman and Nicobar Islands,south,11.6234,92.7265,35-44,solo,comfortable,14,2025-07-05
u0000882,pilgrim,Uttarakhand,north,30.0869,78.2676,18-24,couple,premium,1,2024-05-30
u0000883,food-first,Karnataka,south,12.2958,76.6394,18-24,couple,moderate,1,2024-04-27
u0000884,weekend-escaper,Odisha,east,19.8876,86.0945,18-24,couple,comfortable,5,2024-03-31
u0000885,heritage-seeker,Gujarat,west,22.2394,68.9678,45-54,family,moderate,1,2024-04-14
u0000886,heritage-seeker,Kerala,south,9.5916,77.1603,25-34,family,shoestring,1,2024-10-10
u0000887,mountain-walker,Karnataka,south,13.3409,74.7421,35-44,solo,shoestring,1,2025-09-09
u0000888,heritage-seeker,Maharashtra,west,19.076,72.8777,35-44,couple,comfortable,5,2025-05-17
u0000889,heritage-seeker,West Bengal,east,26.7271,88.3953,25-34,couple,premium,1,2024-07-13
u0000890,family-holiday,Karnataka,south,12.2958,76.6394,25-34,friends,moderate,1,2024-02-21
u0000891,mountain-walker,Rajasthan,north,26.838,70.9,45-54,couple,premium,2,2025-04-21
u0000892,heritage-seeker,Madhya Pradesh,central,23.1765,75.7885,55+,solo,shoestring,3,2024-01-07
u0000893,mountain-walker,Uttarakhand,north,30.3165,78.0322,35-44,couple,comfortable,1,2024-08-29
u0000894,heritage-seeker,Tamil Nadu,south,8.0883,77.5385,35-44,solo,moderate,1,2025-08-26
u0000895,weekend-escaper,Karnataka,south,15.918,75.685,35-44,solo,premium,2,2024-05-06
u0000896,weekend-escaper,Jharkhand,east,23.3441,85.3096,55+,friends,shoestring,1,2024-08-27
u0000897,mountain-walker,Maharashtra,west,19.076,72.8777,25-34,couple,shoestring,4,2024-10-19
u0000898,beach-and-slow,Jharkhand,east,23.3441,85.3096,25-34,solo,premium,1,2024-06-29
u0000899,heritage-seeker,Himachal Pradesh,north,32.5387,75.9707,35-44,couple,moderate,1,2025-06-07
u0000900,food-first,Tripura,northeast,23.8315,91.2868,55+,family,moderate,9,2024-12-01
u0000901,beach-and-slow,Karnataka,south,14.5479,74.3188,25-34,solo,moderate,1,2024-02-11
u0000902,mountain-walker,Madhya Pradesh,central,23.2599,77.4126,18-24,solo,shoestring,1,2024-05-01
u0000903,family-holiday,Maharashtra,west,21.1458,79.0882,45-54,couple,moderate,2,2025-04-29
u0000904,weekend-escaper,Rajasthan,north,26.9157,70.9083,45-54,family,comfortable,1,2025-05-10
u0000905,mountain-walker,Karnataka,south,14.5479,74.3188,25-34,family,moderate,3,2024-05-02
u0000906,family-holiday,Tamil Nadu,south,10.7905,78.7047,45-54,family,moderate,1,2025-01-11
u0000907,family-holiday,Jharkhand,east,23.3441,85.3096,55+,solo,moderate,4,2024-07-09
u0000908,mountain-walker,Madhya Pradesh,central,23.1765,75.7885,25-34,solo,shoestring,2,2024-04-29
u0000909,heritage-seeker,Kerala,south,8.5241,76.9366,18-24,solo,moderate,2,2025-09-14
u0000910,pilgrim,Tamil Nadu,south,9.9252,78.1198,45-54,family,moderate,2,2024-11-04
u0000911,weekend-escaper,Uttarakhand,north,30.529,79.5666,18-24,couple,moderate,1,2024-09-12
u0000912,pilgrim,Uttarakhand,north,29.53,78.7747,18-24,friends,comfortable,1,2024-11-30
u0000913,weekend-escaper,Kerala,south,9.4981,76.3388,18-24,family,comfortable,1,2025-05-25
u0000914,mountain-walker,West Bengal,east,21.627,87.509,18-24,solo,moderate,1,2024-06-06
u0000915,pilgrim,Ladakh,north,34.6868,77.5619,45-54,couple,shoestring,1,2025-01-26
u0000916,beach-and-slow,Madhya Pradesh,central,25.3518,78.6417,18-24,couple,comfortable,10,2024-04-04
u0000917,weekend-escaper,Chhattisgarh,central,21.2514,81.6296,18-24,family,comfortable,1,2025-08-06
u0000918,weekend-escaper,Rajasthan,north,24.8887,74.6269,18-24,friends,premium,2,2024-10-03
u0000919,beach-and-slow,Karnataka,south,12.2958,76.6394,35-44,couple,moderate,1,2025-06-10
u0000920,family-holiday,Tamil Nadu,south,11.4102,76.695,55+,solo,moderate,1,2025-04-27
u0000921,family-holiday,Gujarat,west,22.3072,73.1812,55+,solo,moderate,1,2024-08-31
u0000922,family-holiday,Uttarakhand,north,30.0869,78.2676,35-44,family,moderate,1,2025-05-23
u0000923,family-holiday,Manipur,northeast,24.817,93.9368,55+,solo,moderate,2,2024-12-28
u0000924,family-holiday,Tamil Nadu,south,13.0827,80.2707,18-24,solo,moderate,1,2024-04-10
u0000925,heritage-seeker,Uttar Pradesh,central,25.4358,81.8463,45-54,couple,moderate,1,2025-06-24
u0000926,beach-and-slow,Arunachal Pradesh,northeast,27.586,91.859,35-44,solo,shoestring,1,2025-07-30
u0000927,mountain-walker,Kerala,south,10.0889,77.0595,45-54,family,shoestring,1,2024-07-30
u0000928,heritage-seeker,Karnataka,south,12.9716,77.5946,55+,solo,comfortable,1,2025-05-03
u0000929,beach-and-slow,Assam,northeast,26.95,94.17,45-54,family,moderate,3,2024-04-05
u0000930,family-holiday,Himachal Pradesh,north,32.01,77.3152,18-24,friends,comfortable,4,2024-05-21
u0000931,family-holiday,Rajasthan,north,24.5854,73.7125,18-24,couple,comfortable,1,2025-01-28
u0000932,mountain-walker,Gujarat,west,22.3072,73.1812,25-34,friends,comfortable,1,2024-10-16
u0000933,pilgrim,Maharashtra,west,19.7645,74.4762,45-54,solo,moderate,1,2025-07-20
u0000934,weekend-escaper,Meghalaya,northeast,25.5788,91.8933,25-34,couple,comfortable,1,2024-11-26
u0000935,weekend-escaper,Karnataka,south,14.5479,74.3188,18-24,family,comfortable,1,2024-11-24
u0000936,mountain-walker,Uttar Pradesh,central,27.5806,77.7006,25-34,solo,comfortable,1,2024-04-10
u0000937,food-first,Karnataka,south,15.918,75.685,25-34,friends,comfortable,1,2024-06-30
u0000938,family-holiday,Tamil Nadu,south,10.787,79.1378,18-24,couple,shoestring,1,2024-11-14
u0000939,weekend-escaper,Madhya Pradesh,central,23.1765,75.7885,45-54,couple,premium,1,2025-05-28
u0000940,beach-and-slow,West Bengal,east,26.7271,88.3953,25-34,solo,comfortable,1,2024-02-21
u0000941,heritage-seeker,Tamil Nadu,south,10.787,79.1378,25-34,couple,shoestring,1,2024-09-07
u0000942,heritage-seeker,Karnataka,south,15.2689,76.3909,45-54,couple,shoestring,1,2024-05-30
u0000943,weekend-escaper,Gujarat,west,22.2394,68.9678,35-44,couple,moderate,1,2024-10-02
u0000944,heritage-seeker,Gujarat,west,22.2394,68.9678,55+,couple,shoestring,1,2024-01-23
u0000945,heritage-seeker,Assam,northeast,26.95,94.17,55+,family,shoestring,1,2024-04-16
u0000946,beach-and-slow,Odisha,east,19.8876,86.0945,18-24,couple,moderate,1,2025-07-22
u0000947,pilgrim,Maharashtra,west,19.8762,75.3433,35-44,solo,moderate,3,2024-11-02
u0000948,heritage-seeker,Goa,west,15.4909,73.8278,18-24,friends,moderate,2,2025-05-13
u0000949,beach-and-slow,Assam,northeast,26.95,94.17,35-44,friends,shoestring,2,2025-06-21
u0000950,weekend-escaper,West Bengal,east,22.5726,88.3639,25-34,family,shoestring,1,2025-08-16
u0000951,mountain-walker,Ladakh,north,34.6868,77.5619,25-34,couple,comfortable,1,2024-07-05
u0000952,pilgrim,Himachal Pradesh,north,32.2464,78.0349,25-34,family,moderate,1,2025-06-16
u0000953,pilgrim,Uttar Pradesh,central,25.3176,82.9739,18-24,couple,shoestring,1,2025-09-06
u0000954,heritage-seeker,Maharashtra,west,18.5204,73.8567,18-24,couple,shoestring,9,2025-05-20
u0000955,family-holiday,Madhya Pradesh,central,23.1815,79.9864,35-44,family,moderate,2,2025-09-15
u0000956,family-holiday,Maharashtra,west,19.9975,73.7898,18-24,friends,moderate,3,2024-10-14
u0000957,heritage-seeker,Uttarakhand,north,29.9457,78.1642,45-54,friends,comfortable,3,2025-05-22
u0000958,food-first,Gujarat,west,23.2156,72.6369,25-34,family,shoestring,1,2025-04-04
u0000959,pilgrim,West Bengal,east,27.041,88.2663,45-54,solo,comfortable,1,2025-05-21
u0000960,weekend-escaper,Maharashtra,west,19.076,72.8777,45-54,solo,comfortable,2,2024-01-15
u0000961,heritage-seeker,Sikkim,northeast,27.3,88.24,55+,couple,moderate,2,2024-10-17
u0000962,pilgrim,Assam,northeast,26.95,94.17,35-44,solo,comfortable,2,2025-07-06
u0000963,beach-and-slow,Uttar Pradesh,central,27.1767,78.0081,25-34,family,comfortable,2,2025-07-01
u0000964,mountain-walker,Meghalaya,northeast,25.27,91.732,25-34,family,comfortable,1,2025-05-20
u0000965,pilgrim,Rajasthan,north,26.838,70.9,25-34,couple,shoestring,3,2025-03-21
u0000966,family-holiday,Uttarakhand,north,29.3803,79.4636,55+,friends,comfortable,1,2025-09-06
u0000967,heritage-seeker,Rajasthan,north,28.0229,73.3119,25-34,friends,moderate,1,2024-08-19
u0000968,pilgrim,Gujarat,west,20.888,70.401,45-54,couple,moderate,1,2025-05-29
u0000969,beach-and-slow,Assam,northeast,26.95,94.17,18-24,family,comfortable,2,2025-04-21
u0000970,heritage-seeker,Kerala,south,11.2588,75.7804,18-24,friends,shoestring,2,2024-02-18
u0000971,heritage-seeker,Karnataka,south,15.335,76.46,55+,couple,moderate,1,2024-02-14
u0000972,family-holiday,Himachal Pradesh,north,32.2464,78.0349,35-44,friends,moderate,2,2025-01-28
u0000973,family-holiday,Karnataka,south,14.5479,74.3188,18-24,couple,moderate,1,2024-02-09
u0000974,weekend-escaper,Gujarat,west,23.7333,69.8597,45-54,family,moderate,1,2025-06-26
u0000975,heritage-seeker,Maharashtra,west,19.9975,73.7898,55+,family,shoestring,2,2024-02-09
u0000976,mountain-walker,Meghalaya,northeast,25.5788,91.8933,35-44,family,comfortable,1,2024-02-08
u0000977,pilgrim,West Bengal,east,27.06,88.47,25-34,couple,shoestring,49,2025-01-24
u0000978,mountain-walker,Chhattisgarh,central,21.2514,81.6296,55+,solo,moderate,1,2025-07-24
u0000979,beach-and-slow,Ladakh,north,34.1526,77.5771,25-34,friends,moderate,1,2025-03-18
u0000980,food-first,Himachal Pradesh,north,31.1048,77.1734,18-24,couple,shoestring,1,2025-07-26
u0000981,pilgrim,Kerala,south,9.9312,76.2673,35-44,couple,moderate,2,2024-05-09
u0000982,weekend-escaper,Himachal Pradesh,north,32.01,77.3152,35-44,couple,premium,4,2024-01-20
u0000983,heritage-seeker,Goa,west,15.2993,74.124,25-34,couple,moderate,1,2024-06-24
u0000984,pilgrim,Gujarat,west,23.2156,72.6369,25-34,friends,comfortable,1,2025-03-30
u0000985,heritage-seeker,Rajasthan,north,28.0229,73.3119,55+,family,moderate,2,2024-10-09
u0000986,weekend-escaper,Maharashtra,west,19.9975,73.7898,55+,family,comfortable,1,2025-07-01
u0000987,heritage-seeker,Telangana,south,17.385,78.4867,45-54,family,comfortable,1,2024-09-04
u0000988,food-first,Telangana,south,17.385,78.4867,45-54,family,moderate,1,2024-10-02
u0000989,pilgrim,Delhi,north,28.6139,77.209,45-54,friends,comfortable,2,2024-04-02
u0000990,weekend-escaper,Karnataka,south,12.9141,74.856,18-24,friends,comfortable,2,2025-09-26
u0000991,pilgrim,Madhya Pradesh,central,23.4794,77.7392,35-44,solo,shoestring,1,2024-10-28
u0000992,family-holiday,Uttar Pradesh,central,25.3176,82.9739,25-34,solo,shoestring,20,2025-02-03
u0000993,family-holiday,Karnataka,south,12.2958,76.6394,35-44,family,shoestring,1,2025-05-23
u0000994,heritage-seeker,Madhya Pradesh,central,23.4794,77.7392,55+,couple,comfortable,4,2024-05-23
u0000995,weekend-escaper,Tamil Nadu,south,12.6269,80.1927,18-24,family,moderate,2,2025-07-08
u0000996,weekend-escaper,Goa,west,15.4909,73.8278,35-44,solo,premium,1,2025-09-01
u0000997,beach-and-slow,Maharashtra,west,17.9307,73.6477,55+,family,moderate,1,2025-05-11
u0000998,heritage-seeker,Kerala,south,11.6854,76.132,45-54,friends,moderate,1,2025-07-18
u0000999,weekend-escaper,Himachal Pradesh,north,32.219,76.3234,45-54,family,comfortable,1,2025-02-27
u0001000,family-holiday,Tamil Nadu,south,9.9252,78.1198,25-34,family,comfortable,1,2024-11-05
u0001001,pilgrim,Chhattisgarh,central,21.2514,81.6296,25-34,couple,shoestring,1,2024-05-07
u0001002,beach-and-slow,Kerala,south,9.5916,77.1603,45-54,solo,moderate,1,2024-07-09
u0001003,food-first,Nagaland,northeast,25.6751,94.11,35-44,family,shoestring,1,2025-08-09
u0001004,pilgrim,Kerala,south,10.0889,77.0595,35-44,solo,moderate,3,2024-07-24
u0001005,beach-and-slow,Kerala,south,8.4004,76.9784,35-44,friends,moderate,1,2025-02-28
u0001006,food-first,West Bengal,east,27.041,88.2663,18-24,family,comfortable,1,2024-12-16
u0001007,family-holiday,Uttar Pradesh,central,26.4499,80.3319,45-54,family,moderate,1,2024-06-02
u0001008,heritage-seeker,Assam,northeast,26.95,94.17,35-44,solo,moderate,16,2024-10-07
u0001009,weekend-escaper,Uttarakhand,north,30.529,79.5666,55+,family,moderate,1,2024-09-30
u0001010,weekend-escaper,Puducherry,south,11.9416,79.8083,45-54,couple,shoestring,1,2025-03-21
u0001011,food-first,West Bengal,east,22.5726,88.3639,25-34,couple,moderate,5,2025-05-10
u0001012,family-holiday,Uttar Pradesh,central,26.7922,82.1998,55+,solo,moderate,1,2025-08-13
u0001013,family-holiday,Karnataka,south,15.918,75.685,45-54,couple,moderate,4,2025-03-04
u0001014,beach-and-slow,Madhya Pradesh,central,26.2183,78.1828,35-44,solo,moderate,2,2024-04-04
u0001015,family-holiday,Madhya Pradesh,central,26.2183,78.1828,45-54,couple,premium,3,2024-12-26
u0001016,mountain-walker,Odisha,east,19.8876,86.0945,55+,couple,comfortable,1,2024-11-17
u0001017,mountain-walker,Kerala,south,9.9312,76.2673,35-44,solo,premium,1,2025-04-21
u0001018,pilgrim,Karnataka,south,14.5479,74.3188,25-34,solo,shoestring,2,2025-04-07
u0001019,family-holiday,Kerala,south,9.5916,77.1603,45-54,couple,shoestring,1,2025-05-13
u0001020,heritage-seeker,Kerala,south,8.7379,76.7163,18-24,family,comfortable,1,2024-01-15
u0001021,heritage-seeker,Mizoram,northeast,23.7271,92.7176,45-54,couple,comfortable,1,2024-11-26
u0001022,pilgrim,Ladakh,north,34.1526,77.5771,18-24,solo,comfortable,1,2024-03-05
u0001023,heritage-seeker,Maharashtra,west,18.5204,73.8567,25-34,friends,moderate,5,2024-07-23
u0001024,mountain-walker,Karnataka,south,12.2958,76.6394,18-24,family,shoestring,1,2024-12-20
u0001025,mountain-walker,Odisha,east,19.8876,86.0945,18-24,couple,shoestring,2,2025-03-09
u0001026,mountain-walker,Madhya Pradesh,central,23.2599,77.4126,35-44,solo,moderate,1,2025-07-27
u0001027,pilgrim,Himachal Pradesh,north,32.219,76.3234,35-44,family,moderate,1,2025-06-15
u0001028,pilgrim,Jammu and Kashmir,north,32.7266,74.857,18-24,family,moderate,2,2024-03-22
u0001029,weekend-escaper,Uttarakhand,north,29.9457,78.1642,25-34,friends,moderate,1,2025-01-26
u0001030,heritage-seeker,Tamil Nadu,south,12.6269,80.1927,18-24,family,comfortable,1,2025-08-26
u0001031,mountain-walker,Uttar Pradesh,central,27.5806,77.7006,35-44,friends,premium,3,2025-05-30
u0001032,heritage-seeker,Maharashtra,west,18.6414,72.8722,35-44,friends,moderate,4,2024-01-09
u0001033,weekend-escaper,Maharashtra,west,19.8762,75.3433,55+,friends,comfortable,1,2024-12-05
u0001034,food-first,Karnataka,south,15.918,75.685,35-44,couple,premium,3,2025-05-10
u0001035,family-holiday,Nagaland,northeast,25.6751,94.11,45-54,friends,shoestring,2,2025-03-20
u0001036,food-first,Maharashtra,west,18.7546,73.4062,55+,family,moderate,2,2024-12-05
u0001037,pilgrim,Rajasthan,north,26.838,70.9,45-54,couple,shoestring,1,2025-06-16
u0001038,family-holiday,Punjab,north,31.634,74.8723,45-54,couple,moderate,1,2025-08-23
u0001039,family-holiday,Rajasthan,north,24.8887,74.6269,45-54,solo,moderate,13,2024-10-23
u0001040,food-first,Andhra Pradesh,south,17.6868,83.2185,35-44,solo,shoestring,17,2025-05-17
u0001041,weekend-escaper,Tamil Nadu,south,13.0827,80.2707,55+,family,comfortable,36,2024-02-04
u0001042,heritage-seeker,Rajasthan,north,26.9157,70.9083,18-24,friends,shoestring,2,2024-12-17
u0001043,family-holiday,Jammu and Kashmir,north,32.7266,74.857,55+,family,comfortable,1,2024-04-22
u0001044,beach-and-slow,Meghalaya,northeast,25.5788,91.8933,55+,couple,comfortable,1,2024-08-24
u0001045,mountain-walker,Uttarakhand,north,29.53,78.7747,35-44,family,comfortable,2,2024-06-19
u0001046,heritage-seeker,Gujarat,west,23.2156,72.6369,55+,family,shoestring,1,2024-01-07
u0001047,mountain-walker,Uttarakhand,north,30.3165,78.0322,25-34,family,moderate,4,2024-06-15
u0001048,weekend-escaper,Maharashtra,west,17.9307,73.6477,45-54,couple,moderate,1,2025-01-05
u0001049,food-first,Mizoram,northeast,23.7271,92.7176,25-34,family,moderate,1,2024-09-29
u0001050,weekend-escaper,Gujarat,west,21.1702,72.8311,18-24,couple,moderate,1,2024-06-30
u0001051,heritage-seeker,Tamil Nadu,south,11.4102,76.695,35-44,family,moderate,1,2025-01-10
u0001052,pilgrim,Telangana,south,17.385,78.4867,18-24,solo,shoestring,2,2024-02-21
u0001053,beach-and-slow,Maharashtra,west,19.8762,75.3433,55+,friends,comfortable,2,2024-09-27
u0001054,food-first,Madhya Pradesh,central,24.8318,79.9199,55+,solo,comfortable,1,2024-10-08
u0001055,weekend-escaper,Andaman and Nicobar Islands,south,11.6234,92.7265,45-54,family,shoestring,1,2025-01-06
u0001056,pilgrim,Rajasthan,north,26.4899,74.5511,55+,couple,comfortable,1,2024-04-06
u0001057,heritage-seeker,Jammu and Kashmir,north,32.7266,74.857,18-24,friends,moderate,1,2025-06-28
u0001058,mountain-walker,Andhra Pradesh,south,16.5062,80.648,25-34,friends,moderate,1,2024-05-14
u0001059,heritage-seeker,Odisha,east,19.8135,85.8312,45-54,solo,shoestring,3,2025-07-21
u0001060,heritage-seeker,Himachal Pradesh,north,32.2464,78.0349,55+,couple,premium,2,2025-02-18
u0001061,pilgrim,Goa,west,15.4909,73.8278,18-24,family,moderate,1,2024-04-26
u0001062,beach-and-slow,Maharashtra,west,19.8762,75.3433,25-34,family,moderate,5,2024-12-15
u0001063,weekend-escaper,Rajasthan,north,26.4899,74.5511,18-24,couple,comfortable,1,2024-03-12
u0001064,mountain-walker,Madhya Pradesh,central,24.8318,79.9199,35-44,solo,premium,1,2024-11-10
u0001065,heritage-seeker,Tamil Nadu,south,10.2381,77.4892,55+,friends,moderate,1,2025-07-21
u0001066,heritage-seeker,Rajasthan,north,26.2389,73.0243,18-24,family,comfortable,1,2025-04-12
u0001067,family-holiday,Karnataka,south,12.3375,75.8069,25-34,solo,moderate,1,2024-01-27
u0001068,family-holiday,Rajasthan,north,26.9157,70.9083,35-44,solo,shoestring,1,2024-06-20
u0001069,food-first,West Bengal,east,21.627,87.509,18-24,family,comfortable,2,2024-09-13
u0001070,mountain-walker,Goa,west,15.2993,74.124,25-34,couple,comfortable,1,2024-11-09
u0001071,family-holiday,Madhya Pradesh,central,26.2183,78.1828,55+,friends,shoestring,1,2024-06-05
u0001072,weekend-escaper,Karnataka,south,12.3375,75.8069,18-24,couple,shoestring,1,2025-09-22
u0001073,mountain-walker,Uttarakhand,north,27.4924,77.6737,45-54,couple,premium,1,2025-03-14
u0001074,pilgrim,Tamil Nadu,south,11.3494,76.7956,35-44,couple,moderate,1,2024-01-27
u0001075,mountain-walker,Ladakh,north,34.6868,77.5619,45-54,family,comfortable,2,2024-06-30
u0001076,beach-and-slow,Tamil Nadu,south,11.3494,76.7956,25-34,couple,moderate,2,2024-09-18
u0001077,family-holiday,Maharashtra,west,19.076,72.8777,25-34,friends,premium,1,2024-10-25
u0001078,food-first,Gujarat,west,20.888,70.401,45-54,family,shoestring,2,2025-05-18
u0001079,mountain-walker,Gujarat,west,22.3072,73.1812,55+,friends,comfortable,1,2024-09-07
u0001080,heritage-seeker,Rajasthan,north,26.9124,75.7873,35-44,family,moderate,8,2024-06-15
u0001081,heritage-seeker,Himachal Pradesh,north,32.2432,77.1892,45-54,family,shoestring,2,2024-01-21
u0001082,weekend-escaper,Uttar Pradesh,central,25.3176,82.9739,18-24,couple,moderate,1,2024-10-08
u0001083,heritage-seeker,Kerala,south,8.5241,76.9366,45-54,family,moderate,2,2024-10-07
u0001084,heritage-seeker,Gujarat,west,21.1702,72.8311,45-54,solo,moderate,1,2024-06-30
u0001085,food-first,Jammu and Kashmir,north,34.0837,74.7973,18-24,friends,shoestring,1,2024-02-09
u0001086,family-holiday,Uttarakhand,north,29.9457,78.1642,45-54,couple,comfortable,1,2024-02-08
u0001087,food-first,Rajasthan,north,25.4305,75.6499,25-34,family,moderate,1,2024-06-17
u0001088,beach-and-slow,Uttar Pradesh,central,25.3176,82.9739,55+,couple,moderate,1,2025-08-21
u0001089,weekend-escaper,West Bengal,east,22.5726,88.3639,55+,family,moderate,1,2024-04-13
u0001090,pilgrim,Maharashtra,west,19.9975,73.7898,35-44,family,moderate,1,2024-08-16
u0001091,pilgrim,Maharashtra,west,19.7645,74.4762,55+,family,moderate,3,2024-11-11
u0001092,family-holiday,Tamil Nadu,south,11.0168,76.9558,18-24,family,comfortable,1,2024-11-06
u0001093,food-first,Assam,northeast,26.1445,91.7362,45-54,family,comfortable,1,2024-10-15
u0001094,beach-and-slow,Karnataka,south,14.5479,74.3188,35-44,solo,shoestring,1,2024-04-20
u0001095,mountain-walker,Karnataka,south,12.3375,75.8069,18-24,family,moderate,1,2024-02-26
u0001096,heritage-seeker,Uttarakhand,north,27.4924,77.6737,55+,couple,shoestring,1,2024-09-06
u0001097,pilgrim,Assam,northeast,26.5775,93.1711,45-54,solo,moderate,2,2024-11-08
u0001098,family-holiday,Maharashtra,west,19.9975,73.7898,45-54,friends,shoestring,1,2025-04-27
u0001099,family-holiday,Punjab,north,31.634,74.8723,55+,family,moderate,2,2025-04-15
u0001100,food-first,Tamil Nadu,south,11.3494,76.7956,45-54,couple,moderate,1,2025-02-05
u0001101,weekend-escaper,Uttarakhand,north,29.53,78.7747,35-44,couple,comfortable,1,2025-04-16
u0001102,food-first,Maharashtra,west,17.9307,73.6477,45-54,family,premium,1,2024-11-13
u0001103,weekend-escaper,Bihar,east,24.6961,84.9911,35-44,friends,moderate,1,2025-05-31
u0001104,mountain-walker,Himachal Pradesh,north,32.2432,77.1892,35-44,family,moderate,3,2024-04-07
u0001105,weekend-escaper,Rajasthan,north,24.5926,72.7156,25-34,friends,shoestring,1,2024-05-14
u0001106,food-first,Mizoram,northeast,23.7271,92.7176,55+,solo,moderate,1,2025-08-16
u0001107,food-first,Kerala,south,10.0889,77.0595,25-34,family,shoestring,2,2024-12-05
u0001108,heritage-seeker,Himachal Pradesh,north,32.5387,75.9707,25-34,family,moderate,1,2025-06-19
u0001109,weekend-escaper,Himachal Pradesh,north,32.2432,77.1892,35-44,couple,shoestring,2,2024-01-08
u0001110,food-first,Maharashtra,west,18.5204,73.8567,25-34,couple,moderate,6,2025-09-11
u0001111,mountain-walker,Gujarat,west,23.2156,72.6369,45-54,couple,comfortable,2,2024-10-22
u0001112,heritage-seeker,Gujarat,west,23.7333,69.8597,35-44,couple,comfortable,1,2024-12-01
u0001113,mountain-walker,Nagaland,northeast,25.6751,94.11,18-24,couple,comfortable,1,2025-03-27
u0001114,heritage-seeker,Uttarakhand,north,29.53,78.7747,45-54,couple,comfortable,2,2024-10-25
u0001115,pilgrim,Gujarat,west,22.3072,73.1812,25-34,couple,shoestring,1,2024-11-29
u0001116,pilgrim,Karnataka,south,15.2689,76.3909,35-44,solo,moderate,4,2025-02-08
u0001117,mountain-walker,Kerala,south,9.4981,76.3388,18-24,solo,comfortable,17,2024-10-21
u0001118,heritage-seeker,Odisha,east,19.8876,86.0945,18-24,family,moderate,4,2025-09-15
u0001119,food-first,Uttarakhand,north,29.9457,78.1642,45-54,family,shoestring,2,2025-06-01
u0001120,food-first,Kerala,south,10.0889,77.0595,55+,friends,comfortable,2,2025-10-01
u0001121,family-holiday,Kerala,south,9.4981,76.3388,25-34,friends,shoestring,3,2024-03-26
u0001122,pilgrim,Himachal Pradesh,north,32.5387,75.9707,18-24,solo,shoestring,1,2024-09-07
u0001123,mountain-walker,Tamil Nadu,south,9.9252,78.1198,35-44,solo,premium,4,2024-01-03
u0001124,mountain-walker,Kerala,south,8.7379,76.7163,45-54,family,shoestring,1,2025-05-25
u0001125,mountain-walker,Delhi,north,28.6139,77.209,55+,family,premium,1,2025-06-27
u0001126,mountain-walker,Telangana,south,17.385,78.4867,35-44,friends,comfortable,2,2024-08-09
u0001127,family-holiday,Andhra Pradesh,south,16.5062,80.648,35-44,family,premium,2,2025-04-28
u0001128,weekend-escaper,Madhya Pradesh,central,23.1815,79.9864,45-54,couple,shoestring,1,2025-02-19
u0001129,weekend-escaper,Karnataka,south,12.9141,74.856,35-44,solo,shoestring,2,2024-05-30
u0001130,mountain-walker,Assam,northeast,26.5775,93.1711,18-24,solo,comfortable,1,2025-04-18
u0001131,food-first,Tripura,northeast,23.8315,91.2868,45-54,family,moderate,2,2025-08-10
u0001132,family-holiday,Gujarat,west,21.1702,72.8311,45-54,family,shoestring,1,2024-12-04
u0001133,family-holiday,Himachal Pradesh,north,32.2464,78.0349,25-34,family,moderate,2,2024-07-30
u0001134,weekend-escaper,Telangana,south,17.385,78.4867,55+,friends,moderate,1,2025-03-03
u0001135,pilgrim,Karnataka,south,15.335,76.46,18-24,couple,comfortable,1,2024-06-05
u0001136,family-holiday,Madhya Pradesh,central,23.4794,77.7392,55+,family,moderate,1,2025-05-27
u0001137,beach-and-slow,West Bengal,east,26.7271,88.3953,25-34,friends,shoestring,2,2024-03-16
u0001138,pilgrim,Karnataka,south,15.2689,76.3909,35-44,friends,moderate,16,2025-08-26
u0001139,heritage-seeker,Gujarat,west,23.0225,72.5714,35-44,friends,moderate,4,2024-01-13
u0001140,heritage-seeker,Uttar Pradesh,central,27.1767,78.0081,45-54,family,shoestring,1,2025-07-16
u0001141,heritage-seeker,Assam,northeast,26.95,94.17,55+,solo,moderate,2,2024-08-14
u0001142,weekend-escaper,Karnataka,south,13.3161,75.772,35-44,solo,shoestring,1,2024-07-19
u0001143,family-holiday,Karnataka,south,13.3161,75.772,18-24,family,moderate,3,2024-01-19
u0001144,beach-and-slow,Assam,northeast,26.95,94.17,18-24,couple,premium,1,2025-01-06
u0001145,mountain-walker,Madhya Pradesh,central,23.1765,75.7885,35-44,family,moderate,2,2025-04-16
u0001146,heritage-seeker,Uttarakhand,north,27.4924,77.6737,45-54,solo,moderate,1,2024-03-14
u0001147,pilgrim,Assam,northeast,26.95,94.17,18-24,couple,shoestring,16,2024-02-15
u0001148,food-first,Himachal Pradesh,north,32.01,77.3152,35-44,couple,shoestring,4,2025-06-28
u0001149,heritage-seeker,Tamil Nadu,south,11.0168,76.9558,55+,couple,moderate,1,2025-08-29
u0001150,family-holiday,Puducherry,south,11.9416,79.8083,18-24,couple,comfortable,2,2025-06-22
u0001151,food-first,Puducherry,south,11.9416,79.8083,55+,family,shoestring,1,2024-11-15
u0001152,family-holiday,Ladakh,north,34.1526,77.5771,18-24,couple,moderate,1,2024-01-22
u0001153,heritage-seeker,Tamil Nadu,south,12.6269,80.1927,35-44,family,comfortable,1,2025-01-06
u0001154,heritage-seeker,Rajasthan,north,24.5926,72.7156,35-44,couple,moderate,3,2024-06-25
u0001155,beach-and-slow,Madhya Pradesh,central,22.7196,75.8577,35-44,friends,moderate,2,2025-07-20
u0001156,heritage-seeker,Madhya Pradesh,central,23.1765,75.7885,25-34,couple,moderate,3,2024-05-14
u0001157,pilgrim,Delhi,north,28.6139,77.209,18-24,solo,moderate,3,2025-04-06
u0001158,weekend-escaper,Madhya Pradesh,central,23.1765,75.7885,35-44,friends,moderate,1,2025-01-08
u0001159,family-holiday,West Bengal,east,27.041,88.2663,55+,solo,premium,3,2024-04-11
u0001160,pilgrim,Uttar Pradesh,central,27.5806,77.7006,45-54,solo,moderate,1,2025-08-04
u0001161,food-first,Rajasthan,north,25.4305,75.6499,25-34,family,premium,4,2024-04-21
u0001162,beach-and-slow,Manipur,northeast,24.817,93.9368,45-54,family,comfortable,1,2024-11-11
u0001163,heritage-seeker,Maharashtra,west,19.7645,74.4762,25-34,friends,moderate,1,2025-04-07
u0001164,mountain-walker,Maharashtra,west,18.7546,73.4062,45-54,friends,premium,43,2024-08-31
u0001165,mountain-walker,Gujarat,west,22.3072,73.1812,35-44,friends,comfortable,1,2024-12-13
u0001166,mountain-walker,Tamil Nadu,south,9.9252,78.1198,55+,solo,comfortable,3,2025-08-02
u0001167,heritage-seeker,Karnataka,south,13.3409,74.7421,35-44,family,comfortable,1,2024-07-14
u0001168,heritage-seeker,West Bengal,east,22.5726,88.3639,45-54,family,shoestring,1,2025-04-01
u0001169,beach-and-slow,Gujarat,west,23.2156,72.6369,35-44,couple,moderate,1,2025-08-06
u0001170,beach-and-slow,Rajasthan,north,28.0229,73.3119,18-24,friends,premium,1,2025-09-26
u0001171,weekend-escaper,Sikkim,northeast,27.3314,88.6138,45-54,couple,shoestring,8,2024-05-20
u0001172,heritage-seeker,Tamil Nadu,south,11.4102,76.695,45-54,family,moderate,1,2025-07-09
u0001173,family-holiday,Madhya Pradesh,central,22.7196,75.8577,35-44,friends,comfortable,3,2024-07-01
u0001174,family-holiday,Sikkim,northeast,27.3314,88.6138,25-34,couple,comfortable,1,2025-05-05
u0001175,food-first,Karnataka,south,15.335,76.46,25-34,family,comfortable,14,2025-02-05
u0001176,family-holiday,Odisha,east,19.8135,85.8312,55+,solo,premium,1,2024-03-24
u0001177,family-holiday,Uttarakhand,north,29.3803,79.4636,18-24,solo,shoestring,1,2025-01-25
u0001178,family-holiday,Puducherry,south,11.9416,79.8083,25-34,couple,moderate,5,2025-05-28
u0001179,family-holiday,Sikkim,northeast,27.3314,88.6138,25-34,family,shoestring,1,2025-03-21
u0001180,family-holiday,Jharkhand,east,23.3441,85.3096,35-44,family,premium,5,2024-05-02
u0001181,food-first,Punjab,north,31.634,74.8723,35-44,family,moderate,1,2024-01-11
u0001182,food-first,Himachal Pradesh,north,32.219,76.3234,18-24,couple,comfortable,2,2024-05-09
u0001183,pilgrim,Tamil Nadu,south,10.7905,78.7047,35-44,family,moderate,4,2024-06-02
u0001184,heritage-seeker,Sikkim,northeast,27.3314,88.6138,18-24,couple,moderate,2,2024-07-29
u0001185,pilgrim,Gujarat,west,22.2394,68.9678,35-44,friends,comfortable,1,2025-01-15
u0001186,beach-and-slow,Uttarakhand,north,27.4924,77.6737,45-54,solo,comfortable,1,2025-04-22
u0001187,family-holiday,Kerala,south,9.9312,76.2673,45-54,friends,comfortable,1,2024-10-04
u0001188,weekend-escaper,Arunachal Pradesh,northeast,27.586,91.859,18-24,couple,moderate,2,2024-09-29
u0001189,weekend-escaper,Madhya Pradesh,central,24.8318,79.9199,18-24,couple,premium,1,2024-03-06
u0001190,beach-and-slow,Maharashtra,west,21.1458,79.0882,25-34,couple,premium,1,2024-05-31
u0001191,food-first,Uttarakhand,north,27.4924,77.6737,45-54,solo,comfortable,1,2025-05-11
u0001192,family-holiday,Gujarat,west,20.888,70.401,18-24,family,shoestring,1,2024-04-28
u0001193,heritage-seeker,Maharashtra,west,19.076,72.8777,18-24,family,premium,1,2025-05-15
u0001194,beach-and-slow,Madhya Pradesh,central,24.8318,79.9199,18-24,family,moderate,3,2024-05-30
u0001195,mountain-walker,Maharashtra,west,19.7645,74.4762,45-54,solo,comfortable,1,2024-07-23
u0001196,pilgrim,Rajasthan,north,28.0229,73.3119,45-54,solo,shoestring,9,2025-04-28
u0001197,beach-and-slow,Arunachal Pradesh,northeast,27.0844,93.6053,35-44,solo,comfortable,1,2025-01-12
u0001198,weekend-escaper,Gujarat,west,23.7333,69.8597,45-54,family,shoestring,1,2024-05-21
u0001199,food-first,Mizoram,northeast,23.7271,92.7176,25-34,family,moderate,1,2024-11-09
u0001200,food-first,Himachal Pradesh,north,32.219,76.3234,18-24,friends,comfortable,1,2025-01-10
u0001201,pilgrim,Himachal Pradesh,north,31.1048,77.1734,25-34,couple,premium,5,2024-03-30
u0001202,weekend-escaper,Uttar Pradesh,central,27.1767,78.0081,25-34,couple,moderate,1,2024-09-20
u0001203,family-holiday,Karnataka,south,12.9141,74.856,35-44,solo,moderate,1,2025-04-06
u0001204,pilgrim,Rajasthan,north,24.5854,73.7125,35-44,couple,comfortable,1,2025-07-29
u0001205,mountain-walker,Gujarat,west,23.7333,69.8597,35-44,couple,moderate,5,2025-06-05
u0001206,beach-and-slow,Uttarakhand,north,29.53,78.7747,45-54,family,premium,2,2024-11-20
u0001207,family-holiday,Kerala,south,8.4004,76.9784,35-44,couple,comfortable,1,2025-04-25
u0001208,heritage-seeker,Gujarat,west,23.7333,69.8597,35-44,family,moderate,8,2024-06-16
u0001209,food-first,Rajasthan,north,28.0229,73.3119,55+,couple,shoestring,6,2024-10-01
u0001210,family-holiday,Maharashtra,west,19.076,72.8777,25-34,solo,premium,3,2024-11-21
u0001211,food-first,Madhya Pradesh,central,26.2183,78.1828,25-34,couple,shoestring,1,2024-03-28
u0001212,food-first,Gujarat,west,22.3072,73.1812,25-34,solo,moderate,4,2025-07-26
u0001213,mountain-walker,Odisha,east,20.2961,85.8245,18-24,friends,comfortable,1,2025-07-30
u0001214,weekend-escaper,Gujarat,west,23.7333,69.8597,35-44,couple,comfortable,1,2024-05-11
u0001215,beach-and-slow,Kerala,south,9.9312,76.2673,45-54,solo,comfortable,2,2024-11-14
u0001216,weekend-escaper,Jammu and Kashmir,north,32.7266,74.857,45-54,friends,comfortable,1,2025-01-04
u0001217,pilgrim,Madhya Pradesh,central,24.8318,79.9199,45-54,family,comfortable,6,2024-04-10
u0001218,food-first,Punjab,north,31.634,74.8723,55+,friends,comfortable,17,2025-04-05
u0001219,weekend-escaper,Rajasthan,north,24.5926,72.7156,45-54,solo,comfortable,1,2024-07-26
u0001220,family-holiday,Kerala,south,10.0889,77.0595,35-44,family,moderate,1,2025-06-18
u0001221,mountain-walker,Madhya Pradesh,central,23.1765,75.7885,25-34,family,moderate,10,2024-07-19
u0001222,heritage-seeker,Maharashtra,west,19.8762,75.3433,35-44,solo,moderate,1,2024-11-22
u0001223,pilgrim,Jammu and Kashmir,north,34.0837,74.7973,25-34,friends,shoestring,2,2025-01-05
u0001224,heritage-seeker,Kerala,south,9.4981,76.3388,25-34,family,shoestring,2,2024-07-04
u0001225,heritage-seeker,Bihar,east,25.5941,85.1376,45-54,family,shoestring,3,2025-08-28
u0001226,beach-and-slow,Rajasthan,north,26.2389,73.0243,25-34,family,comfortable,1,2024-05-26
u0001227,beach-and-slow,Kerala,south,9.4981,76.3388,45-54,friends,shoestring,2,2025-01-02
u0001228,pilgrim,Puducherry,south,11.9416,79.8083,18-24,couple,moderate,5,2025-06-22
u0001229,family-holiday,Sikkim,northeast,27.3,88.24,35-44,family,comfortable,1,2024-09-16
u0001230,weekend-escaper,Uttarakhand,north,30.4598,78.0644,45-54,couple,moderate,2,2024-02-08
u0001231,heritage-seeker,Kerala,south,9.5916,77.1603,25-34,family,shoestring,1,2025-04-03
u0001232,beach-and-slow,Ladakh,north,34.1526,77.5771,55+,couple,moderate,1,2024-05-06
u0001233,family-holiday,Tamil Nadu,south,10.787,79.1378,25-34,family,comfortable,1,2024-03-05
u0001234,weekend-escaper,Tamil Nadu,south,11.4102,76.695,55+,friends,comfortable,3,2024-09-09
u0001235,food-first,Uttarakhand,north,30.529,79.5666,45-54,family,shoestring,5,2025-05-01
u0001236,family-holiday,Jammu and Kashmir,north,32.7266,74.857,35-44,friends,shoestring,1,2025-07-28
u0001237,family-holiday,Maharashtra,west,17.9307,73.6477,55+,family,moderate,1,2025-05-30
u0001238,family-holiday,Andhra Pradesh,south,16.5062,80.648,35-44,solo,shoestring,2,2024-12-07
u0001239,weekend-escaper,Bihar,east,24.6961,84.9911,25-34,couple,moderate,2,2025-09-27
u0001240,heritage-seeker,Himachal Pradesh,north,32.219,76.3234,18-24,friends,moderate,1,2025-01-06
u0001241,mountain-walker,Madhya Pradesh,central,24.8318,79.9199,18-24,couple,comfortable,1,2024-09-21
u0001242,family-holiday,Himachal Pradesh,north,32.01,77.3152,25-34,friends,comfortable,1,2025-04-19
u0001243,weekend-escaper,Rajasthan,north,26.4499,74.6399,45-54,solo,premium,1,2024-05-13
u0001244,pilgrim,Karnataka,south,15.335,76.46,18-24,friends,comfortable,1,2024-11-02
u0001245,heritage-seeker,Tamil Nadu,south,10.7905,78.7047,45-54,couple,comfortable,1,2024-07-13
u0001246,beach-and-slow,Tamil Nadu,south,13.0827,80.2707,25-34,solo,moderate,1,2024-10-07
u0001247,weekend-escaper,Odisha,east,19.8135,85.8312,55+,couple,comfortable,1,2024-02-24
u0001248,pilgrim,Kerala,south,11.6854,76.132,55+,friends,shoestring,1,2025-03-13
u0001249,pilgrim,Maharashtra,west,17.9307,73.6477,18-24,family,moderate,1,2024-11-20
u0001250,food-first,Bihar,east,25.5941,85.1376,18-24,couple,moderate,5,2024-04-05
u0001251,family-holiday,Arunachal Pradesh,northeast,27.586,91.859,35-44,family,comfortable,9,2025-05-19
u0001252,family-holiday,Jammu and Kashmir,north,32.7266,74.857,55+,friends,premium,1,2024-04-18
u0001253,heritage-seeker,Tamil Nadu,south,10.7905,78.7047,18-24,family,shoestring,1,2024-09-06
u0001254,family-holiday,Madhya Pradesh,central,25.3518,78.6417,25-34,friends,shoestring,1,2025-01-28
u0001255,family-holiday,Kerala,south,9.4981,76.3388,18-24,couple,comfortable,3,2025-06-27
u0001256,heritage-seeker,Madhya Pradesh,central,25.3518,78.6417,35-44,solo,premium,2,2025-09-04
u0001257,pilgrim,Odisha,east,19.8876,86.0945,55+,friends,premium,1,2024-06-12
u0001258,food-first,Maharashtra,west,18.5204,73.8567,25-34,couple,premium,1,2025-02-09
u0001259,weekend-escaper,Odisha,east,20.2961,85.8245,45-54,friends,moderate,24,2024-07-16
u0001260,family-holiday,Manipur,northeast,24.817,93.9368,35-44,friends,moderate,1,2024-07-04
u0001261,pilgrim,Karnataka,south,12.2958,76.6394,35-44,friends,moderate,1,2024-04-15
u0001262,heritage-seeker,Madhya Pradesh,central,22.7196,75.8577,45-54,family,moderate,6,2024-05-31
u0001263,beach-and-slow,Karnataka,south,15.2689,76.3909,25-34,solo,comfortable,2,2024-03-12
u0001264,mountain-walker,Punjab,north,31.634,74.8723,25-34,couple,moderate,1,2024-10-03
u0001265,family-holiday,Andhra Pradesh,south,16.5062,80.648,55+,solo,comfortable,1,2025-05-05
u0001266,food-first,Rajasthan,north,28.0229,73.3119,55+,solo,comfortable,1,2024-05-07
u0001267,beach-and-slow,Meghalaya,northeast,25.27,91.732,18-24,family,moderate,1,2025-06-24
u0001268,food-first,Gujarat,west,21.1702,72.8311,25-34,couple,shoestring,4,2024-06-22
u0001269,heritage-seeker,Rajasthan,north,26.2389,73.0243,55+,family,shoestring,1,2025-05-18
u0001270,weekend-escaper,West Bengal,east,27.041,88.2663,45-54,solo,comfortable,3,2025-07-03
u0001271,heritage-seeker,Karnataka,south,14.5479,74.3188,18-24,couple,comfortable,2,2024-04-28
u0001272,weekend-escaper,Gujarat,west,23.7333,69.8597,25-34,family,shoestring,2,2024-04-20
u0001273,family-holiday,Madhya Pradesh,central,25.3518,78.6417,55+,couple,moderate,3,2024-05-07
u0001274,mountain-walker,West Bengal,east,27.041,88.2663,18-24,couple,comfortable,6,2024-03-16
u0001275,family-holiday,Jammu and Kashmir,north,32.7266,74.857,45-54,friends,shoestring,2,2024-09-20
u0001276,mountain-walker,Rajasthan,north,26.4499,74.6399,45-54,solo,premium,6,2024-02-13
u0001277,beach-and-slow,Uttarakhand,north,29.3803,79.4636,35-44,family,shoestring,1,2024-10-11
u0001278,food-first,Rajasthan,north,26.4499,74.6399,18-24,solo,moderate,1,2024-06-02
u0001279,mountain-walker,Maharashtra,west,19.8762,75.3433,45-54,friends,moderate,1,2024-03-25
u0001280,heritage-seeker,Maharashtra,west,17.9307,73.6477,35-44,couple,comfortable,1,2025-04-04
u0001281,family-holiday,Karnataka,south,13.3409,74.7421,55+,solo,comfortable,1,2025-03-08
u0001282,food-first,West Bengal,east,26.7271,88.3953,25-34,solo,shoestring,3,2025-01-12
u0001283,heritage-seeker,Himachal Pradesh,north,32.219,76.3234,25-34,solo,comfortable,3,2025-09-28
u0001284,mountain-walker,Gujarat,west,23.2156,72.6369,18-24,couple,comfortable,1,2024-07-28
u0001285,family-holiday,West Bengal,east,27.06,88.47,45-54,family,comfortable,4,2024-09-27
u0001286,mountain-walker,Rajasthan,north,26.9157,70.9083,18-24,solo,moderate,1,2024-11-27
u0001287,heritage-seeker,Maharashtra,west,19.8762,75.3433,18-24,family,comfortable,1,2025-04-06
u0001288,pilgrim,Nagaland,northeast,25.6751,94.11,25-34,couple,comfortable,3,2024-01-03
u0001289,mountain-walker,Karnataka,south,15.335,76.46,55+,solo,moderate,5,2024-04-28
u0001290,heritage-seeker,Rajasthan,north,26.9124,75.7873,55+,friends,comfortable,2,2024-09-04
u0001291,mountain-walker,Puducherry,south,11.9416,79.8083,45-54,couple,comfortable,2,2024-12-10
u0001292,family-holiday,Karnataka,south,13.3409,74.7421,25-34,family,comfortable,1,2025-04-20
u0001293,food-first,Rajasthan,north,24.5926,72.7156,18-24,couple,premium,1,2024-05-18
u0001294,heritage-seeker,Rajasthan,north,24.8887,74.6269,55+,friends,shoestring,1,2024-07-28
u0001295,beach-and-slow,Jammu and Kashmir,north,32.7266,74.857,55+,couple,premium,1,2024-07-18
u0001296,beach-and-slow,West Bengal,east,26.7271,88.3953,18-24,solo,shoestring,7,2025-08-10
u0001297,mountain-walker,Himachal Pradesh,north,32.01,77.3152,18-24,couple,moderate,1,2024-07-13
u0001298,food-first,West Bengal,east,27.06,88.47,35-44,family,shoestring,3,2024-02-09
u0001299,family-holiday,Maharashtra,west,21.1458,79.0882,45-54,friends,comfortable,1,2025-03-13
u0001300,weekend-escaper,Uttarakhand,north,30.529,79.5666,25-34,friends,comfortable,1,2025-02-12
u0001301,heritage-seeker,Andaman and Nicobar Islands,south,11.6234,92.7265,25-34,couple,moderate,1,2024-03-31
u0001302,mountain-walker,Maharashtra,west,19.9975,73.7898,55+,family,shoestring,1,2025-01-10
u0001303,beach-and-slow,Maharashtra,west,17.9307,73.6477,55+,family,moderate,1,2024-11-19
u0001304,food-first,Tamil Nadu,south,11.3494,76.7956,25-34,couple,shoestring,1,2025-01-31
u0001305,family-holiday,Kerala,south,8.7379,76.7163,35-44,couple,moderate,2,2025-08-07
u0001306,weekend-escaper,Tamil Nadu,south,10.787,79.1378,35-44,friends,moderate,1,2024-01-20
u0001307,food-first,Meghalaya,northeast,25.5788,91.8933,25-34,family,moderate,1,2024-05-16
u0001308,weekend-escaper,Tamil Nadu,south,12.6269,80.1927,35-44,solo,premium,3,2025-01-17
u0001309,mountain-walker,Andhra Pradesh,south,13.6288,79.4192,45-54,friends,moderate,1,2024-08-09
u0001310,family-holiday,Assam,northeast,26.5775,93.1711,45-54,family,moderate,1,2025-01-03
u0001311,family-holiday,Gujarat,west,21.1702,72.8311,18-24,couple,premium,2,2024-10-06
u0001312,heritage-seeker,Ladakh,north,34.6868,77.5619,25-34,family,comfortable,1,2024-06-28
u0001313,weekend-escaper,Rajasthan,north,28.0229,73.3119,18-24,family,moderate,1,2024-02-16
u0001314,weekend-escaper,Manipur,northeast,24.817,93.9368,18-24,couple,premium,1,2024-10-27
u0001315,heritage-seeker,Odisha,east,19.8876,86.0945,45-54,couple,comfortable,1,2024-03-13
u0001316,mountain-walker,Karnataka,south,15.335,76.46,55+,family,premium,2,2024-05-14
u0001317,mountain-walker,Bihar,east,25.1367,85.4438,45-54,solo,comfortable,1,2024-01-25
u0001318,family-holiday,Uttarakhand,north,30.4598,78.0644,55+,solo,premium,1,2024-01-27
u0001319,weekend-escaper,Tamil Nadu,south,12.6269,80.1927,18-24,solo,shoestring,3,2024-05-21
u0001320,food-first,Chhattisgarh,central,21.2514,81.6296,18-24,couple,premium,1,2025-07-29
u0001321,family-holiday,Himachal Pradesh,north,32.5387,75.9707,18-24,family,moderate,2,2024-03-15
u0001322,beach-and-slow,Himachal Pradesh,north,32.2464,78.0349,45-54,family,moderate,1,2025-04-07
u0001323,weekend-escaper,Madhya Pradesh,central,22.7196,75.8577,45-54,solo,comfortable,1,2024-09-01
u0001324,mountain-walker,Uttarakhand,north,27.4924,77.6737,35-44,couple,moderate,9,2024-02-16
u0001325,pilgrim,Arunachal Pradesh,northeast,27.586,91.859,35-44,solo,comfortable,1,2024-09-30
u0001326,beach-and-slow,Rajasthan,north,28.0229,73.3119,35-44,solo,comfortable,1,2024-06-23
u0001327,heritage-seeker,Uttarakhand,north,27.4924,77.6737,45-54,family,comfortable,3,2025-08-23
u0001328,mountain-walker,Maharashtra,west,19.7645,74.4762,45-54,family,moderate,1,2025-01-18
u0001329,family-holiday,Tamil Nadu,south,13.0827,80.2707,45-54,family,comfortable,1,2025-05-17
u0001330,food-first,Madhya Pradesh,central,25.3518,78.6417,45-54,friends,shoestring,1,2024-11-04
u0001331,family-holiday,Meghalaya,northeast,25.27,91.732,25-34,family,moderate,1,2024-04-19
u0001332,family-holiday,Andhra Pradesh,south,16.5062,80.648,55+,family,comfortable,1,2024-04-05
u0001333,beach-and-slow,Kerala,south,11.2588,75.7804,18-24,couple,comfortable,1,2024-06-29
u0001334,mountain-walker,Kerala,south,9.9312,76.2673,18-24,solo,premium,2,2025-04-14
u0001335,family-holiday,Karnataka,south,15.2689,76.3909,25-34,friends,moderate,2,2024-10-29
u0001336,food-first,West Bengal,east,27.06,88.47,55+,family,moderate,1,2024-01-08
u0001337,food-first,Kerala,south,11.2588,75.7804,25-34,solo,comfortable,1,2024-06-12
u0001338,beach-and-slow,Tamil Nadu,south,11.3494,76.7956,25-34,friends,comfortable,1,2024-04-17
u0001339,mountain-walker,Odisha,east,19.8135,85.8312,18-24,solo,comfortable,1,2024-11-26
u0001340,family-holiday,Puducherry,south,11.9416,79.8083,25-34,couple,comfortable,2,2024-06-28
u0001341,pilgrim,Mizoram,northeast,23.7271,92.7176,18-24,solo,comfortable,1,2024-07-03
u0001342,weekend-escaper,Bihar,east,24.6961,84.9911,45-54,friends,shoestring,25,2025-03-23
u0001343,food-first,Tamil Nadu,south,11.4102,76.695,25-34,couple,premium,1,2024-07-09
u0001344,family-holiday,West Bengal,east,27.06,88.47,35-44,family,moderate,1,2024-11-30
u0001345,family-holiday,Madhya Pradesh,central,23.2599,77.4126,55+,solo,premium,24,2024-02-12
u0001346,family-holiday,Sikkim,northeast,27.3,88.24,18-24,couple,shoestring,2,2024-12-14
u0001347,family-holiday,Maharashtra,west,19.076,72.8777,18-24,couple,premium,2,2024-01-06
u0001348,mountain-walker,Kerala,south,8.5241,76.9366,45-54,couple,comfortable,1,2025-07-20
u0001349,mountain-walker,Gujarat,west,21.1702,72.8311,55+,couple,moderate,6,2024-07-29
u0001350,family-holiday,Chhattisgarh,central,21.2514,81.6296,18-24,solo,comfortable,1,2024-06-10
u0001351,family-holiday,Assam,northeast,26.5775,93.1711,45-54,couple,moderate,1,2025-05-15
u0001352,pilgrim,Uttarakhand,north,30.4598,78.0644,45-54,family,premium,1,2024-02-20
u0001353,family-holiday,Himachal Pradesh,north,31.1048,77.1734,25-34,couple,moderate,1,2025-04-24
u0001354,food-first,Madhya Pradesh,central,23.2599,77.4126,45-54,family,shoestring,1,2025-05-16
u0001355,pilgrim,Kerala,south,8.5241,76.9366,25-34,solo,moderate,1,2024-10-31
u0001356,food-first,Meghalaya,northeast,25.5788,91.8933,18-24,family,shoestring,11,2025-06-09
u0001357,food-first,Kerala,south,8.7379,76.7163,25-34,solo,premium,1,2024-09-17
u0001358,mountain-walker,West Bengal,east,21.627,87.509,18-24,solo,shoestring,1,2025-05-09
u0001359,family-holiday,Karnataka,south,13.3409,74.7421,45-54,friends,moderate,1,2025-08-08
u0001360,beach-and-slow,Rajasthan,north,24.8887,74.6269,55+,family,comfortable,3,2025-01-24
u0001361,weekend-escaper,Goa,west,15.4909,73.8278,18-24,friends,comfortable,1,2025-01-05
u0001362,beach-and-slow,Kerala,south,11.2588,75.7804,35-44,solo,moderate,4,2025-03-04
u0001363,mountain-walker,West Bengal,east,22.5726,88.3639,18-24,family,comfortable,1,2024-07-05
u0001364,heritage-seeker,Sikkim,northeast,27.3,88.24,45-54,couple,shoestring,1,2024-07-12
u0001365,food-first,Odisha,east,19.8135,85.8312,18-24,couple,moderate,5,2024-02-29
u0001366,beach-and-slow,Jammu and Kashmir,north,34.0837,74.7973,35-44,solo,comfortable,1,2025-07-22
u0001367,family-holiday,Himachal Pradesh,north,32.01,77.3152,35-44,friends,moderate,3,2024-11-08
u0001368,heritage-seeker,Chandigarh,north,30.7333,76.7794,35-44,family,moderate,8,2024-01-07
u0001369,heritage-seeker,Bihar,east,25.5941,85.1376,45-54,friends,shoestring,1,2025-08-14
u0001370,beach-and-slow,Bihar,east,24.6961,84.9911,25-34,friends,comfortable,2,2025-06-20
u0001371,beach-and-slow,Kerala,south,11.6854,76.132,55+,family,moderate,2,2024-12-01
u0001372,heritage-seeker,Uttarakhand,north,29.53,78.7747,25-34,friends,premium,1,2025-02-20
u0001373,heritage-seeker,Gujarat,west,23.2156,72.6369,35-44,family,moderate,1,2024-11-04
u0001374,weekend-escaper,Bihar,east,25.1367,85.4438,55+,friends,comfortable,1,2025-06-27
u0001375,family-holiday,Uttar Pradesh,central,27.1767,78.0081,55+,family,shoestring,2,2024-09-17
u0001376,mountain-walker,Meghalaya,northeast,25.5788,91.8933,25-34,family,comfortable,1,2024-05-23
u0001377,weekend-escaper,Jammu and Kashmir,north,32.7266,74.857,35-44,family,moderate,1,2024-12-18
u0001378,mountain-walker,Odisha,east,20.2961,85.8245,35-44,solo,moderate,1,2024-11-29
u0001379,pilgrim,Himachal Pradesh,north,32.2432,77.1892,25-34,solo,comfortable,1,2025-01-02
u0001380,mountain-walker,Uttar Pradesh,central,27.5806,77.7006,45-54,solo,shoestring,1,2024-10-14
u0001381,beach-and-slow,Kerala,south,10.0889,77.0595,55+,couple,comfortable,1,2024-11-12
u0001382,family-holiday,Uttarakhand,north,27.4924,77.6737,35-44,friends,moderate,1,2025-01-17
u0001383,mountain-walker,Rajasthan,north,26.2389,73.0243,35-44,couple,moderate,1,2025-02-12
u0001384,weekend-escaper,Kerala,south,9.9312,76.2673,45-54,couple,moderate,1,2025-02-08
u0001385,family-holiday,Sikkim,northeast,27.3,88.24,55+,solo,comfortable,1,2024-08-18
u0001386,food-first,Madhya Pradesh,central,26.2183,78.1828,55+,couple,comfortable,1,2025-02-26
u0001387,family-holiday,Karnataka,south,15.918,75.685,55+,family,comfortable,1,2025-02-09
u0001388,family-holiday,Andaman and Nicobar Islands,south,11.6234,92.7265,55+,solo,moderate,2,2025-04-19
u0001389,pilgrim,Rajasthan,north,24.8887,74.6269,25-34,couple,comfortable,15,2024-09-11
u0001390,food-first,Himachal Pradesh,north,32.5387,75.9707,25-34,friends,comfortable,1,2024-12-30
u0001391,pilgrim,Mizoram,northeast,23.7271,92.7176,45-54,solo,premium,1,2024-04-19
u0001392,family-holiday,Chhattisgarh,central,21.2514,81.6296,18-24,solo,moderate,1,2025-07-21
u0001393,pilgrim,Andhra Pradesh,south,13.6288,79.4192,55+,friends,shoestring,2,2024-12-21
u0001394,heritage-seeker,Meghalaya,northeast,25.5788,91.8933,35-44,solo,moderate,1,2025-04-14
u0001395,heritage-seeker,Uttar Pradesh,central,27.1767,78.0081,45-54,couple,premium,2,2025-08-18
u0001396,food-first,Uttarakhand,north,30.529,79.5666,25-34,couple,shoestring,1,2025-06-21
u0001397,mountain-walker,Tamil Nadu,south,10.787,79.1378,25-34,friends,comfortable,1,2024-08-05
u0001398,food-first,Telangana,south,17.385,78.4867,45-54,couple,moderate,2,2024-09-18
u0001399,heritage-seeker,Gujarat,west,21.1702,72.8311,55+,couple,comfortable,1,2025-03-20
u0001400,family-holiday,Karnataka,south,12.2958,76.6394,18-24,friends,premium,5,2024-11-15
u0001401,mountain-walker,Andhra Pradesh,south,17.6868,83.2185,18-24,couple,shoestring,6,2025-08-23
u0001402,family-holiday,Gujarat,west,23.0225,72.5714,18-24,friends,comfortable,5,2025-03-22
u0001403,family-holiday,Tamil Nadu,south,8.0883,77.5385,18-24,family,comfortable,1,2024-09-07
u0001404,beach-and-slow,Gujarat,west,22.2394,68.9678,35-44,solo,moderate,1,2024-02-16
u0001405,weekend-escaper,Himachal Pradesh,north,32.01,77.3152,35-44,solo,shoestring,1,2025-06-10
u0001406,heritage-seeker,Tamil Nadu,south,10.7905,78.7047,35-44,solo,moderate,1,2024-08-15
u0001407,mountain-walker,Uttar Pradesh,central,25.3176,82.9739,35-44,solo,comfortable,2,2025-07-02
u0001408,weekend-escaper,Sikkim,northeast,27.3314,88.6138,25-34,friends,premium,1,2024-01-22
u0001409,heritage-seeker,Chhattisgarh,central,21.2514,81.6296,45-54,couple,moderate,1,2024-08-30
u0001410,weekend-escaper,Odisha,east,19.8876,86.0945,18-24,solo,shoestring,2,2025-08-04
u0001411,pilgrim,Assam,northeast,26.5775,93.1711,55+,solo,comfortable,1,2025-08-25
u0001412,weekend-escaper,West Bengal,east,27.041,88.2663,25-34,family,comfortable,1,2025-09-27
u0001413,family-holiday,Rajasthan,north,26.4499,74.6399,35-44,solo,premium,3,2025-02-27
u0001414,family-holiday,Uttarakhand,north,29.53,78.7747,45-54,solo,comfortable,1,2025-08-15
u0001415,weekend-escaper,Karnataka,south,12.9141,74.856,45-54,family,moderate,1,2024-04-21
u0001416,food-first,Maharashtra,west,18.6414,72.8722,18-24,couple,comfortable,1,2024-04-23
u0001417,beach-and-slow,Andhra Pradesh,south,17.6868,83.2185,18-24,solo,shoestring,2,2025-01-13
u0001418,family-holiday,Sikkim,northeast,27.3,88.24,35-44,family,moderate,1,2025-05-01
u0001419,food-first,Himachal Pradesh,north,32.219,76.3234,45-54,family,shoestring,1,2024-01-23
u0001420,weekend-escaper,Puducherry,south,11.9416,79.8083,25-34,friends,shoestring,1,2025-09-29
u0001421,weekend-escaper,Madhya Pradesh,central,22.7196,75.8577,35-44,friends,moderate,3,2024-11-29
u0001422,food-first,Kerala,south,8.4004,76.9784,45-54,friends,shoestring,11,2024-02-19
u0001423,family-holiday,Arunachal Pradesh,northeast,27.586,91.859,18-24,couple,comfortable,1,2025-09-17
u0001424,family-holiday,Uttarakhand,north,29.53,78.7747,55+,family,shoestring,1,2024-08-28
u0001425,heritage-seeker,Madhya Pradesh,central,26.2183,78.1828,55+,family,comfortable,1,2024-06-22
u0001426,weekend-escaper,Uttarakhand,north,29.9457,78.1642,18-24,family,comfortable,1,2024-04-03
u0001427,food-first,Maharashtra,west,19.8762,75.3433,18-24,solo,moderate,1,2024-06-13
u0001428,mountain-walker,Puducherry,south,11.9416,79.8083,25-34,solo,shoestring,1,2025-01-05
u0001429,family-holiday,West Bengal,east,21.627,87.509,35-44,friends,moderate,2,2025-08-22
u0001430,food-first,Bihar,east,25.5941,85.1376,45-54,couple,comfortable,1,2025-06-20
u0001431,weekend-escaper,Odisha,east,19.8135,85.8312,18-24,family,moderate,2,2024-08-24
u0001432,mountain-walker,Sikkim,northeast,27.3314,88.6138,25-34,couple,comfortable,8,2025-03-02
u0001433,mountain-walker,Rajasthan,north,28.0229,73.3119,18-24,family,moderate,1,2025-01-09
u0001434,food-first,Kerala,south,9.5916,77.1603,25-34,family,shoestring,4,2025-08-28
u0001435,mountain-walker,West Bengal,east,21.627,87.509,35-44,solo,moderate,2,2024-11-21
u0001436,family-holiday,Maharashtra,west,17.9307,73.6477,25-34,family,premium,2,2025-03-01
u0001437,heritage-seeker,Maharashtra,west,18.7546,73.4062,55+,solo,shoestring,1,2025-04-29
u0001438,mountain-walker,West Bengal,east,21.627,87.509,45-54,friends,premium,1,2024-11-25
u0001439,mountain-walker,Assam,northeast,26.95,94.17,18-24,couple,comfortable,1,2024-04-13
u0001440,mountain-walker,Rajasthan,north,26.9157,70.9083,45-54,family,comfortable,1,2025-07-12
u0001441,family-holiday,Uttar Pradesh,central,26.4499,80.3319,55+,friends,shoestring,2,2024-02-15
u0001442,mountain-walker,Maharashtra,west,19.7645,74.4762,25-34,family,moderate,2,2025-03-06
u0001443,heritage-seeker,Madhya Pradesh,central,23.2599,77.4126,55+,friends,premium,4,2024-09-26
u0001444,food-first,Uttarakhand,north,30.0869,78.2676,55+,friends,moderate,1,2024-02-01
u0001445,family-holiday,Puducherry,south,11.9416,79.8083,25-34,solo,comfortable,1,2024-09-02
u0001446,family-holiday,Assam,northeast,26.5775,93.1711,18-24,family,comfortable,1,2024-06-23
u0001447,heritage-seeker,Rajasthan,north,26.4499,74.6399,25-34,friends,moderate,3,2024-09-14
u0001448,family-holiday,Kerala,south,9.9312,76.2673,45-54,couple,comfortable,1,2024-03-08
u0001449,family-holiday,Madhya Pradesh,central,23.4794,77.7392,35-44,family,comfortable,1,2025-04-24
u0001450,weekend-escaper,Andhra Pradesh,south,13.6288,79.4192,55+,solo,comfortable,41,2024-12-13
u0001451,food-first,Maharashtra,west,18.5204,73.8567,55+,couple,premium,2,2024-02-20
u0001452,food-first,Gujarat,west,20.888,70.401,35-44,couple,moderate,3,2024-02-17
u0001453,weekend-escaper,Rajasthan,north,26.4899,74.5511,25-34,solo,shoestring,46,2024-10-25
u0001454,weekend-escaper,Assam,northeast,26.1445,91.7362,25-34,family,shoestring,1,2025-01-06
u0001455,weekend-escaper,West Bengal,east,27.041,88.2663,25-34,solo,shoestring,1,2024-09-02
u0001456,weekend-escaper,Assam,northeast,26.95,94.17,35-44,family,comfortable,1,2024-09-21
u0001457,mountain-walker,Tamil Nadu,south,11.3494,76.7956,55+,couple,shoestring,1,2024-11-03
u0001458,mountain-walker,Maharashtra,west,18.5204,73.8567,55+,family,comfortable,1,2025-06-29
u0001459,food-first,Rajasthan,north,26.4499,74.6399,18-24,solo,comfortable,1,2024-11-26
u0001460,pilgrim,Uttarakhand,north,29.3803,79.4636,18-24,family,comfortable,6,2024-03-17
u0001461,mountain-walker,Tamil Nadu,south,11.0168,76.9558,35-44,family,shoestring,3,2024-12-27
u0001462,family-holiday,Uttarakhand,north,30.529,79.5666,25-34,solo,moderate,1,2025-03-25
u0001463,weekend-escaper,Jammu and Kashmir,north,32.7266,74.857,45-54,solo,moderate,1,2025-01-31
u0001464,heritage-seeker,Madhya Pradesh,central,25.3518,78.6417,35-44,couple,shoestring,2,2025-02-25
u0001465,pilgrim,Madhya Pradesh,central,23.2599,77.4126,35-44,couple,premium,2,2024-09-27
u0001466,heritage-seeker,Andhra Pradesh,south,16.5062,80.648,45-54,solo,comfortable,2,2024-01-30
u0001467,heritage-seeker,Madhya Pradesh,central,26.2183,78.1828,35-44,family,comfortable,1,2024-02-04
u0001468,heritage-seeker,Maharashtra,west,18.6414,72.8722,18-24,family,premium,2,2025-05-27
u0001469,beach-and-slow,Chhattisgarh,central,21.2514,81.6296,35-44,family,moderate,10,2025-07-20
u0001470,heritage-seeker,Himachal Pradesh,north,31.1048,77.1734,35-44,family,moderate,1,2024-06-05
u0001471,heritage-seeker,Madhya Pradesh,central,24.8318,79.9199,55+,solo,premium,1,2025-04-12
u0001472,beach-and-slow,Telangana,south,17.385,78.4867,18-24,friends,moderate,3,2024-07-03
u0001473,beach-and-slow,Rajasthan,north,26.2389,73.0243,35-44,family,shoestring,20,2025-01-30
u0001474,pilgrim,Uttar Pradesh,central,27.5806,77.7006,55+,couple,shoestring,2,2025-02-12
u0001475,pilgrim,Uttar Pradesh,central,27.5806,77.7006,18-24,solo,shoestring,1,2024-11-04
u0001476,mountain-walker,Karnataka,south,15.335,76.46,55+,solo,comfortable,5,2024-04-23
u0001477,weekend-escaper,Chhattisgarh,central,21.2514,81.6296,55+,friends,shoestring,1,2025-07-30
u0001478,beach-and-slow,Karnataka,south,14.5479,74.3188,25-34,couple,comfortable,1,2024-09-26
u0001479,beach-and-slow,Gujarat,west,21.1702,72.8311,45-54,solo,premium,1,2025-06-24
u0001480,food-first,Uttar Pradesh,central,26.7922,82.1998,25-34,family,comfortable,4,2024-07-30
u0001481,food-first,Arunachal Pradesh,northeast,27.0844,93.6053,18-24,couple,shoestring,3,2024-01-16
u0001482,mountain-walker,Madhya Pradesh,central,25.3518,78.6417,55+,solo,moderate,2,2024-09-14
u0001483,family-holiday,Goa,west,15.4909,73.8278,18-24,family,moderate,1,2024-06-16
u0001484,heritage-seeker,Uttarakhand,north,29.3803,79.4636,35-44,solo,comfortable,1,2025-02-13
u0001485,beach-and-slow,Karnataka,south,15.2689,76.3909,25-34,solo,comfortable,19,2025-01-13
u0001486,beach-and-slow,Rajasthan,north,28.0229,73.3119,45-54,couple,moderate,1,2024-09-26
u0001487,beach-and-slow,Rajasthan,north,24.5854,73.7125,55+,solo,moderate,3,2024-11-01
u0001488,heritage-seeker,Rajasthan,north,26.2389,73.0243,25-34,family,comfortable,1,2024-12-02
u0001489,mountain-walker,Meghalaya,northeast,25.27,91.732,35-44,friends,comfortable,3,2025-05-14
u0001490,weekend-escaper,Andhra Pradesh,south,13.6288,79.4192,55+,friends,moderate,2,2025-01-22
u0001491,family-holiday,Tamil Nadu,south,10.7905,78.7047,25-34,solo,moderate,1,2024-07-04
u0001492,family-holiday,West Bengal,east,27.06,88.47,45-54,solo,moderate,2,2024-02-09
u0001493,weekend-escaper,Meghalaya,northeast,25.5788,91.8933,55+,family,shoestring,1,2024-06-02
u0001494,family-holiday,Andaman and Nicobar Islands,south,11.6234,92.7265,18-24,family,comfortable,1,2024-08-01
u0001495,heritage-seeker,Madhya Pradesh,central,23.4794,77.7392,18-24,friends,moderate,1,2025-08-02
u0001496,beach-and-slow,Himachal Pradesh,north,32.01,77.3152,18-24,family,moderate,3,2024-12-17
u0001497,pilgrim,Tamil Nadu,south,10.787,79.1378,45-54,family,moderate,1,2025-07-31
u0001498,family-holiday,West Bengal,east,21.627,87.509,18-24,solo,shoestring,31,2025-09-05
u0001499,weekend-escaper,Karnataka,south,15.2689,76.3909,25-34,couple,premium,1,2024-02-25
u0001500,pilgrim,Kerala,south,9.9312,76.2673,55+,family,moderate,1,2025-04-14
u0001501,heritage-seeker,Rajasthan,north,26.4499,74.6399,18-24,friends,shoestring,7,2024-07-29
u0001502,family-holiday,Rajasthan,north,24.5926,72.7156,25-34,friends,premium,5,2025-08-31
u0001503,heritage-seeker,Uttar Pradesh,central,25.3176,82.9739,55+,solo,shoestring,1,2024-02-09
u0001504,family-holiday,Rajasthan,north,24.8887,74.6269,45-54,friends,shoestring,4,2024-05-03
u0001505,beach-and-slow,Mizoram,northeast,23.7271,92.7176,35-44,family,comfortable,1,2024-01-26
u0001506,food-first,Karnataka,south,12.9141,74.856,18-24,solo,moderate,5,2024-01-23
u0001507,beach-and-slow,Meghalaya,northeast,25.27,91.732,18-24,family,comfortable,1,2024-06-02
u0001508,food-first,Rajasthan,north,28.0229,73.3119,55+,solo,moderate,2,2025-04-21
u0001509,mountain-walker,Tamil Nadu,south,10.2381,77.4892,45-54,solo,moderate,1,2024-12-25
u0001510,family-holiday,Uttarakhand,north,30.3165,78.0322,25-34,family,moderate,1,2024-04-22
u0001511,beach-and-slow,Gujarat,west,23.0225,72.5714,18-24,solo,moderate,2,2025-08-15
u0001512,mountain-walker,Uttarakhand,north,29.9457,78.1642,18-24,friends,comfortable,1,2025-05-29
u0001513,pilgrim,Gujarat,west,20.888,70.401,18-24,solo,moderate,1,2024-02-02
u0001514,family-holiday,Himachal Pradesh,north,32.01,77.3152,18-24,friends,moderate,2,2024-02-18
u0001515,weekend-escaper,Tamil Nadu,south,10.7905,78.7047,45-54,couple,moderate,1,2025-08-12
u0001516,heritage-seeker,Rajasthan,north,26.4899,74.5511,18-24,couple,comfortable,1,2024-10-21
u0001517,food-first,Rajasthan,north,26.4899,74.5511,35-44,family,premium,1,2025-01-20
u0001518,heritage-seeker,Tamil Nadu,south,10.787,79.1378,25-34,family,moderate,1,2024-12-16
u0001519,family-holiday,Uttarakhand,north,30.0869,78.2676,55+,family,moderate,1,2024-02-29
u0001520,mountain-walker,Andhra Pradesh,south,17.6868,83.2185,18-24,family,shoestring,1,2024-12-31
u0001521,pilgrim,West Bengal,east,21.627,87.509,25-34,couple,comfortable,1,2024-02-19
u0001522,mountain-walker,Arunachal Pradesh,northeast,27.586,91.859,25-34,solo,comfortable,1,2024-03-23
u0001523,heritage-seeker,Goa,west,15.2993,74.124,35-44,couple,moderate,1,2024-07-28
u0001524,heritage-seeker,West Bengal,east,27.041,88.2663,55+,friends,comfortable,5,2025-05-18
u0001525,mountain-walker,Tamil Nadu,south,11.0168,76.9558,55+,couple,comfortable,1,2024-09-21
u0001526,family-holiday,Sikkim,northeast,27.3,88.24,18-24,solo,premium,1,2024-10-22
u0001527,family-holiday,Tamil Nadu,south,12.6269,80.1927,25-34,solo,comfortable,1,2024-08-24
u0001528,pilgrim,Kerala,south,8.7379,76.7163,55+,solo,comfortable,2,2024-12-16
u0001529,pilgrim,Kerala,south,8.4004,76.9784,35-44,family,shoestring,2,2024-10-14
u0001530,pilgrim,Karnataka,south,12.9141,74.856,55+,family,moderate,3,2024-06-10
u0001531,weekend-escaper,Uttar Pradesh,central,26.8467,80.9462,45-54,friends,shoestring,12,2024-04-15
u0001532,weekend-escaper,Tamil Nadu,south,10.2381,77.4892,55+,solo,moderate,1,2025-08-11
u0001533,heritage-seeker,Kerala,south,10.0889,77.0595,25-34,couple,moderate,4,2025-01-08
u0001534,beach-and-slow,Uttar Pradesh,central,25.4358,81.8463,45-54,couple,premium,1,2025-07-23
u0001535,mountain-walker,Uttar Pradesh,central,27.1767,78.0081,18-24,family,comfortable,1,2025-09-24
u0001536,family-holiday,Arunachal Pradesh,northeast,27.586,91.859,55+,solo,moderate,1,2025-07-03
u0001537,mountain-walker,West Bengal,east,22.5726,88.3639,25-34,friends,moderate,1,2024-06-04
u0001538,family-holiday,Maharashtra,west,21.1458,79.0882,18-24,couple,comfortable,1,2025-06-19
u0001539,family-holiday,Uttar Pradesh,central,25.4358,81.8463,35-44,couple,comfortable,1,2024-04-14
u0001540,food-first,West Bengal,east,27.06,88.47,55+,family,moderate,1,2024-09-06
u0001541,weekend-escaper,Karnataka,south,12.9716,77.5946,45-54,solo,moderate,1,2025-02-07
u0001542,heritage-seeker,Uttar Pradesh,central,25.4358,81.8463,55+,couple,moderate,1,2024-04-05
u0001543,food-first,Kerala,south,9.5916,77.1603,45-54,couple,moderate,1,2024-06-12
u0001544,heritage-seeker,Uttarakhand,north,29.53,78.7747,18-24,couple,moderate,1,2024-12-08
u0001545,mountain-walker,Uttarakhand,north,30.3165,78.0322,25-34,solo,comfortable,1,2024-06-18
u0001546,mountain-walker,Himachal Pradesh,north,32.219,76.3234,35-44,family,comfortable,3,2025-09-26
u0001547,heritage-seeker,Nagaland,northeast,25.6751,94.11,35-44,family,moderate,1,2025-01-29
u0001548,food-first,Himachal Pradesh,north,32.5387,75.9707,35-44,family,moderate,24,2025-07-23
u0001549,heritage-seeker,Tamil Nadu,south,10.787,79.1378,55+,solo,shoestring,2,2024-04-11
u0001550,heritage-seeker,Uttarakhand,north,30.529,79.5666,55+,family,comfortable,85,2024-04-15
u0001551,family-holiday,Uttar Pradesh,central,26.7922,82.1998,25-34,solo,shoestring,2,2025-01-23
u0001552,beach-and-slow,West Bengal,east,27.041,88.2663,25-34,solo,moderate,6,2024-07-31
u0001553,family-holiday,West Bengal,east,21.627,87.509,35-44,friends,shoestring,5,2024-09-07
u0001554,pilgrim,Karnataka,south,13.3409,74.7421,45-54,solo,comfortable,1,2024-05-10
u0001555,family-holiday,Tamil Nadu,south,10.7905,78.7047,55+,couple,moderate,1,2024-02-09
u0001556,family-holiday,Tamil Nadu,south,10.787,79.1378,35-44,friends,comfortable,1,2025-02-22
u0001557,family-holiday,Uttarakhand,north,27.4924,77.6737,45-54,family,shoestring,1,2024-06-12
u0001558,pilgrim,Tamil Nadu,south,9.9252,78.1198,55+,solo,shoestring,1,2024-05-30
u0001559,heritage-seeker,Andhra Pradesh,south,13.6288,79.4192,35-44,family,comfortable,1,2025-06-13
u0001560,pilgrim,Manipur,northeast,24.817,93.9368,45-54,family,moderate,1,2024-10-23
u0001561,food-first,Gujarat,west,23.2156,72.6369,18-24,solo,moderate,1,2025-06-14
u0001562,food-first,Karnataka,south,12.3375,75.8069,55+,couple,premium,1,2024-10-31
u0001563,pilgrim,Rajasthan,north,25.4305,75.6499,55+,family,premium,1,2024-04-19
u0001564,pilgrim,Uttarakhand,north,30.3165,78.0322,55+,couple,comfortable,2,2024-12-14
u0001565,food-first,Gujarat,west,23.2156,72.6369,45-54,friends,moderate,1,2024-11-12
u0001566,heritage-seeker,Rajasthan,north,26.9157,70.9083,45-54,family,premium,1,2025-07-27
u0001567,weekend-escaper,Meghalaya,northeast,25.5788,91.8933,25-34,couple,moderate,1,2024-02-19
u0001568,family-holiday,Manipur,northeast,24.817,93.9368,45-54,couple,comfortable,1,2025-09-02
u0001569,weekend-escaper,Goa,west,15.4909,73.8278,35-44,solo,moderate,3,2024-01-25
u0001570,heritage-seeker,Himachal Pradesh,north,31.1048,77.1734,18-24,friends,moderate,1,2024-12-17
u0001571,mountain-walker,Uttar Pradesh,central,25.3176,82.9739,45-54,family,moderate,1,2025-07-09
u0001572,family-holiday,Puducherry,south,11.9416,79.8083,55+,family,comfortable,3,2024-11-29
u0001573,heritage-seeker,West Bengal,east,21.627,87.509,55+,couple,moderate,1,2024-01-12
u0001574,family-holiday,Tamil Nadu,south,10.2381,77.4892,25-34,solo,moderate,7,2025-08-09
u0001575,weekend-escaper,Maharashtra,west,19.8762,75.3433,18-24,solo,shoestring,1,2024-07-16
u0001576,food-first,Tamil Nadu,south,10.787,79.1378,35-44,couple,moderate,1,2024-08-20
u0001577,pilgrim,Jammu and Kashmir,north,32.7266,74.857,45-54,family,moderate,1,2025-05-05
u0001578,mountain-walker,Kerala,south,9.4981,76.3388,18-24,solo,moderate,1,2025-09-21
u0001579,beach-and-slow,Arunachal Pradesh,northeast,27.586,91.859,25-34,solo,premium,3,2025-08-03
u0001580,family-holiday,Tamil Nadu,south,10.7905,78.7047,25-34,family,moderate,1,2025-01-17
u0001581,pilgrim,Goa,west,15.2993,74.124,25-34,family,premium,2,2025-02-26
u0001582,food-first,Bihar,east,24.6961,84.9911,55+,solo,premium,2,2024-02-25
u0001583,weekend-escaper,Odisha,east,19.8135,85.8312,25-34,family,moderate,2,2024-01-27
u0001584,weekend-escaper,Uttar Pradesh,central,26.7922,82.1998,35-44,friends,moderate,4,2024-01-09
u0001585,beach-and-slow,Uttar Pradesh,central,26.8467,80.9462,25-34,family,moderate,1,2025-05-18
u0001586,weekend-escaper,Punjab,north,31.634,74.8723,18-24,solo,premium,2,2025-06-21
u0001587,family-holiday,Uttar Pradesh,central,27.1767,78.0081,35-44,couple,comfortable,1,2025-10-01
u0001588,weekend-escaper,Maharashtra,west,19.7645,74.4762,35-44,solo,shoestring,2,2024-09-18
u0001589,beach-and-slow,West Bengal,east,26.7271,88.3953,35-44,friends,premium,3,2024-08-26
u0001590,pilgrim,Himachal Pradesh,north,32.2432,77.1892,35-44,couple,moderate,1,2024-10-15
u0001591,family-holiday,Kerala,south,9.4981,76.3388,45-54,family,comfortable,1,2025-09-16
u0001592,pilgrim,Uttar Pradesh,central,25.4358,81.8463,35-44,family,comfortable,1,2025-07-07
u0001593,heritage-seeker,Karnataka,south,12.9716,77.5946,45-54,friends,comfortable,5,2025-06-23
u0001594,heritage-seeker,Karnataka,south,15.335,76.46,25-34,family,premium,1,2024-03-13
u0001595,food-first,Uttarakhand,north,30.4598,78.0644,55+,couple,moderate,10,2025-07-07
u0001596,beach-and-slow,Assam,northeast,26.5775,93.1711,25-34,family,comfortable,3,2025-09-10
u0001597,pilgrim,Rajasthan,north,25.4305,75.6499,18-24,couple,moderate,1,2024-05-25
u0001598,family-holiday,Madhya Pradesh,central,26.2183,78.1828,45-54,friends,shoestring,3,2024-11-13
u0001599,weekend-escaper,Sikkim,northeast,27.3314,88.6138,18-24,couple,comfortable,1,2025-06-02
u0001600,mountain-walker,Karnataka,south,15.335,76.46,25-34,family,shoestring,1,2024-10-11
u0001601,heritage-seeker,Tamil Nadu,south,10.787,79.1378,18-24,couple,premium,1,2025-06-13
u0001602,pilgrim,Rajasthan,north,25.4305,75.6499,45-54,couple,shoestring,15,2025-05-18
u0001603,beach-and-slow,Uttar Pradesh,central,25.3176,82.9739,18-24,friends,shoestring,1,2025-01-17
u0001604,family-holiday,West Bengal,east,27.041,88.2663,55+,family,shoestring,2,2025-05-03
u0001605,weekend-escaper,Jammu and Kashmir,north,34.0837,74.7973,35-44,family,premium,1,2024-09-23
u0001606,mountain-walker,Andhra Pradesh,south,13.6288,79.4192,35-44,family,comfortable,1,2024-01-14
u0001607,weekend-escaper,Himachal Pradesh,north,32.219,76.3234,35-44,couple,comfortable,1,2025-08-12
u0001608,mountain-walker,Uttarakhand,north,29.53,78.7747,18-24,solo,comfortable,1,2024-01-04
u0001609,family-holiday,Arunachal Pradesh,northeast,27.0844,93.6053,45-54,family,shoestring,2,2024-07-13
u0001610,mountain-walker,Andaman and Nicobar Islands,south,11.6234,92.7265,18-24,family,shoestring,3,2024-06-18
u0001611,family-holiday,Kerala,south,9.9312,76.2673,45-54,solo,premium,1,2024-05-22
u0001612,beach-and-slow,Karnataka,south,13.3161,75.772,55+,friends,shoestring,5,2025-03-21
u0001613,family-holiday,Madhya Pradesh,central,22.7196,75.8577,55+,friends,moderate,1,2024-06-22
u0001614,mountain-walker,Jammu and Kashmir,north,34.0837,74.7973,35-44,couple,moderate,1,2025-07-29
u0001615,food-first,Tripura,northeast,23.8315,91.2868,45-54,friends,comfortable,1,2025-09-08
u0001616,food-first,Maharashtra,west,17.9307,73.6477,25-34,couple,comfortable,3,2025-04-17
u0001617,mountain-walker,Maharashtra,west,19.076,72.8777,45-54,family,comfortable,1,2025-01-08
u0001618,mountain-walker,Tamil Nadu,south,11.0168,76.9558,18-24,couple,moderate,1,2024-11-05
u0001619,mountain-walker,Ladakh,north,34.6868,77.5619,55+,couple,premium,1,2024-03-28
u0001620,mountain-walker,Ladakh,north,34.6868,77.5619,35-44,family,moderate,3,2025-09-24
u0001621,mountain-walker,Tamil Nadu,south,11.4102,76.695,55+,friends,comfortable,3,2025-09-20
u0001622,mountain-walker,Delhi,north,28.6139,77.209,18-24,family,shoestring,2,2025-08-05
u0001623,food-first,Delhi,north,28.6139,77.209,18-24,family,moderate,1,2024-03-23
u0001624,food-first,Uttar Pradesh,central,26.8467,80.9462,18-24,friends,premium,2,2024-12-10
u0001625,weekend-escaper,Tamil Nadu,south,11.3494,76.7956,18-24,solo,moderate,1,2025-07-29
u0001626,food-first,Bihar,east,24.6961,84.9911,18-24,couple,comfortable,1,2025-04-04
u0001627,mountain-walker,Meghalaya,northeast,25.5788,91.8933,45-54,friends,comfortable,1,2024-04-19
u0001628,beach-and-slow,Gujarat,west,20.888,70.401,55+,family,moderate,1,2024-08-28
u0001629,heritage-seeker,Karnataka,south,15.335,76.46,45-54,family,premium,3,2025-07-14
u0001630,heritage-seeker,Jammu and Kashmir,north,34.0837,74.7973,55+,friends,comfortable,2,2024-08-04
u0001631,family-holiday,Karnataka,south,12.2958,76.6394,55+,couple,shoestring,2,2024-05-21
u0001632,family-holiday,Karnataka,south,12.3375,75.8069,35-44,couple,premium,1,2024-11-27
u0001633,beach-and-slow,Meghalaya,northeast,25.27,91.732,35-44,solo,shoestring,7,2024-07-23
u0001634,family-holiday,Uttar Pradesh,central,25.3176,82.9739,35-44,solo,comfortable,1,2024-09-27
u0001635,beach-and-slow,Maharashtra,west,18.5204,73.8567,45-54,solo,premium,1,2025-09-18
u0001636,weekend-escaper,Odisha,east,20.2961,85.8245,35-44,family,premium,2,2025-06-26
u0001637,mountain-walker,Uttarakhand,north,30.529,79.5666,55+,couple,shoestring,1,2025-04-24
u0001638,food-first,Punjab,north,31.634,74.8723,55+,couple,comfortable,5,2025-09-19
u0001639,beach-and-slow,Maharashtra,west,19.7645,74.4762,35-44,family,shoestring,1,2024-03-28
u0001640,weekend-escaper,West Bengal,east,26.7271,88.3953,55+,couple,shoestring,2,2024-03-05
u0001641,pilgrim,Tripura,northeast,23.8315,91.2868,18-24,couple,premium,1,2024-11-05
u0001642,weekend-escaper,Maharashtra,west,19.7645,74.4762,55+,family,shoestring,1,2025-07-07
u0001643,weekend-escaper,Jharkhand,east,23.3441,85.3096,25-34,family,moderate,1,2025-03-21
u0001644,weekend-escaper,Rajasthan,north,26.2389,73.0243,55+,solo,shoestring,5,2025-09-08
u0001645,mountain-walker,Jammu and Kashmir,north,34.0837,74.7973,18-24,family,moderate,6,2025-03-28
u0001646,weekend-escaper,Tamil Nadu,south,10.7905,78.7047,35-44,friends,moderate,1,2024-10-20
u0001647,heritage-seeker,Uttarakhand,north,29.9457,78.1642,35-44,couple,moderate,1,2024-10-31
u0001648,weekend-escaper,West Bengal,east,22.5726,88.3639,35-44,solo,comfortable,1,2024-05-24
u0001649,family-holiday,Tamil Nadu,south,9.9252,78.1198,55+,friends,comfortable,1,2024-05-10
u0001650,beach-and-slow,Punjab,north,31.634,74.8723,45-54,family,comfortable,5,2025-01-04
u0001651,food-first,Telangana,south,17.385,78.4867,55+,couple,comfortable,2,2024-06-09
u0001652,heritage-seeker,Uttarakhand,north,30.0869,78.2676,45-54,solo,moderate,4,2025-05-31
u0001653,weekend-escaper,Kerala,south,9.9312,76.2673,25-34,family,shoestring,1,2024-12-12
u0001654,food-first,Andhra Pradesh,south,16.5062,80.648,25-34,couple,moderate,1,2025-03-07
u0001655,pilgrim,West Bengal,east,27.06,88.47,18-24,couple,shoestring,2,2024-05-04
u0001656,heritage-seeker,Madhya Pradesh,central,23.2599,77.4126,55+,couple,comfortable,2,2024-09-13
u0001657,family-holiday,Kerala,south,8.7379,76.7163,35-44,solo,moderate,15,2024-11-07
u0001658,pilgrim,Odisha,east,19.8876,86.0945,55+,solo,moderate,3,2024-01-21
u0001659,heritage-seeker,Rajasthan,north,24.8887,74.6269,18-24,family,moderate,5,2025-04-10
u0001660,mountain-walker,Gujarat,west,23.0225,72.5714,25-34,family,moderate,4,2024-01-13
u0001661,heritage-seeker,Rajasthan,north,24.5926,72.7156,35-44,solo,comfortable,1,2024-07-03
u0001662,heritage-seeker,Telangana,south,17.385,78.4867,35-44,family,moderate,1,2024-07-26
u0001663,heritage-seeker,Arunachal Pradesh,northeast,27.586,91.859,18-24,couple,shoestring,1,2024-06-04
u0001664,weekend-escaper,Kerala,south,8.4004,76.9784,35-44,couple,moderate,1,2024-12-21
u0001665,beach-and-slow,Rajasthan,north,24.8887,74.6269,35-44,friends,shoestring,3,2024-04-07
u0001666,weekend-escaper,Maharashtra,west,19.8762,75.3433,18-24,couple,premium,3,2025-06-30
u0001667,mountain-walker,Maharashtra,west,19.076,72.8777,35-44,solo,shoestring,1,2025-02-18
u0001668,pilgrim,Maharashtra,west,18.7546,73.4062,25-34,solo,moderate,1,2025-04-10
u0001669,family-holiday,Rajasthan,north,28.0229,73.3119,25-34,friends,moderate,1,2025-04-26
u0001670,mountain-walker,Karnataka,south,12.2958,76.6394,18-24,couple,shoestring,4,2025-06-23
u0001671,weekend-escaper,Tamil Nadu,south,11.4102,76.695,55+,family,moderate,1,2025-07-11
u0001672,food-first,Bihar,east,24.6961,84.9911,35-44,couple,moderate,1,2025-04-30
u0001673,beach-and-slow,Sikkim,northeast,27.3,88.24,25-34,family,moderate,1,2024-12-17
u0001674,weekend-escaper,Gujarat,west,23.2156,72.6369,18-24,solo,comfortable,4,2025-02-24
u0001675,family-holiday,Rajasthan,north,24.5926,72.7156,18-24,family,shoestring,6,2024-01-11
u0001676,weekend-escaper,Jammu and Kashmir,north,32.7266,74.857,55+,family,premium,1,2024-07-29
u0001677,heritage-seeker,Ladakh,north,34.1526,77.5771,45-54,family,comfortable,2,2025-03-08
u0001678,family-holiday,Maharashtra,west,18.5204,73.8567,55+,family,moderate,1,2025-09-21
u0001679,pilgrim,Kerala,south,8.4004,76.9784,18-24,family,shoestring,2,2024-09-26
u0001680,weekend-escaper,Uttarakhand,north,30.3165,78.0322,35-44,family,comfortable,1,2025-09-19
u0001681,heritage-seeker,Tamil Nadu,south,10.2381,77.4892,45-54,solo,premium,7,2025-01-13
u0001682,weekend-escaper,Meghalaya,northeast,25.5788,91.8933,35-44,family,moderate,1,2024-03-02
u0001683,food-first,Kerala,south,11.2588,75.7804,18-24,couple,shoestring,1,2025-01-08
u0001684,mountain-walker,Uttarakhand,north,27.4924,77.6737,18-24,family,comfortable,2,2024-10-03
u0001685,weekend-escaper,Gujarat,west,21.1702,72.8311,35-44,couple,comfortable,1,2025-05-20
u0001686,weekend-escaper,Kerala,south,11.2588,75.7804,55+,family,shoestring,4,2024-03-14
u0001687,beach-and-slow,Meghalaya,northeast,25.27,91.732,25-34,friends,comfortable,1,2024-02-08
u0001688,mountain-walker,Maharashtra,west,19.9975,73.7898,25-34,couple,shoestring,1,2025-07-15
u0001689,weekend-escaper,Assam,northeast,26.5775,93.1711,18-24,family,moderate,1,2024-12-20
u0001690,pilgrim,Assam,northeast,26.1445,91.7362,25-34,couple,moderate,2,2024-01-15
u0001691,family-holiday,Rajasthan,north,26.4499,74.6399,25-34,solo,comfortable,1,2025-03-31
u0001692,heritage-seeker,Kerala,south,8.5241,76.9366,35-44,friends,comfortable,3,2025-07-31
u0001693,mountain-walker,Kerala,south,9.5916,77.1603,25-34,family,comfortable,7,2025-07-29
u0001694,beach-and-slow,Kerala,south,8.4004,76.9784,18-24,solo,moderate,3,2024-09-12
u0001695,pilgrim,Himachal Pradesh,north,32.2432,77.1892,45-54,friends,shoestring,1,2024-09-27
u0001696,family-holiday,Kerala,south,11.2588,75.7804,55+,solo,premium,2,2024-10-13
u0001697,weekend-escaper,West Bengal,east,27.041,88.2663,25-34,couple,moderate,4,2024-07-23
u0001698,weekend-escaper,Gujarat,west,23.7333,69.8597,25-34,friends,moderate,1,2024-04-09
u0001699,heritage-seeker,Karnataka,south,12.9716,77.5946,55+,couple,premium,2,2024-03-27
u0001700,family-holiday,Kerala,south,8.7379,76.7163,45-54,friends,comfortable,2,2024-07-09
u0001701,beach-and-slow,Jharkhand,east,23.3441,85.3096,18-24,solo,moderate,2,2025-02-18
u0001702,weekend-escaper,Maharashtra,west,18.6414,72.8722,35-44,solo,moderate,1,2025-02-18
u0001703,heritage-seeker,Manipur,northeast,24.817,93.9368,55+,family,moderate,1,2025-08-10
u0001704,pilgrim,Tamil Nadu,south,11.4102,76.695,25-34,solo,shoestring,1,2024-05-19
u0001705,weekend-escaper,Uttar Pradesh,central,27.1767,78.0081,25-34,friends,shoestring,1,2024-12-11
u0001706,weekend-escaper,Tamil Nadu,south,12.6269,80.1927,18-24,family,premium,1,2025-04-01
u0001707,heritage-seeker,Madhya Pradesh,central,23.1765,75.7885,45-54,family,comfortable,1,2025-06-23
u0001708,beach-and-slow,Assam,northeast,26.5775,93.1711,35-44,friends,comfortable,2,2024-11-21
u0001709,weekend-escaper,Maharashtra,west,17.9307,73.6477,35-44,couple,shoestring,1,2024-08-20
u0001710,beach-and-slow,Karnataka,south,15.918,75.685,25-34,solo,shoestring,3,2024-11-16
u0001711,food-first,Rajasthan,north,28.0229,73.3119,55+,friends,premium,1,2025-03-27
u0001712,mountain-walker,Himachal Pradesh,north,32.01,77.3152,25-34,family,moderate,1,2025-04-05
u0001713,family-holiday,Uttar Pradesh,central,27.1767,78.0081,35-44,couple,shoestring,1,2024-05-17
u0001714,family-holiday,Puducherry,south,11.9416,79.8083,25-34,couple,shoestring,1,2025-06-27
u0001715,beach-and-slow,Uttarakhand,north,29.9457,78.1642,45-54,solo,moderate,10,2024-06-28
u0001716,heritage-seeker,Uttarakhand,north,29.9457,78.1642,25-34,solo,comfortable,1,2024-02-12
u0001717,mountain-walker,Maharashtra,west,18.6414,72.8722,45-54,couple,shoestring,8,2024-04-19
u0001718,heritage-seeker,Madhya Pradesh,central,22.7196,75.8577,55+,solo,shoestring,4,2024-07-02
u0001719,mountain-walker,Madhya Pradesh,central,23.1765,75.7885,25-34,couple,comfortable,1,2025-09-29
u0001720,mountain-walker,Maharashtra,west,19.076,72.8777,55+,couple,moderate,1,2025-08-07
u0001721,mountain-walker,Tamil Nadu,south,11.4102,76.695,18-24,couple,shoestring,1,2025-05-30
u0001722,heritage-seeker,Rajasthan,north,26.838,70.9,55+,family,moderate,4,2025-08-17
u0001723,beach-and-slow,Kerala,south,9.9312,76.2673,55+,couple,comfortable,3,2024-03-06
u0001724,pilgrim,Manipur,northeast,24.817,93.9368,45-54,family,comfortable,1,2025-01-20
u0001725,weekend-escaper,Gujarat,west,20.888,70.401,25-34,couple,comfortable,2,2024-01-21
u0001726,mountain-walker,Odisha,east,19.8135,85.8312,55+,couple,comfortable,3,2024-03-05
u0001727,mountain-walker,Tamil Nadu,south,9.9252,78.1198,18-24,friends,moderate,1,2024-12-14
u0001728,mountain-walker,Odisha,east,20.2961,85.8245,35-44,couple,moderate,1,2025-05-20
u0001729,food-first,Manipur,northeast,24.817,93.9368,18-24,couple,comfortable,1,2024-11-20
u0001730,pilgrim,West Bengal,east,27.06,88.47,25-34,friends,shoestring,1,2024-04-27
u0001731,family-holiday,Tamil Nadu,south,10.2381,77.4892,18-24,family,comfortable,6,2024-09-06
u0001732,family-holiday,Maharashtra,west,19.8762,75.3433,35-44,family,moderate,1,2024-06-06
u0001733,pilgrim,Kerala,south,9.5916,77.1603,55+,couple,comfortable,5,2025-04-29
u0001734,family-holiday,Uttar Pradesh,central,26.8467,80.9462,45-54,solo,shoestring,1,2024-03-14
u0001735,food-first,Madhya Pradesh,central,22.7196,75.8577,18-24,solo,moderate,1,2025-09-24
u0001736,food-first,Tamil Nadu,south,10.2381,77.4892,25-34,couple,shoestring,3,2025-07-04
u0001737,heritage-seeker,Maharashtra,west,19.9975,73.7898,18-24,friends,moderate,1,2025-01-09
u0001738,mountain-walker,Himachal Pradesh,north,32.219,76.3234,25-34,couple,shoestring,1,2025-08-12
u0001739,weekend-escaper,Kerala,south,8.5241,76.9366,45-54,couple,comfortable,1,2024-08-16
u0001740,weekend-escaper,Tamil Nadu,south,11.0168,76.9558,55+,solo,shoestring,1,2025-07-31
u0001741,family-holiday,Goa,west,15.4909,73.8278,45-54,family,moderate,2,2025-03-14
u0001742,heritage-seeker,Tamil Nadu,south,9.9252,78.1198,18-24,family,shoestring,5,2024-10-25
u0001743,mountain-walker,Himachal Pradesh,north,31.1048,77.1734,18-24,solo,comfortable,2,2024-09-17
u0001744,weekend-escaper,Madhya Pradesh,central,24.8318,79.9199,45-54,friends,premium,2,2025-03-27
u0001745,beach-and-slow,Uttar Pradesh,central,26.4499,80.3319,35-44,family,moderate,6,2024-06-28
u0001746,heritage-seeker,Rajasthan,north,28.0229,73.3119,55+,family,moderate,1,2025-09-02
u0001747,pilgrim,Tamil Nadu,south,10.787,79.1378,35-44,family,premium,1,2024-03-01
u0001748,food-first,Rajasthan,north,25.4305,75.6499,25-34,friends,moderate,1,2024-08-10
u0001749,family-holiday,Uttarakhand,north,30.529,79.5666,35-44,family,moderate,1,2024-02-20
u0001750,food-first,Sikkim,northeast,27.3314,88.6138,25-34,solo,shoestring,1,2024-08-25
u0001751,beach-and-slow,Arunachal Pradesh,northeast,27.586,91.859,18-24,family,comfortable,2,2025-06-30
u0001752,heritage-seeker,Gujarat,west,23.7333,69.8597,18-24,family,moderate,1,2024-01-23
u0001753,family-holiday,Madhya Pradesh,central,22.7196,75.8577,35-44,friends,comfortable,2,2024-07-29
u0001754,family-holiday,Karnataka,south,12.9141,74.856,18-24,family,shoestring,1,2024-08-04
u0001755,heritage-seeker,Gujarat,west,21.1702,72.8311,35-44,solo,shoestring,1,2024-01-10
u0001756,heritage-seeker,West Bengal,east,21.627,87.509,18-24,friends,comfortable,1,2024-06-10
u0001757,mountain-walker,Uttar Pradesh,central,26.7922,82.1998,55+,couple,moderate,1,2024-06-05
u0001758,heritage-seeker,Rajasthan,north,26.9124,75.7873,55+,friends,comfortable,1,2025-04-20
u0001759,pilgrim,Karnataka,south,12.3375,75.8069,18-24,solo,comfortable,1,2024-01-16
u0001760,heritage-seeker,Puducherry,south,11.9416,79.8083,18-24,couple,shoestring,1,2024-03-20
u0001761,food-first,Andhra Pradesh,south,16.5062,80.648,55+,solo,moderate,1,2024-04-13
u0001762,weekend-escaper,Assam,northeast,26.95,94.17,25-34,family,comfortable,1,2024-08-06
u0001763,mountain-walker,Karnataka,south,12.9141,74.856,25-34,couple,comfortable,1,2025-09-30
u0001764,mountain-walker,Gujarat,west,22.3072,73.1812,45-54,solo,moderate,1,2024-10-05
u0001765,food-first,Madhya Pradesh,central,22.7196,75.8577,35-44,solo,moderate,1,2025-08-12
u0001766,pilgrim,Jammu and Kashmir,north,34.0837,74.7973,25-34,couple,shoestring,11,2024-10-17
u0001767,heritage-seeker,Karnataka,south,15.2689,76.3909,35-44,solo,comfortable,3,2024-07-01
u0001768,mountain-walker,Meghalaya,northeast,25.27,91.732,18-24,couple,comfortable,1,2024-11-09
u0001769,beach-and-slow,Rajasthan,north,26.838,70.9,45-54,solo,shoestring,16,2025-08-01
u0001770,mountain-walker,Uttar Pradesh,central,27.1767,78.0081,25-34,couple,shoestring,19,2025-09-26
u0001771,pilgrim,Kerala,south,9.9312,76.2673,25-34,solo,comfortable,1,2025-03-11
u0001772,food-first,Uttarakhand,north,30.3165,78.0322,45-54,couple,comfortable,4,2025-04-23
u0001773,food-first,Rajasthan,north,25.4305,75.6499,18-24,friends,moderate,2,2024-11-17
u0001774,heritage-seeker,Tamil Nadu,south,12.6269,80.1927,55+,solo,shoestring,1,2025-03-27
u0001775,heritage-seeker,Nagaland,northeast,25.6751,94.11,55+,solo,moderate,1,2025-05-11
u0001776,mountain-walker,Tamil Nadu,south,13.0827,80.2707,45-54,family,premium,57,2025-01-28
u0001777,heritage-seeker,Kerala,south,10.0889,77.0595,55+,family,comfortable,1,2024-06-11
u0001778,family-holiday,Kerala,south,8.7379,76.7163,45-54,couple,comfortable,1,2024-01-05
u0001779,family-holiday,Jammu and Kashmir,north,34.0837,74.7973,55+,family,moderate,1,2024-01-23
u0001780,family-holiday,Kerala,south,11.2588,75.7804,25-34,family,moderate,1,2025-03-31
u0001781,family-holiday,Karnataka,south,12.2958,76.6394,25-34,solo,premium,14,2025-02-10
u0001782,family-holiday,Rajasthan,north,26.838,70.9,55+,couple,premium,125,2025-02-07
u0001783,heritage-seeker,Ladakh,north,34.1526,77.5771,35-44,family,premium,1,2025-05-28
u0001784,weekend-escaper,Odisha,east,20.2961,85.8245,35-44,couple,moderate,2,2024-07-20
u0001785,family-holiday,Rajasthan,north,26.838,70.9,55+,family,comfortable,1,2025-05-13
u0001786,mountain-walker,Bihar,east,25.1367,85.4438,55+,family,comfortable,1,2024-10-28
u0001787,weekend-escaper,Telangana,south,17.385,78.4867,55+,family,comfortable,7,2024-01-28
u0001788,weekend-escaper,Tamil Nadu,south,11.4102,76.695,45-54,couple,moderate,1,2024-04-08
u0001789,weekend-escaper,Arunachal Pradesh,northeast,27.0844,93.6053,25-34,couple,premium,25,2024-02-20
u0001790,family-holiday,Uttar Pradesh,central,25.3176,82.9739,45-54,family,shoestring,1,2024-02-15
u0001791,family-holiday,Sikkim,northeast,27.3,88.24,35-44,family,shoestring,1,2024-09-17
u0001792,pilgrim,Tamil Nadu,south,9.9252,78.1198,55+,family,moderate,7,2025-01-21
u0001793,heritage-seeker,West Bengal,east,27.041,88.2663,35-44,family,comfortable,1,2024-06-13
u0001794,family-holiday,West Bengal,east,26.7271,88.3953,18-24,couple,shoestring,3,2024-09-19
u0001795,pilgrim,Himachal Pradesh,north,32.01,77.3152,25-34,family,moderate,6,2025-06-10
u0001796,food-first,Sikkim,northeast,27.3,88.24,18-24,friends,comfortable,1,2025-01-28
u0001797,food-first,Madhya Pradesh,central,23.4794,77.7392,25-34,couple,moderate,5,2025-03-17
u0001798,mountain-walker,Rajasthan,north,26.4499,74.6399,55+,solo,comfortable,1,2024-03-23
u0001799,heritage-seeker,Uttar Pradesh,central,26.4499,80.3319,35-44,solo,moderate,2,2024-05-29
u0001800,family-holiday,Maharashtra,west,19.7645,74.4762,45-54,family,comfortable,1,2025-03-18
u0001801,mountain-walker,Tamil Nadu,south,11.3494,76.7956,18-24,solo,premium,1,2025-02-27
u0001802,beach-and-slow,Bihar,east,25.1367,85.4438,55+,couple,comfortable,2,2024-04-30
u0001803,mountain-walker,Madhya Pradesh,central,25.3518,78.6417,18-24,friends,moderate,3,2024-09-21
u0001804,heritage-seeker,Karnataka,south,12.9716,77.5946,25-34,solo,moderate,5,2025-05-07
u0001805,mountain-walker,Tripura,northeast,23.8315,91.2868,18-24,couple,shoestring,1,2024-10-17
u0001806,heritage-seeker,Kerala,south,9.9312,76.2673,18-24,solo,comfortable,1,2024-05-02
u0001807,food-first,Tamil Nadu,south,10.2381,77.4892,25-34,couple,moderate,1,2024-08-06
u0001808,mountain-walker,Karnataka,south,13.3409,74.7421,45-54,couple,moderate,1,2024-01-26
u0001809,mountain-walker,Uttarakhand,north,27.4924,77.6737,25-34,solo,shoestring,1,2025-06-29
u0001810,heritage-seeker,Rajasthan,north,26.2389,73.0243,35-44,couple,premium,2,2025-01-31
u0001811,weekend-escaper,Kerala,south,8.5241,76.9366,55+,family,comfortable,1,2024-08-15
u0001812,family-holiday,Ladakh,north,34.1526,77.5771,55+,couple,comfortable,1,2024-12-16
u0001813,family-holiday,Delhi,north,28.6139,77.209,45-54,solo,shoestring,2,2025-04-21
u0001814,family-holiday,Rajasthan,north,26.2389,73.0243,55+,couple,premium,1,2024-06-23
u0001815,food-first,Gujarat,west,22.2394,68.9678,35-44,family,comfortable,1,2025-08-25
u0001816,food-first,Karnataka,south,14.5479,74.3188,35-44,couple,premium,1,2024-02-14
u0001817,weekend-escaper,Rajasthan,north,24.8887,74.6269,55+,couple,moderate,1,2024-03-31
u0001818,weekend-escaper,Andhra Pradesh,south,16.5062,80.648,55+,couple,moderate,1,2024-09-21
u0001819,mountain-walker,Tamil Nadu,south,11.3494,76.7956,35-44,couple,moderate,2,2024-12-04
u0001820,heritage-seeker,Andhra Pradesh,south,17.6868,83.2185,35-44,friends,shoestring,8,2024-07-28
u0001821,beach-and-slow,Uttarakhand,north,27.4924,77.6737,18-24,friends,premium,1,2024-12-07
u0001822,mountain-walker,Meghalaya,northeast,25.27,91.732,55+,solo,comfortable,1,2024-08-10
u0001823,beach-and-slow,Maharashtra,west,19.7645,74.4762,18-24,friends,comfortable,2,2025-07-10
u0001824,pilgrim,Madhya Pradesh,central,26.2183,78.1828,55+,friends,comfortable,1,2024-05-13
u0001825,heritage-seeker,Uttarakhand,north,27.4924,77.6737,18-24,solo,moderate,5,2024-01-29
u0001826,heritage-seeker,Maharashtra,west,19.8762,75.3433,45-54,couple,shoestring,5,2024-08-11
u0001827,weekend-escaper,Karnataka,south,12.9716,77.5946,35-44,friends,shoestring,2,2024-12-17
u0001828,weekend-escaper,Kerala,south,8.5241,76.9366,18-24,couple,premium,1,2024-03-31
u0001829,pilgrim,Tamil Nadu,south,9.9252,78.1198,55+,couple,moderate,1,2025-04-27
u0001830,beach-and-slow,Tamil Nadu,south,8.0883,77.5385,35-44,family,shoestring,1,2025-03-07
u0001831,mountain-walker,Maharashtra,west,19.8762,75.3433,18-24,solo,comfortable,2,2024-10-01
u0001832,food-first,Rajasthan,north,24.5926,72.7156,18-24,friends,comfortable,1,2024-02-29
u0001833,food-first,Ladakh,north,34.1526,77.5771,18-24,solo,comfortable,2,2025-02-14
u0001834,food-first,Goa,west,15.4909,73.8278,18-24,couple,premium,1,2025-03-08
u0001835,weekend-escaper,Kerala,south,11.2588,75.7804,35-44,family,shoestring,2,2024-02-08
u0001836,beach-and-slow,Himachal Pradesh,north,32.01,77.3152,55+,couple,moderate,1,2024-03-15
u0001837,mountain-walker,Himachal Pradesh,north,32.219,76.3234,45-54,couple,moderate,1,2024-04-01
u0001838,weekend-escaper,Madhya Pradesh,central,25.3518,78.6417,55+,friends,comfortable,1,2024-09-28
u0001839,beach-and-slow,Uttarakhand,north,29.3803,79.4636,35-44,family,moderate,4,2024-08-18
u0001840,mountain-walker,Madhya Pradesh,central,23.2599,77.4126,25-34,family,premium,1,2025-07-27
u0001841,family-holiday,Gujarat,west,23.7333,69.8597,35-44,friends,shoestring,1,2024-06-02
u0001842,beach-and-slow,Maharashtra,west,19.9975,73.7898,25-34,couple,comfortable,1,2025-02-05
u0001843,beach-and-slow,Uttarakhand,north,30.529,79.5666,25-34,solo,moderate,1,2024-11-08
u0001844,mountain-walker,Andhra Pradesh,south,17.6868,83.2185,35-44,friends,moderate,3,2024-08-16
u0001845,heritage-seeker,Gujarat,west,22.2394,68.9678,18-24,solo,moderate,2,2024-05-29
u0001846,mountain-walker,Maharashtra,west,18.6414,72.8722,25-34,family,comfortable,2,2024-01-08
u0001847,mountain-walker,Tripura,northeast,23.8315,91.2868,18-24,family,moderate,1,2025-01-26
u0001848,pilgrim,Madhya Pradesh,central,23.2599,77.4126,35-44,family,comfortable,1,2025-08-03
u0001849,food-first,Rajasthan,north,28.0229,73.3119,25-34,family,moderate,9,2025-01-31
u0001850,beach-and-slow,Uttar Pradesh,central,25.4358,81.8463,55+,couple,comfortable,1,2025-01-26
u0001851,heritage-seeker,Rajasthan,north,25.4305,75.6499,55+,friends,moderate,12,2024-06-24
u0001852,food-first,Rajasthan,north,24.8887,74.6269,25-34,family,shoestring,2,2024-10-01
u0001853,mountain-walker,Madhya Pradesh,central,25.3518,78.6417,55+,couple,shoestring,1,2024-03-09
u0001854,weekend-escaper,Madhya Pradesh,central,23.1765,75.7885,18-24,solo,moderate,2,2024-04-16
u0001855,family-holiday,Jammu and Kashmir,north,34.0837,74.7973,55+,family,moderate,1,2024-07-27
u0001856,family-holiday,Odisha,east,19.8876,86.0945,18-24,couple,comfortable,3,2025-02-03
u0001857,mountain-walker,Maharashtra,west,17.9307,73.6477,18-24,solo,moderate,502,2024-05-02
u0001858,weekend-escaper,Karnataka,south,14.5479,74.3188,25-34,solo,shoestring,1,2024-03-18
u0001859,beach-and-slow,West Bengal,east,27.041,88.2663,25-34,family,premium,1,2024-07-15
u0001860,weekend-escaper,Chandigarh,north,30.7333,76.7794,25-34,solo,premium,2,2025-08-31
u0001861,mountain-walker,Tamil Nadu,south,12.6269,80.1927,18-24,family,comfortable,1,2024-05-21
u0001862,mountain-walker,West Bengal,east,22.5726,88.3639,45-54,family,moderate,1,2024-06-02
u0001863,pilgrim,Tamil Nadu,south,13.0827,80.2707,45-54,family,comfortable,1,2024-01-20
u0001864,weekend-escaper,West Bengal,east,26.7271,88.3953,35-44,friends,moderate,1,2024-02-15
u0001865,pilgrim,Bihar,east,25.5941,85.1376,45-54,couple,moderate,1,2024-07-17
u0001866,family-holiday,Gujarat,west,21.1702,72.8311,35-44,solo,moderate,1,2025-01-16
u0001867,weekend-escaper,Maharashtra,west,21.1458,79.0882,25-34,family,shoestring,1,2025-06-16
u0001868,beach-and-slow,Madhya Pradesh,central,23.4794,77.7392,35-44,solo,moderate,3,2024-12-10
u0001869,family-holiday,Jammu and Kashmir,north,34.0837,74.7973,55+,solo,premium,1,2024-03-22
u0001870,family-holiday,Tamil Nadu,south,13.0827,80.2707,25-34,family,moderate,1,2024-12-17
u0001871,beach-and-slow,Uttarakhand,north,30.4598,78.0644,35-44,family,shoestring,1,2024-09-05
u0001872,family-holiday,Karnataka,south,12.9716,77.5946,18-24,couple,comfortable,4,2025-03-31
u0001873,food-first,Karnataka,south,12.3375,75.8069,25-34,family,comfortable,3,2024-11-03
u0001874,heritage-seeker,Chandigarh,north,30.7333,76.7794,55+,family,comfortable,1,2024-01-11
u0001875,heritage-seeker,Bihar,east,25.5941,85.1376,55+,couple,premium,1,2024-11-14
u0001876,heritage-seeker,Rajasthan,north,26.9157,70.9083,45-54,solo,premium,1,2025-03-31
u0001877,beach-and-slow,Arunachal Pradesh,northeast,27.0844,93.6053,18-24,family,comfortable,2,2024-07-01
u0001878,weekend-escaper,West Bengal,east,26.7271,88.3953,18-24,couple,premium,1,2024-04-09
u0001879,heritage-seeker,Gujarat,west,23.7333,69.8597,55+,couple,moderate,1,2025-09-26
u0001880,mountain-walker,Andhra Pradesh,south,13.6288,79.4192,18-24,family,comfortable,27,2024-07-31
u0001881,food-first,Bihar,east,24.6961,84.9911,25-34,solo,moderate,2,2024-03-18
u0001882,family-holiday,Bihar,east,25.5941,85.1376,25-34,solo,comfortable,2,2025-03-13
u0001883,family-holiday,Uttarakhand,north,30.0869,78.2676,45-54,family,shoestring,1,2025-02-10
u0001884,mountain-walker,Arunachal Pradesh,northeast,27.586,91.859,55+,solo,comfortable,1,2025-09-26
u0001885,family-holiday,Arunachal Pradesh,northeast,27.0844,93.6053,18-24,solo,premium,1,2025-03-02
u0001886,family-holiday,Gujarat,west,20.888,70.401,35-44,solo,moderate,1,2024-07-22
u0001887,heritage-seeker,Rajasthan,north,26.838,70.9,45-54,solo,moderate,1,2025-07-10
u0001888,beach-and-slow,Maharashtra,west,19.7645,74.4762,18-24,family,comfortable,1,2024-05-11
u0001889,family-holiday,Tamil Nadu,south,11.3494,76.7956,25-34,solo,comfortable,1,2024-06-12
u0001890,family-holiday,Bihar,east,25.1367,85.4438,25-34,family,moderate,3,2025-09-14
u0001891,pilgrim,Rajasthan,north,25.4305,75.6499,35-44,couple,comfortable,1,2024-07-28
u0001892,beach-and-slow,Maharashtra,west,19.8762,75.3433,25-34,family,shoestring,2,2024-06-28
u0001893,family-holiday,Punjab,north,31.634,74.8723,25-34,solo,shoestring,1,2024-11-08
u0001894,heritage-seeker,Rajasthan,north,26.2389,73.0243,25-34,friends,premium,2,2025-03-26
u0001895,family-holiday,Kerala,south,9.9312,76.2673,18-24,solo,moderate,1,2024-02-17
u0001896,food-first,Sikkim,northeast,27.3,88.24,25-34,couple,shoestring,2,2024-06-09
u0001897,heritage-seeker,Madhya Pradesh,central,22.7196,75.8577,18-24,family,premium,2,2025-01-29
u0001898,mountain-walker,Rajasthan,north,26.4899,74.5511,35-44,solo,premium,1,2024-05-23
u0001899,mountain-walker,Tamil Nadu,south,12.6269,80.1927,18-24,couple,shoestring,1,2025-01-01
u0001900,beach-and-slow,Tripura,northeast,23.8315,91.2868,45-54,friends,comfortable,2,2025-02-09
u0001901,food-first,Tamil Nadu,south,11.4102,76.695,55+,friends,comfortable,1,2025-02-03
u0001902,food-first,Karnataka,south,12.3375,75.8069,35-44,family,shoestring,1,2025-02-12
u0001903,family-holiday,Assam,northeast,26.5775,93.1711,35-44,couple,premium,30,2025-02-22
u0001904,mountain-walker,Chandigarh,north,30.7333,76.7794,18-24,friends,moderate,4,2024-11-03
u0001905,beach-and-slow,Assam,northeast,26.5775,93.1711,45-54,solo,shoestring,1,2024-11-22
u0001906,pilgrim,Bihar,east,24.6961,84.9911,45-54,couple,moderate,1,2024-06-03
u0001907,pilgrim,Karnataka,south,15.2689,76.3909,35-44,friends,moderate,4,2025-01-06
u0001908,family-holiday,Karnataka,south,12.3375,75.8069,45-54,solo,shoestring,4,2024-09-30
u0001909,weekend-escaper,Karnataka,south,12.3375,75.8069,18-24,friends,moderate,4,2025-05-30
u0001910,beach-and-slow,Himachal Pradesh,north,31.1048,77.1734,45-54,couple,comfortable,1,2025-04-03
u0001911,beach-and-slow,Telangana,south,17.385,78.4867,18-24,couple,moderate,1,2024-05-15
u0001912,weekend-escaper,Rajasthan,north,24.5854,73.7125,45-54,solo,moderate,1,2025-04-08
u0001913,food-first,Madhya Pradesh,central,25.3518,78.6417,35-44,family,shoestring,1,2025-01-04
u0001914,family-holiday,Madhya Pradesh,central,23.1765,75.7885,55+,solo,comfortable,1,2025-03-06
u0001915,pilgrim,Uttar Pradesh,central,27.5806,77.7006,55+,solo,moderate,1,2025-02-03
u0001916,beach-and-slow,West Bengal,east,22.5726,88.3639,18-24,solo,shoestring,6,2025-09-06
u0001917,heritage-seeker,Gujarat,west,21.1702,72.8311,55+,solo,moderate,1,2024-03-21
u0001918,heritage-seeker,Rajasthan,north,28.0229,73.3119,35-44,friends,shoestring,1,2024-09-10
u0001919,heritage-seeker,Odisha,east,19.8876,86.0945,25-34,family,shoestring,6,2024-01-01
u0001920,beach-and-slow,Tamil Nadu,south,10.7905,78.7047,45-54,family,comfortable,1,2025-06-15
u0001921,beach-and-slow,Gujarat,west,21.1702,72.8311,45-54,couple,comfortable,1,2025-09-18
u0001922,mountain-walker,Tripura,northeast,23.8315,91.2868,18-24,family,moderate,19,2025-07-18
u0001923,family-holiday,Goa,west,15.2993,74.124,55+,family,moderate,1,2025-09-14
u0001924,beach-and-slow,Andhra Pradesh,south,16.5062,80.648,18-24,friends,moderate,1,2024-08-30
u0001925,weekend-escaper,Goa,west,15.4909,73.8278,35-44,couple,shoestring,1,2025-03-28
u0001926,weekend-escaper,Uttar Pradesh,central,25.4358,81.8463,25-34,solo,comfortable,1,2024-11-28
u0001927,weekend-escaper,Rajasthan,north,24.5854,73.7125,18-24,friends,comfortable,1,2024-04-13
u0001928,beach-and-slow,Andhra Pradesh,south,17.6868,83.2185,55+,friends,moderate,1,2024-09-17
u0001929,mountain-walker,Himachal Pradesh,north,32.2432,77.1892,25-34,family,premium,26,2024-11-17
u0001930,heritage-seeker,Uttarakhand,north,29.3803,79.4636,18-24,family,premium,3,2024-10-17
u0001931,family-holiday,Tamil Nadu,south,10.7905,78.7047,45-54,couple,moderate,3,2024-01-05
u0001932,family-holiday,Madhya Pradesh,central,23.4794,77.7392,45-54,friends,moderate,1,2025-04-04
u0001933,pilgrim,West Bengal,east,27.06,88.47,45-54,solo,premium,1,2025-06-29
u0001934,family-holiday,Uttar Pradesh,central,25.4358,81.8463,45-54,couple,comfortable,3,2025-05-05
u0001935,mountain-walker,Ladakh,north,34.6868,77.5619,18-24,family,moderate,4,2024-10-22
u0001936,family-holiday,Maharashtra,west,19.8762,75.3433,45-54,couple,comfortable,8,2025-04-25
u0001937,heritage-seeker,Rajasthan,north,26.4499,74.6399,55+,family,comfortable,1,2024-03-20
u0001938,family-holiday,Chandigarh,north,30.7333,76.7794,35-44,family,moderate,1,2024-10-13
u0001939,heritage-seeker,Uttarakhand,north,30.3165,78.0322,55+,solo,moderate,1,2024-02-08
u0001940,family-holiday,Ladakh,north,34.6868,77.5619,35-44,family,premium,2,2025-06-02
u0001941,heritage-seeker,Rajasthan,north,26.9157,70.9083,45-54,family,comfortable,1,2024-09-07
u0001942,weekend-escaper,Goa,west,15.2993,74.124,18-24,couple,moderate,2,2025-09-25
u0001943,beach-and-slow,Meghalaya,northeast,25.5788,91.8933,35-44,family,moderate,2,2024-01-10
u0001944,weekend-escaper,Maharashtra,west,17.9307,73.6477,18-24,family,shoestring,2,2024-07-20
u0001945,mountain-walker,Rajasthan,north,26.9157,70.9083,35-44,family,shoestring,1,2025-05-16
u0001946,food-first,Himachal Pradesh,north,32.219,76.3234,18-24,couple,moderate,2,2025-02-06
u0001947,mountain-walker,Rajasthan,north,26.4499,74.6399,25-34,solo,premium,1,2024-05-14
u0001948,mountain-walker,Assam,northeast,26.1445,91.7362,18-24,family,moderate,1,2025-07-11
u0001949,family-holiday,Karnataka,south,14.5479,74.3188,35-44,couple,moderate,1,2024-12-14
u0001950,pilgrim,Arunachal Pradesh,northeast,27.586,91.859,18-24,family,moderate,1,2025-09-25
u0001951,beach-and-slow,Nagaland,northeast,25.6751,94.11,18-24,friends,moderate,1,2025-02-11
u0001952,beach-and-slow,Karnataka,south,15.918,75.685,25-34,couple,shoestring,2,2025-08-21
u0001953,beach-and-slow,Andaman and Nicobar Islands,south,11.6234,92.7265,45-54,family,premium,2,2025-01-08
u0001954,food-first,Rajasthan,north,24.5926,72.7156,35-44,family,moderate,2,2024-02-06
u0001955,mountain-walker,West Bengal,east,27.06,88.47,55+,friends,moderate,1,2024-05-21
u0001956,food-first,Tamil Nadu,south,11.4102,76.695,18-24,family,shoestring,1,2024-05-19
u0001957,pilgrim,Madhya Pradesh,central,23.1815,79.9864,55+,solo,moderate,7,2025-09-25
u0001958,heritage-seeker,Karnataka,south,15.918,75.685,45-54,couple,moderate,1,2024-01-19
u0001959,mountain-walker,Meghalaya,northeast,25.5788,91.8933,55+,couple,comfortable,1,2024-11-11
u0001960,heritage-seeker,Tamil Nadu,south,8.0883,77.5385,35-44,family,moderate,5,2024-04-28
u0001961,heritage-seeker,Himachal Pradesh,north,32.01,77.3152,45-54,couple,moderate,1,2024-03-26
u0001962,mountain-walker,Rajasthan,north,26.4499,74.6399,25-34,couple,comfortable,2,2024-03-21
u0001963,pilgrim,Rajasthan,north,26.9124,75.7873,35-44,solo,premium,1,2024-08-06
u0001964,heritage-seeker,Uttar Pradesh,central,25.3176,82.9739,25-34,family,moderate,2,2025-09-18
u0001965,mountain-walker,Mizoram,northeast,23.7271,92.7176,45-54,solo,premium,1,2025-04-08
u0001966,weekend-escaper,Nagaland,northeast,25.6751,94.11,25-34,couple,premium,1,2024-09-16
u0001967,weekend-escaper,Uttarakhand,north,29.3803,79.4636,45-54,solo,moderate,1,2024-07-20
u0001968,heritage-seeker,Gujarat,west,22.2394,68.9678,18-24,friends,moderate,2,2025-08-28
u0001969,family-holiday,Himachal Pradesh,north,32.01,77.3152,35-44,couple,premium,9,2025-04-29
u0001970,heritage-seeker,Uttar Pradesh,central,25.3176,82.9739,25-34,couple,premium,8,2024-12-04
u0001971,family-holiday,Uttar Pradesh,central,27.1767,78.0081,25-34,solo,comfortable,2,2024-01-22
u0001972,heritage-seeker,Kerala,south,8.7379,76.7163,55+,couple,shoestring,1,2025-09-08
u0001973,family-holiday,Ladakh,north,34.1526,77.5771,35-44,family,comfortable,1,2024-08-22
u0001974,mountain-walker,Maharashtra,west,17.9307,73.6477,55+,friends,shoestring,1,2024-12-13
u0001975,food-first,Madhya Pradesh,central,23.4794,77.7392,45-54,family,comfortable,1,2025-08-27
u0001976,mountain-walker,West Bengal,east,21.627,87.509,35-44,couple,comfortable,2,2024-05-22
u0001977,family-holiday,Tripura,northeast,23.8315,91.2868,45-54,friends,shoestring,2,2024-10-10
u0001978,beach-and-slow,Madhya Pradesh,central,24.8318,79.9199,55+,family,premium,1,2024-10-12
u0001979,food-first,Himachal Pradesh,north,32.2464,78.0349,55+,family,shoestring,3,2024-05-18
u0001980,heritage-seeker,Karnataka,south,12.9716,77.5946,55+,family,comfortable,4,2024-04-14
u0001981,beach-and-slow,Rajasthan,north,26.838,70.9,18-24,solo,comfortable,6,2025-03-30
u0001982,beach-and-slow,West Bengal,east,27.06,88.47,35-44,solo,comfortable,9,2024-06-02
u0001983,family-holiday,Telangana,south,17.385,78.4867,55+,friends,moderate,3,2024-09-22
u0001984,pilgrim,Madhya Pradesh,central,23.1765,75.7885,18-24,solo,moderate,1,2024-11-18
u0001985,food-first,Kerala,south,11.2588,75.7804,35-44,family,moderate,1,2024-09-01
u0001986,heritage-seeker,Uttar Pradesh,central,25.4358,81.8463,45-54,couple,moderate,1,2025-04-13
u0001987,food-first,Karnataka,south,12.9141,74.856,35-44,friends,comfortable,5,2025-04-08
u0001988,food-first,West Bengal,east,27.041,88.2663,35-44,friends,comfortable,1,2024-03-19
u0001989,pilgrim,Tripura,northeast,23.8315,91.2868,45-54,friends,moderate,2,2024-09-11
u0001990,beach-and-slow,Meghalaya,northeast,25.27,91.732,45-54,family,shoestring,3,2024-03-22
u0001991,mountain-walker,Sikkim,northeast,27.3,88.24,18-24,family,shoestring,1,2025-05-30
u0001992,weekend-escaper,Kerala,south,11.6854,76.132,35-44,family,shoestring,1,2024-10-29
u0001993,heritage-seeker,Maharashtra,west,18.7546,73.4062,55+,family,moderate,2,2024-02-22
u0001994,mountain-walker,Madhya Pradesh,central,23.4794,77.7392,25-34,family,moderate,2,2024-11-12
u0001995,pilgrim,Karnataka,south,12.3375,75.8069,35-44,friends,shoestring,1,2025-02-03
u0001996,heritage-seeker,Rajasthan,north,24.5926,72.7156,35-44,couple,moderate,1,2025-03-17
u0001997,pilgrim,Kerala,south,8.5241,76.9366,55+,family,comfortable,2,2025-05-31
u0001998,weekend-escaper,Meghalaya,northeast,25.27,91.732,25-34,couple,moderate,1,2024-08-27
u0001999,weekend-escaper,Punjab,north,31.634,74.8723,45-54,couple,moderate,1,2024-07-08
u0002000,weekend-escaper,Bihar,east,25.5941,85.1376,35-44,solo,comfortable,4,2024-09-18
u0002001,pilgrim,Uttar Pradesh,central,25.3176,82.9739,18-24,friends,premium,1,2024-12-19
u0002002,food-first,Karnataka,south,15.918,75.685,18-24,family,comfortable,1,2024-03-30
u0002003,family-holiday,Bihar,east,25.1367,85.4438,45-54,solo,shoestring,9,2024-09-14
u0002004,beach-and-slow,Arunachal Pradesh,northeast,27.586,91.859,35-44,solo,shoestring,2,2024-05-13
u0002005,weekend-escaper,West Bengal,east,22.5726,88.3639,55+,family,shoestring,1,2025-06-15
u0002006,food-first,Arunachal Pradesh,northeast,27.0844,93.6053,55+,solo,comfortable,3,2024-01-05
u0002007,beach-and-slow,West Bengal,east,27.041,88.2663,35-44,family,comfortable,2,2024-06-30
u0002008,family-holiday,Assam,northeast,26.1445,91.7362,45-54,solo,moderate,2,2024-09-10
u0002009,heritage-seeker,Tamil Nadu,south,10.787,79.1378,45-54,friends,moderate,1,2025-06-24
u0002010,food-first,Tamil Nadu,south,10.7905,78.7047,55+,couple,moderate,1,2025-01-14
u0002011,food-first,Uttar Pradesh,central,27.1767,78.0081,18-24,couple,moderate,1,2025-09-04
u0002012,mountain-walker,Madhya Pradesh,central,24.8318,79.9199,18-24,family,comfortable,1,2024-12-24
u0002013,mountain-walker,Madhya Pradesh,central,25.3518,78.6417,35-44,solo,moderate,1,2025-07-17
u0002014,food-first,Madhya Pradesh,central,23.1765,75.7885,18-24,friends,comfortable,2,2024-10-03
u0002015,weekend-escaper,Uttar Pradesh,central,27.5806,77.7006,18-24,friends,premium,2,2024-04-23
u0002016,family-holiday,Madhya Pradesh,central,25.3518,78.6417,35-44,family,moderate,1,2024-05-22
u0002017,food-first,Maharashtra,west,19.076,72.8777,35-44,couple,comfortable,1,2024-05-19
u0002018,family-holiday,Assam,northeast,26.1445,91.7362,35-44,family,moderate,1,2024-03-14
u0002019,heritage-seeker,Kerala,south,9.4981,76.3388,25-34,couple,moderate,1,2024-07-02
u0002020,heritage-seeker,Madhya Pradesh,central,23.1815,79.9864,18-24,solo,comfortable,2,2024-12-21
u0002021,family-holiday,Uttarakhand,north,30.4598,78.0644,55+,family,shoestring,1,2025-01-05
u0002022,food-first,Chandigarh,north,30.7333,76.7794,35-44,solo,shoestring,1,2024-01-08
u0002023,heritage-seeker,Gujarat,west,21.1702,72.8311,18-24,couple,comfortable,1,2024-08-24
u0002024,weekend-escaper,Odisha,east,19.8876,86.0945,55+,couple,comfortable,6,2024-07-10
u0002025,heritage-seeker,Tamil Nadu,south,10.7905,78.7047,35-44,family,shoestring,3,2025-05-19
u0002026,pilgrim,Rajasthan,north,26.9124,75.7873,25-34,family,premium,3,2024-03-21
u0002027,weekend-escaper,Uttarakhand,north,30.529,79.5666,18-24,family,comfortable,1,2024-10-27
u0002028,pilgrim,Kerala,south,9.4981,76.3388,35-44,family,moderate,1,2024-12-25
u0002029,mountain-walker,Maharashtra,west,17.9307,73.6477,45-54,friends,moderate,1,2024-12-30
u0002030,weekend-escaper,Maharashtra,west,19.9975,73.7898,35-44,family,moderate,1,2025-08-18
u0002031,family-holiday,Tamil Nadu,south,11.3494,76.7956,25-34,solo,shoestring,1,2025-02-18
u0002032,weekend-escaper,Karnataka,south,14.5479,74.3188,45-54,friends,moderate,2,2025-05-27
u0002033,weekend-escaper,Tamil Nadu,south,11.0168,76.9558,25-34,family,premium,3,2025-03-25
u0002034,mountain-walker,Kerala,south,11.2588,75.7804,55+,family,shoestring,2,2025-04-03
u0002035,food-first,Gujarat,west,20.888,70.401,25-34,friends,moderate,3,2025-05-16
u0002036,beach-and-slow,West Bengal,east,21.627,87.509,18-24,friends,comfortable,35,2024-07-13
u0002037,mountain-walker,Kerala,south,8.5241,76.9366,25-34,couple,shoestring,7,2025-03-29
u0002038,food-first,Sikkim,northeast,27.3,88.24,55+,friends,shoestring,2,2024-06-27
u0002039,heritage-seeker,Tamil Nadu,south,8.0883,77.5385,18-24,family,moderate,3,2025-09-18
u0002040,beach-and-slow,Himachal Pradesh,north,32.219,76.3234,35-44,family,moderate,1,2025-03-03
u0002041,heritage-seeker,Gujarat,west,22.3072,73.1812,45-54,couple,premium,1,2025-05-09
u0002042,mountain-walker,Meghalaya,northeast,25.27,91.732,45-54,couple,comfortable,3,2025-01-20
u0002043,family-holiday,Tamil Nadu,south,8.0883,77.5385,55+,family,moderate,1,2025-05-29
u0002044,pilgrim,Odisha,east,19.8876,86.0945,35-44,couple,moderate,2,2025-05-04
u0002045,food-first,Maharashtra,west,19.7645,74.4762,25-34,couple,shoestring,2,2024-10-16
u0002046,heritage-seeker,Gujarat,west,23.7333,69.8597,18-24,solo,moderate,2,2024-11-06
u0002047,food-first,Rajasthan,north,26.2389,73.0243,55+,solo,comfortable,11,2025-06-25
u0002048,heritage-seeker,Uttar Pradesh,central,25.3176,82.9739,45-54,friends,comfortable,3,2025-06-24
u0002049,heritage-seeker,Karnataka,south,15.335,76.46,18-24,family,comfortable,1,2025-04-30
u0002050,heritage-seeker,Goa,west,15.4909,73.8278,18-24,couple,premium,1,2024-06-17
u0002051,food-first,Himachal Pradesh,north,32.2464,78.0349,25-34,solo,moderate,3,2024-02-18
u0002052,pilgrim,Kerala,south,8.7379,76.7163,45-54,family,moderate,2,2024-10-30
u0002053,weekend-escaper,Bihar,east,25.1367,85.4438,45-54,family,comfortable,1,2024-04-14
u0002054,mountain-walker,Uttarakhand,north,29.3803,79.4636,45-54,family,shoestring,1,2025-01-27
u0002055,weekend-escaper,Kerala,south,9.4981,76.3388,25-34,solo,moderate,1,2024-03-25
u0002056,heritage-seeker,Tamil Nadu,south,8.0883,77.5385,55+,family,shoestring,2,2025-06-14
u0002057,pilgrim,Karnataka,south,12.9141,74.856,45-54,solo,shoestring,7,2025-07-15
u0002058,family-holiday,Ladakh,north,34.6868,77.5619,55+,friends,shoestring,1,2024-02-09
u0002059,family-holiday,Himachal Pradesh,north,32.5387,75.9707,45-54,family,comfortable,1,2024-05-05
u0002060,pilgrim,Rajasthan,north,26.2389,73.0243,18-24,couple,shoestring,1,2024-02-15
u0002061,beach-and-slow,Uttar Pradesh,central,25.4358,81.8463,25-34,friends,comfortable,1,2024-01-25
u0002062,food-first,Karnataka,south,14.5479,74.3188,18-24,friends,premium,4,2024-02-05
u0002063,beach-and-slow,Maharashtra,west,18.5204,73.8567,25-34,friends,comfortable,1,2024-10-10
u0002064,mountain-walker,Arunachal Pradesh,northeast,27.0844,93.6053,25-34,friends,shoestring,5,2024-11-03
u0002065,pilgrim,Goa,west,15.2993,74.124,18-24,couple,premium,9,2024-06-18
u0002066,beach-and-slow,Karnataka,south,13.3409,74.7421,18-24,solo,premium,6,2025-08-24
u0002067,weekend-escaper,Kerala,south,11.6854,76.132,55+,family,premium,2,2025-06-20
u0002068,family-holiday,Tamil Nadu,south,11.3494,76.7956,45-54,family,moderate,2,2024-10-11
u0002069,food-first,Kerala,south,9.9312,76.2673,35-44,solo,moderate,1,2024-05-18
u0002070,family-holiday,Madhya Pradesh,central,23.2599,77.4126,45-54,friends,comfortable,1,2024-11-20
u0002071,mountain-walker,Puducherry,south,11.9416,79.8083,55+,family,premium,1,2024-04-11
u0002072,heritage-seeker,Jammu and Kashmir,north,34.0837,74.7973,25-34,friends,moderate,3,2025-06-24
u0002073,pilgrim,Nagaland,northeast,25.6751,94.11,45-54,couple,comfortable,1,2024-10-29
u0002074,mountain-walker,Himachal Pradesh,north,32.5387,75.9707,25-34,friends,moderate,1,2025-02-26
u0002075,family-holiday,Gujarat,west,22.2394,68.9678,55+,friends,moderate,7,2024-05-05
u0002076,family-holiday,Himachal Pradesh,north,32.5387,75.9707,45-54,family,comfortable,1,2025-09-26
u0002077,food-first,Punjab,north,31.634,74.8723,25-34,couple,comfortable,1,2024-02-23
u0002078,food-first,Karnataka,south,15.2689,76.3909,35-44,friends,moderate,3,2025-01-08
u0002079,pilgrim,Kerala,south,8.7379,76.7163,35-44,solo,moderate,1,2024-09-20
u0002080,beach-and-slow,Telangana,south,17.385,78.4867,45-54,friends,comfortable,2,2024-03-09
u0002081,food-first,Mizoram,northeast,23.7271,92.7176,18-24,solo,shoestring,2,2024-10-06
u0002082,family-holiday,Maharashtra,west,18.7546,73.4062,18-24,friends,moderate,1,2024-12-23
u0002083,family-holiday,Rajasthan,north,26.838,70.9,18-24,solo,comfortable,1,2024-05-28
u0002084,family-holiday,West Bengal,east,22.5726,88.3639,18-24,family,comfortable,1,2024-05-03
u0002085,weekend-escaper,Odisha,east,19.8876,86.0945,45-54,friends,moderate,2,2025-04-21
u0002086,heritage-seeker,Uttarakhand,north,30.0869,78.2676,25-34,family,comfortable,1,2024-10-18
u0002087,mountain-walker,Gujarat,west,23.7333,69.8597,45-54,family,moderate,1,2025-06-23
u0002088,family-holiday,Arunachal Pradesh,northeast,27.0844,93.6053,25-34,solo,moderate,1,2024-05-04
u0002089,pilgrim,Rajasthan,north,24.8887,74.6269,55+,solo,shoestring,4,2024-12-05
u0002090,family-holiday,Madhya Pradesh,central,24.8318,79.9199,18-24,family,moderate,2,2025-07-14
u0002091,food-first,Rajasthan,north,24.5854,73.7125,35-44,family,comfortable,1,2025-08-31
u0002092,weekend-escaper,Tamil Nadu,south,13.0827,80.2707,18-24,friends,comfortable,5,2025-08-30
u0002093,food-first,Maharashtra,west,17.9307,73.6477,35-44,solo,comfortable,3,2025-08-26
u0002094,pilgrim,Andhra Pradesh,south,16.5062,80.648,18-24,couple,comfortable,1,2024-06-27
u0002095,beach-and-slow,Karnataka,south,12.9716,77.5946,18-24,couple,moderate,3,2025-03-28
u0002096,food-first,Uttar Pradesh,central,26.4499,80.3319,25-34,solo,moderate,1,2025-07-15
u0002097,pilgrim,Nagaland,northeast,25.6751,94.11,18-24,family,comfortable,2,2025-02-11
u0002098,mountain-walker,Kerala,south,10.0889,77.0595,55+,solo,premium,2,2024-12-04
u0002099,heritage-seeker,Gujarat,west,22.2394,68.9678,25-34,family,premium,1,2024-11-25
u0002100,weekend-escaper,Karnataka,south,13.3161,75.772,55+,family,moderate,1,2025-08-01
u0002101,beach-and-slow,Meghalaya,northeast,25.5788,91.8933,45-54,solo,premium,1,2024-06-03
u0002102,pilgrim,Bihar,east,25.5941,85.1376,35-44,couple,shoestring,2,2025-06-25
u0002103,food-first,Karnataka,south,13.3409,74.7421,25-34,family,shoestring,1,2024-10-14
u0002104,family-holiday,Himachal Pradesh,north,32.5387,75.9707,55+,couple,comfortable,1,2025-06-29
u0002105,family-holiday,Uttarakhand,north,29.53,78.7747,18-24,couple,moderate,2,2024-09-01
u0002106,mountain-walker,Madhya Pradesh,central,23.4794,77.7392,45-54,friends,moderate,1,2024-09-20
u0002107,food-first,Gujarat,west,23.0225,72.5714,35-44,friends,moderate,1,2025-08-02
u0002108,family-holiday,Madhya Pradesh,central,23.4794,77.7392,18-24,friends,shoestring,1,2024-07-24
u0002109,mountain-walker,Uttar Pradesh,central,27.5806,77.7006,45-54,couple,premium,1,2024-09-14
u0002110,food-first,Kerala,south,10.0889,77.0595,55+,solo,moderate,3,2024-08-25
u0002111,family-holiday,Tamil Nadu,south,10.7905,78.7047,45-54,solo,comfortable,1,2024-02-21
u0002112,weekend-escaper,Kerala,south,11.2588,75.7804,18-24,couple,shoestring,1,2024-06-28
u0002113,weekend-escaper,Maharashtra,west,19.7645,74.4762,18-24,couple,shoestring,2,2025-01-07
u0002114,heritage-seeker,Kerala,south,11.6854,76.132,55+,solo,moderate,1,2025-03-19
u0002115,pilgrim,Kerala,south,9.5916,77.1603,35-44,solo,shoestring,1,2025-04-08
u0002116,heritage-seeker,Rajasthan,north,26.838,70.9,45-54,solo,premium,1,2024-04-11
u0002117,heritage-seeker,Tamil Nadu,south,11.3494,76.7956,18-24,family,comfortable,1,2025-03-23
u0002118,weekend-escaper,Meghalaya,northeast,25.5788,91.8933,35-44,solo,moderate,1,2025-04-07
u0002119,heritage-seeker,Jharkhand,east,23.3441,85.3096,18-24,family,shoestring,1,2024-10-24
u0002120,family-holiday,Goa,west,15.4909,73.8278,25-34,couple,moderate,30,2024-09-01
u0002121,heritage-seeker,Bihar,east,25.1367,85.4438,35-44,solo,premium,2,2025-02-05
u0002122,heritage-seeker,Maharashtra,west,19.9975,73.7898,55+,solo,moderate,1,2025-04-29
u0002123,weekend-escaper,Mizoram,northeast,23.7271,92.7176,55+,solo,premium,2,2025-04-19
u0002124,mountain-walker,Himachal Pradesh,north,32.5387,75.9707,35-44,friends,moderate,1,2025-02-13
u0002125,heritage-seeker,Tamil Nadu,south,10.787,79.1378,25-34,friends,moderate,1,2025-03-07
u0002126,beach-and-slow,Maharashtra,west,17.9307,73.6477,35-44,solo,moderate,1,2025-01-30
u0002127,mountain-walker,Madhya Pradesh,central,23.2599,77.4126,45-54,solo,moderate,1,2024-05-15
u0002128,family-holiday,Tamil Nadu,south,10.2381,77.4892,55+,family,comfortable,4,2024-03-28
u0002129,food-first,Madhya Pradesh,central,26.2183,78.1828,18-24,couple,shoestring,1,2024-02-14
u0002130,family-holiday,Kerala,south,9.4981,76.3388,45-54,family,premium,1,2024-01-20
u0002131,heritage-seeker,Uttar Pradesh,central,26.4499,80.3319,45-54,solo,comfortable,1,2024-11-10
u0002132,weekend-escaper,Karnataka,south,15.335,76.46,55+,solo,moderate,1,2024-12-19
u0002133,pilgrim,Himachal Pradesh,north,32.2432,77.1892,45-54,couple,premium,2,2024-09-26
u0002134,food-first,West Bengal,east,26.7271,88.3953,18-24,solo,comfortable,2,2025-04-08
u0002135,heritage-seeker,Nagaland,northeast,25.6751,94.11,35-44,couple,moderate,5,2025-03-13
u0002136,pilgrim,Himachal Pradesh,north,32.5387,75.9707,55+,family,moderate,6,2024-09-09
u0002137,heritage-seeker,Uttarakhand,north,30.3165,78.0322,25-34,friends,comfortable,2,2024-06-19
u0002138,weekend-escaper,Chhattisgarh,central,21.2514,81.6296,18-24,family,moderate,2,2024-04-28
u0002139,mountain-walker,Himachal Pradesh,north,32.2432,77.1892,25-34,couple,moderate,1,2024-05-29
u0002140,heritage-seeker,Maharashtra,west,18.6414,72.8722,35-44,couple,moderate,2,2025-03-02
u0002141,heritage-seeker,Madhya Pradesh,central,22.7196,75.8577,35-44,family,moderate,26,2025-08-04
u0002142,pilgrim,Manipur,northeast,24.817,93.9368,45-54,family,moderate,3,2024-03-27
u0002143,family-holiday,Telangana,south,17.385,78.4867,25-34,solo,shoestring,1,2024-12-02
u0002144,heritage-seeker,Assam,northeast,26.95,94.17,35-44,couple,comfortable,35,2025-05-12
u0002145,weekend-escaper,Maharashtra,west,18.6414,72.8722,18-24,couple,shoestring,1,2024-10-12
u0002146,heritage-seeker,Tamil Nadu,south,13.0827,80.2707,18-24,solo,moderate,1,2024-10-02
u0002147,food-first,Karnataka,south,12.3375,75.8069,55+,solo,shoestring,1,2024-10-18
u0002148,heritage-seeker,Rajasthan,north,26.9124,75.7873,45-54,couple,moderate,1,2024-03-05
u0002149,beach-and-slow,West Bengal,east,27.041,88.2663,55+,couple,moderate,6,2024-09-26
u0002150,family-holiday,Rajasthan,north,28.0229,73.3119,55+,family,comfortable,5,2025-05-11
u0002151,food-first,Uttar Pradesh,central,27.5806,77.7006,45-54,friends,shoestring,1,2024-07-21
u0002152,mountain-walker,West Bengal,east,22.5726,88.3639,18-24,solo,shoestring,1,2024-12-05
u0002153,beach-and-slow,Rajasthan,north,24.5854,73.7125,25-34,couple,comfortable,1,2024-04-18
u0002154,beach-and-slow,Uttarakhand,north,30.4598,78.0644,35-44,couple,moderate,1,2025-07-02
u0002155,weekend-escaper,Gujarat,west,23.2156,72.6369,55+,solo,comfortable,1,2025-04-28
u0002156,heritage-seeker,Madhya Pradesh,central,23.1815,79.9864,55+,family,moderate,12,2024-01-25
u0002157,pilgrim,Madhya Pradesh,central,23.1815,79.9864,55+,solo,moderate,1,2025-05-08
u0002158,pilgrim,Himachal Pradesh,north,32.2432,77.1892,35-44,solo,premium,1,2025-04-01
u0002159,food-first,Odisha,east,20.2961,85.8245,25-34,couple,premium,1,2025-09-29
u0002160,family-holiday,Ladakh,north,34.1526,77.5771,35-44,family,comfortable,3,2025-05-31
u0002161,beach-and-slow,Ladakh,north,34.1526,77.5771,18-24,solo,comfortable,1,2024-03-19
u0002162,weekend-escaper,Assam,northeast,26.95,94.17,45-54,solo,premium,1,2024-12-19
u0002163,weekend-escaper,Manipur,northeast,24.817,93.9368,45-54,friends,moderate,4,2025-01-27
u0002164,family-holiday,Rajasthan,north,26.4899,74.5511,45-54,solo,moderate,1,2024-10-17
u0002165,family-holiday,Gujarat,west,23.0225,72.5714,35-44,couple,comfortable,1,2025-02-27
u0002166,pilgrim,Andhra Pradesh,south,13.6288,79.4192,25-34,couple,shoestring,1,2025-04-17
u0002167,heritage-seeker,Jharkhand,east,23.3441,85.3096,35-44,couple,moderate,2,2025-08-16
u0002168,beach-and-slow,Maharashtra,west,19.8762,75.3433,25-34,friends,comfortable,1,2024-07-20
u0002169,beach-and-slow,Kerala,south,8.5241,76.9366,35-44,friends,shoestring,2,2024-11-14
u0002170,food-first,Arunachal Pradesh,northeast,27.0844,93.6053,55+,couple,moderate,1,2024-03-23
u0002171,mountain-walker,Rajasthan,north,26.9157,70.9083,18-24,couple,moderate,1,2025-01-10
u0002172,beach-and-slow,Karnataka,south,15.918,75.685,45-54,friends,moderate,1,2025-08-03
u0002173,pilgrim,Tamil Nadu,south,9.9252,78.1198,55+,friends,shoestring,1,2024-10-07
u0002174,family-holiday,Gujarat,west,23.2156,72.6369,18-24,family,shoestring,3,2025-08-27
u0002175,food-first,Kerala,south,10.0889,77.0595,45-54,couple,comfortable,1,2025-05-22
u0002176,family-holiday,West Bengal,east,22.5726,88.3639,45-54,solo,premium,5,2024-08-22
u0002177,food-first,Madhya Pradesh,central,23.4794,77.7392,35-44,solo,shoestring,2,2024-08-14
u0002178,mountain-walker,Karnataka,south,13.3409,74.7421,25-34,friends,comfortable,1,2024-01-06
u0002179,family-holiday,Puducherry,south,11.9416,79.8083,25-34,family,shoestring,1,2024-04-26
u0002180,food-first,Arunachal Pradesh,northeast,27.586,91.859,55+,couple,moderate,1,2024-12-08
u0002181,food-first,Uttarakhand,north,29.9457,78.1642,55+,couple,shoestring,7,2025-04-03
u0002182,family-holiday,Uttarakhand,north,29.53,78.7747,35-44,solo,shoestring,1,2025-03-09
u0002183,weekend-escaper,Karnataka,south,15.335,76.46,35-44,friends,comfortable,1,2025-04-27
u0002184,heritage-seeker,Uttar Pradesh,central,26.7922,82.1998,18-24,family,premium,2,2024-02-16
u0002185,food-first,Rajasthan,north,26.4499,74.6399,55+,couple,moderate,1,2024-03-02
u0002186,beach-and-slow,Puducherry,south,11.9416,79.8083,45-54,solo,shoestring,7,2024-09-19
u0002187,family-holiday,Rajasthan,north,25.4305,75.6499,25-34,solo,moderate,1,2025-06-07
u0002188,food-first,Tamil Nadu,south,10.2381,77.4892,55+,friends,shoestring,1,2024-12-16
u0002189,heritage-seeker,Tamil Nadu,south,11.4102,76.695,55+,couple,comfortable,1,2025-03-04
u0002190,food-first,Himachal Pradesh,north,31.1048,77.1734,35-44,solo,comfortable,1,2024-04-26
u0002191,weekend-escaper,Kerala,south,9.5916,77.1603,35-44,family,moderate,1,2024-06-26
u0002192,family-holiday,Uttarakhand,north,30.3165,78.0322,45-54,couple,premium,1,2025-01-29
u0002193,family-holiday,West Bengal,east,26.7271,88.3953,35-44,solo,shoestring,1,2024-01-11
u0002194,food-first,Assam,northeast,26.1445,91.7362,45-54,friends,comfortable,3,2024-04-25
u0002195,pilgrim,Maharashtra,west,19.9975,73.7898,45-54,family,comfortable,2,2024-11-05
u0002196,pilgrim,Bihar,east,24.6961,84.9911,35-44,family,comfortable,1,2024-09-14
u0002197,beach-and-slow,Maharashtra,west,18.7546,73.4062,55+,friends,premium,2,2024-08-23
u0002198,mountain-walker,Odisha,east,19.8876,86.0945,25-34,solo,comfortable,1,2024-01-11
u0002199,family-holiday,Uttar Pradesh,central,25.4358,81.8463,25-34,family,moderate,2,2025-08-03
u0002200,food-first,Gujarat,west,22.3072,73.1812,45-54,family,comfortable,5,2024-08-22
u0002201,heritage-seeker,Ladakh,north,34.6868,77.5619,55+,family,shoestring,1,2024-01-10
u0002202,weekend-escaper,Kerala,south,8.5241,76.9366,18-24,friends,comfortable,39,2025-05-16
u0002203,weekend-escaper,Maharashtra,west,19.9975,73.7898,55+,couple,moderate,3,2024-09-22
u0002204,food-first,Karnataka,south,12.9141,74.856,18-24,friends,shoestring,32,2024-02-13
u0002205,weekend-escaper,Meghalaya,northeast,25.27,91.732,18-24,couple,shoestring,1,2025-08-08
u0002206,weekend-escaper,Odisha,east,19.8876,86.0945,25-34,solo,shoestring,3,2025-03-05
u0002207,mountain-walker,Karnataka,south,12.9716,77.5946,55+,couple,shoestring,1,2025-03-21
u0002208,mountain-walker,Meghalaya,northeast,25.27,91.732,18-24,couple,comfortable,1,2025-07-28
u0002209,heritage-seeker,Rajasthan,north,28.0229,73.3119,25-34,family,comfortable,5,2025-06-15
u0002210,pilgrim,Bihar,east,25.1367,85.4438,18-24,solo,shoestring,51,2024-01-17
u0002211,mountain-walker,Uttarakhand,north,30.529,79.5666,25-34,solo,comfortable,1,2025-06-30
u0002212,beach-and-slow,Mizoram,northeast,23.7271,92.7176,45-54,solo,comfortable,1,2024-03-13
u0002213,heritage-seeker,Mizoram,northeast,23.7271,92.7176,35-44,couple,moderate,2,2024-09-07
u0002214,food-first,Maharashtra,west,18.7546,73.4062,35-44,family,moderate,1,2024-01-10
u0002215,food-first,Arunachal Pradesh,northeast,27.586,91.859,45-54,family,comfortable,1,2024-04-07
u0002216,family-holiday,Uttar Pradesh,central,27.1767,78.0081,55+,solo,comfortable,2,2024-11-19
u0002217,heritage-seeker,Gujarat,west,21.1702,72.8311,35-44,family,comfortable,1,2025-06-25
u0002218,heritage-seeker,Rajasthan,north,28.0229,73.3119,18-24,solo,premium,2,2024-10-30
u0002219,heritage-seeker,Karnataka,south,13.3409,74.7421,55+,friends,moderate,1,2024-06-03
u0002220,beach-and-slow,Madhya Pradesh,central,23.4794,77.7392,45-54,couple,shoestring,1,2024-10-27
u0002221,food-first,Manipur,northeast,24.817,93.9368,25-34,solo,shoestring,1,2024-06-24
u0002222,beach-and-slow,Puducherry,south,11.9416,79.8083,55+,couple,shoestring,2,2024-03-08
u0002223,family-holiday,Meghalaya,northeast,25.5788,91.8933,55+,friends,premium,2,2025-05-26
u0002224,mountain-walker,Odisha,east,20.2961,85.8245,55+,couple,comfortable,1,2024-03-01
u0002225,pilgrim,Bihar,east,25.1367,85.4438,25-34,couple,shoestring,1,2024-06-14
u0002226,food-first,Uttarakhand,north,29.9457,78.1642,35-44,family,comfortable,1,2025-01-16
u0002227,beach-and-slow,Ladakh,north,34.6868,77.5619,25-34,solo,comfortable,1,2024-06-25
u0002228,heritage-seeker,Assam,northeast,26.95,94.17,18-24,solo,premium,1,2025-08-30
u0002229,pilgrim,West Bengal,east,26.7271,88.3953,25-34,family,moderate,1,2024-02-16
u0002230,weekend-escaper,Rajasthan,north,24.5926,72.7156,25-34,friends,comfortable,3,2025-09-05
u0002231,heritage-seeker,Himachal Pradesh,north,31.1048,77.1734,35-44,friends,moderate,1,2025-03-07
u0002232,weekend-escaper,Karnataka,south,13.3409,74.7421,35-44,solo,premium,31,2025-01-27
u0002233,food-first,Uttarakhand,north,30.3165,78.0322,55+,family,moderate,2,2025-09-03
u0002234,family-holiday,Odisha,east,20.2961,85.8245,25-34,friends,moderate,2,2024-10-24
u0002235,heritage-seeker,Madhya Pradesh,central,23.2599,77.4126,18-24,solo,comfortable,2,2025-06-04
u0002236,pilgrim,Himachal Pradesh,north,32.01,77.3152,25-34,solo,moderate,1,2024-07-11
u0002237,beach-and-slow,Andaman and Nicobar Islands,south,11.6234,92.7265,45-54,solo,comfortable,12,2025-02-13
u0002238,mountain-walker,Maharashtra,west,19.9975,73.7898,35-44,family,premium,5,2024-09-08
u0002239,family-holiday,Odisha,east,20.2961,85.8245,45-54,solo,moderate,11,2024-01-22
u0002240,family-holiday,Tripura,northeast,23.8315,91.2868,18-24,solo,comfortable,1,2025-07-10
u0002241,food-first,Ladakh,north,34.6868,77.5619,45-54,couple,comfortable,1,2024-01-03
u0002242,heritage-seeker,West Bengal,east,27.041,88.2663,18-24,friends,moderate,1,2024-07-27
u0002243,family-holiday,Mizoram,northeast,23.7271,92.7176,55+,couple,comfortable,1,2025-04-10
u0002244,family-holiday,Sikkim,northeast,27.3314,88.6138,45-54,family,shoestring,2,2024-12-28
u0002245,mountain-walker,Uttarakhand,north,27.4924,77.6737,45-54,solo,moderate,2,2024-05-15
u0002246,beach-and-slow,Karnataka,south,13.3161,75.772,18-24,family,shoestring,1,2025-02-22
u0002247,family-holiday,Karnataka,south,12.2958,76.6394,45-54,solo,comfortable,1,2025-07-19
u0002248,food-first,Maharashtra,west,18.5204,73.8567,18-24,solo,moderate,1,2024-10-20
u0002249,food-first,Uttar Pradesh,central,26.4499,80.3319,25-34,couple,shoestring,3,2025-03-11
u0002250,pilgrim,Assam,northeast,26.95,94.17,55+,family,moderate,1,2024-05-21
u0002251,heritage-seeker,Rajasthan,north,24.5854,73.7125,18-24,couple,premium,1,2025-04-19
u0002252,food-first,Uttarakhand,north,30.4598,78.0644,18-24,couple,premium,1,2024-04-23
u0002253,heritage-seeker,Gujarat,west,23.2156,72.6369,55+,family,premium,1,2024-04-21
u0002254,weekend-escaper,Rajasthan,north,24.5854,73.7125,55+,solo,premium,1,2025-06-23
u0002255,family-holiday,Andaman and Nicobar Islands,south,11.6234,92.7265,35-44,couple,shoestring,1,2025-09-26
u0002256,family-holiday,Madhya Pradesh,central,22.7196,75.8577,18-24,family,comfortable,1,2024-03-07
u0002257,beach-and-slow,Rajasthan,north,26.9124,75.7873,18-24,couple,comfortable,8,2025-08-22
u0002258,food-first,Maharashtra,west,19.8762,75.3433,18-24,solo,shoestring,1,2025-01-03
u0002259,beach-and-slow,Maharashtra,west,18.5204,73.8567,45-54,family,comfortable,1,2024-07-10
u0002260,family-holiday,Jammu and Kashmir,north,34.0837,74.7973,25-34,family,moderate,1,2024-12-10
u0002261,weekend-escaper,Uttarakhand,north,30.4598,78.0644,45-54,family,moderate,1,2024-03-19
u0002262,food-first,Kerala,south,10.0889,77.0595,55+,couple,shoestring,18,2024-02-27
u0002263,heritage-seeker,Karnataka,south,13.3161,75.772,45-54,family,premium,2,2025-07-13
u0002264,weekend-escaper,Rajasthan,north,26.4899,74.5511,45-54,couple,premium,1,2024-05-18
u0002265,food-first,Karnataka,south,14.5479,74.3188,35-44,family,comfortable,2,2024-10-13
u0002266,heritage-seeker,Nagaland,northeast,25.6751,94.11,25-34,couple,moderate,1,2025-04-20
u0002267,weekend-escaper,Rajasthan,north,25.4305,75.6499,55+,family,premium,9,2024-09-10
u0002268,weekend-escaper,West Bengal,east,21.627,87.509,55+,friends,moderate,1,2025-02-16
u0002269,family-holiday,Kerala,south,11.6854,76.132,18-24,solo,moderate,1,2024-11-22
u0002270,food-first,Rajasthan,north,26.9157,70.9083,25-34,couple,moderate,6,2025-07-21
u0002271,heritage-seeker,Uttar Pradesh,central,27.5806,77.7006,55+,family,comfortable,1,2024-06-13
u0002272,beach-and-slow,Maharashtra,west,19.9975,73.7898,45-54,family,premium,6,2024-10-15
u0002273,food-first,Kerala,south,8.7379,76.7163,45-54,solo,premium,1,2024-07-29
u0002274,heritage-seeker,Delhi,north,28.6139,77.209,25-34,couple,moderate,1,2024-12-24
u0002275,weekend-escaper,Uttar Pradesh,central,27.5806,77.7006,35-44,family,premium,2,2024-12-30
u0002276,beach-and-slow,Chhattisgarh,central,21.2514,81.6296,18-24,family,moderate,2,2024-01-19
u0002277,family-holiday,Karnataka,south,12.3375,75.8069,45-54,solo,comfortable,1,2024-10-16
u0002278,heritage-seeker,Kerala,south,11.2588,75.7804,45-54,friends,shoestring,3,2025-09-09
u0002279,beach-and-slow,Uttar Pradesh,central,25.3176,82.9739,45-54,family,comfortable,2,2024-07-02
u0002280,food-first,Chhattisgarh,central,21.2514,81.6296,35-44,family,shoestring,1,2025-06-10
u0002281,pilgrim,Puducherry,south,11.9416,79.8083,18-24,friends,shoestring,1,2024-01-08
u0002282,family-holiday,Tamil Nadu,south,10.2381,77.4892,55+,solo,comfortable,1,2024-10-12
u0002283,heritage-seeker,Himachal Pradesh,north,31.1048,77.1734,55+,couple,comfortable,1,2024-07-08
u0002284,family-holiday,Madhya Pradesh,central,22.7196,75.8577,35-44,solo,comfortable,1,2024-04-13
u0002285,mountain-walker,Kerala,south,9.5916,77.1603,45-54,couple,comfortable,1,2025-06-19
u0002286,heritage-seeker,Uttar Pradesh,central,27.5806,77.7006,35-44,friends,moderate,4,2024-02-03
u0002287,mountain-walker,Gujarat,west,20.888,70.401,25-34,friends,moderate,2,2025-08-19
u0002288,pilgrim,Maharashtra,west,18.6414,72.8722,45-54,solo,comfortable,1,2025-07-15
u0002289,heritage-seeker,Tripura,northeast,23.8315,91.2868,25-34,couple,comfortable,1,2024-01-13
u0002290,family-holiday,Karnataka,south,12.9716,77.5946,55+,friends,premium,1,2024-02-29
u0002291,pilgrim,Uttarakhand,north,29.9457,78.1642,18-24,couple,shoestring,9,2025-05-23
u0002292,weekend-escaper,Kerala,south,9.4981,76.3388,45-54,family,comfortable,1,2024-08-21
u0002293,mountain-walker,Arunachal Pradesh,northeast,27.586,91.859,35-44,family,premium,6,2025-06-11
u0002294,family-holiday,Madhya Pradesh,central,23.2599,77.4126,35-44,friends,moderate,1,2024-10-30
u0002295,family-holiday,Mizoram,northeast,23.7271,92.7176,25-34,friends,moderate,1,2024-04-05
u0002296,heritage-seeker,Meghalaya,northeast,25.5788,91.8933,55+,couple,comfortable,1,2025-02-26
u0002297,mountain-walker,Uttarakhand,north,30.4598,78.0644,25-34,family,moderate,1,2025-02-06
u0002298,pilgrim,Odisha,east,19.8876,86.0945,35-44,couple,comfortable,2,2024-03-23
u0002299,pilgrim,Gujarat,west,22.3072,73.1812,45-54,friends,moderate,4,2024-09-29
u0002300,family-holiday,Madhya Pradesh,central,23.1765,75.7885,25-34,friends,moderate,3,2024-12-07
u0002301,family-holiday,Bihar,east,24.6961,84.9911,55+,family,moderate,1,2024-11-13
u0002302,beach-and-slow,Madhya Pradesh,central,23.2599,77.4126,45-54,family,moderate,1,2024-07-16
u0002303,family-holiday,Tamil Nadu,south,10.2381,77.4892,25-34,couple,moderate,3,2025-05-26
u0002304,heritage-seeker,Rajasthan,north,24.8887,74.6269,25-34,couple,comfortable,2,2025-06-23
u0002305,food-first,Tamil Nadu,south,11.3494,76.7956,18-24,family,comfortable,1,2025-07-07
u0002306,mountain-walker,Arunachal Pradesh,northeast,27.0844,93.6053,55+,friends,comfortable,1,2024-12-17
u0002307,weekend-escaper,West Bengal,east,21.627,87.509,25-34,couple,comfortable,2,2024-01-11
u0002308,heritage-seeker,Jammu and Kashmir,north,32.7266,74.857,55+,friends,moderate,1,2025-08-01
u0002309,family-holiday,Tripura,northeast,23.8315,91.2868,45-54,couple,moderate,1,2025-09-17
u0002310,mountain-walker,Uttar Pradesh,central,25.4358,81.8463,45-54,family,shoestring,1,2025-01-02
u0002311,food-first,Karnataka,south,12.2958,76.6394,55+,friends,moderate,1,2025-01-23
u0002312,beach-and-slow,Gujarat,west,23.7333,69.8597,35-44,solo,moderate,3,2024-01-08
u0002313,family-holiday,Maharashtra,west,19.7645,74.4762,35-44,friends,premium,1,2024-11-22
u0002314,heritage-seeker,Kerala,south,11.6854,76.132,18-24,family,comfortable,1,2025-06-17
u0002315,beach-and-slow,Madhya Pradesh,central,24.8318,79.9199,25-34,couple,shoestring,1,2024-11-15
u0002316,heritage-seeker,Madhya Pradesh,central,23.4794,77.7392,55+,family,comfortable,2,2025-04-12
u0002317,heritage-seeker,Sikkim,northeast,27.3314,88.6138,55+,solo,comfortable,1,2025-01-03
u0002318,weekend-escaper,Andaman and Nicobar Islands,south,11.6234,92.7265,25-34,solo,comfortable,2,2024-04-07
u0002319,heritage-seeker,Odisha,east,19.8135,85.8312,18-24,couple,shoestring,1,2024-07-12
u0002320,weekend-escaper,Madhya Pradesh,central,22.7196,75.8577,35-44,couple,comfortable,1,2024-01-11
u0002321,beach-and-slow,Karnataka,south,15.918,75.685,18-24,couple,shoestring,2,2024-05-08
u0002322,pilgrim,Tamil Nadu,south,11.4102,76.695,55+,friends,shoestring,4,2025-05-25
u0002323,heritage-seeker,Tamil Nadu,south,10.7905,78.7047,55+,couple,moderate,1,2025-01-16
u0002324,heritage-seeker,Kerala,south,9.5916,77.1603,18-24,friends,moderate,4,2024-09-21
u0002325,heritage-seeker,Himachal Pradesh,north,32.2432,77.1892,25-34,solo,shoestring,1,2024-06-24
u0002326,mountain-walker,Assam,northeast,26.1445,91.7362,25-34,family,moderate,1,2024-09-11
u0002327,pilgrim,Madhya Pradesh,central,23.1815,79.9864,25-34,friends,comfortable,20,2025-04-03
u0002328,mountain-walker,Chandigarh,north,30.7333,76.7794,25-34,family,comfortable,1,2025-04-11
u0002329,weekend-escaper,Himachal Pradesh,north,32.219,76.3234,35-44,solo,shoestring,4,2025-02-19
u0002330,weekend-escaper,Gujarat,west,23.7333,69.8597,45-54,family,moderate,10,2024-09-16
u0002331,mountain-walker,Tamil Nadu,south,12.6269,80.1927,25-34,friends,comfortable,2,2024-09-15
u0002332,pilgrim,Jammu and Kashmir,north,32.7266,74.857,45-54,couple,moderate,1,2024-03-01
u0002333,beach-and-slow,Karnataka,south,12.2958,76.6394,25-34,solo,moderate,1,2025-01-09
u0002334,weekend-escaper,Karnataka,south,12.9141,74.856,18-24,couple,shoestring,2,2025-05-30
u0002335,food-first,Andhra Pradesh,south,16.5062,80.648,35-44,couple,comfortable,2,2025-07-18
u0002336,beach-and-slow,Karnataka,south,14.5479,74.3188,55+,family,moderate,2,2024-08-07
u0002337,weekend-escaper,Ladakh,north,34.6868,77.5619,45-54,family,moderate,1,2024-07-12
u0002338,food-first,Kerala,south,8.7379,76.7163,25-34,family,shoestring,1,2025-02-02
u0002339,family-holiday,Uttarakhand,north,29.9457,78.1642,45-54,couple,comfortable,1,2024-06-29
u0002340,heritage-seeker,Mizoram,northeast,23.7271,92.7176,55+,solo,moderate,1,2024-05-24
u0002341,mountain-walker,Uttar Pradesh,central,26.8467,80.9462,25-34,couple,moderate,1,2024-07-17
u0002342,food-first,Madhya Pradesh,central,22.7196,75.8577,55+,couple,comfortable,1,2025-08-28
u0002343,family-holiday,Rajasthan,north,28.0229,73.3119,25-34,solo,moderate,1,2025-03-19
u0002344,family-holiday,Karnataka,south,12.9141,74.856,18-24,couple,shoestring,1,2024-10-30
u0002345,mountain-walker,Bihar,east,24.6961,84.9911,25-34,couple,premium,2,2024-01-10
u0002346,heritage-seeker,Kerala,south,9.5916,77.1603,35-44,solo,moderate,1,2025-09-26
u0002347,pilgrim,Bihar,east,24.6961,84.9911,35-44,family,shoestring,2,2024-03-22
u0002348,family-holiday,Delhi,north,28.6139,77.209,35-44,couple,shoestring,18,2025-07-01
u0002349,heritage-seeker,Madhya Pradesh,central,24.8318,79.9199,45-54,friends,comfortable,1,2024-11-15
u0002350,weekend-escaper,Karnataka,south,12.2958,76.6394,18-24,family,moderate,1,2025-07-02
u0002351,beach-and-slow,Karnataka,south,12.3375,75.8069,18-24,couple,moderate,1,2024-06-30
u0002352,food-first,Tamil Nadu,south,10.787,79.1378,18-24,friends,comfortable,4,2025-04-13
u0002353,food-first,Goa,west,15.4909,73.8278,25-34,family,comfortable,1,2025-02-19
u0002354,heritage-seeker,Tamil Nadu,south,11.4102,76.695,18-24,solo,premium,1,2024-03-31
u0002355,beach-and-slow,Uttar Pradesh,central,27.1767,78.0081,25-34,solo,shoestring,3,2025-02-19
u0002356,beach-and-slow,Nagaland,northeast,25.6751,94.11,35-44,couple,comfortable,1,2024-01-22
u0002357,pilgrim,West Bengal,east,27.041,88.2663,45-54,couple,comfortable,1,2024-08-08
u0002358,pilgrim,Tamil Nadu,south,8.0883,77.5385,35-44,couple,comfortable,1,2025-07-11
u0002359,mountain-walker,Karnataka,south,13.3161,75.772,18-24,couple,moderate,25,2025-04-14
u0002360,weekend-escaper,Karnataka,south,12.3375,75.8069,55+,friends,moderate,1,2025-02-09
u0002361,beach-and-slow,Meghalaya,northeast,25.27,91.732,18-24,family,comfortable,1,2025-04-02
u0002362,heritage-seeker,Kerala,south,9.4981,76.3388,55+,family,premium,1,2024-06-10
u0002363,heritage-seeker,Maharashtra,west,19.8762,75.3433,25-34,family,comfortable,1,2024-07-23
u0002364,heritage-seeker,Sikkim,northeast,27.3,88.24,25-34,solo,moderate,1,2025-02-20
u0002365,pilgrim,Kerala,south,9.5916,77.1603,35-44,couple,premium,2,2025-02-12
u0002366,weekend-escaper,Tripura,northeast,23.8315,91.2868,55+,family,comfortable,2,2024-04-26
u0002367,weekend-escaper,Gujarat,west,23.7333,69.8597,35-44,family,shoestring,1,2024-11-02
u0002368,family-holiday,Chandigarh,north,30.7333,76.7794,25-34,family,moderate,1,2024-03-11
u0002369,family-holiday,Odisha,east,19.8876,86.0945,18-24,couple,comfortable,2,2025-03-26
u0002370,beach-and-slow,Kerala,south,8.5241,76.9366,25-34,solo,moderate,2,2024-04-25
u0002371,beach-and-slow,Manipur,northeast,24.817,93.9368,55+,friends,comfortable,2,2025-01-26
u0002372,family-holiday,Tamil Nadu,south,11.4102,76.695,25-34,couple,shoestring,3,2025-09-10
u0002373,pilgrim,Kerala,south,9.5916,77.1603,18-24,friends,moderate,2,2025-02-14
u0002374,weekend-escaper,Nagaland,northeast,25.6751,94.11,55+,solo,comfortable,1,2024-08-07
u0002375,weekend-escaper,West Bengal,east,27.041,88.2663,35-44,couple,shoestring,7,2025-08-15
u0002376,mountain-walker,Tamil Nadu,south,13.0827,80.2707,18-24,solo,comfortable,1,2024-01-16
u0002377,family-holiday,Odisha,east,20.2961,85.8245,55+,solo,premium,2,2024-11-12
u0002378,pilgrim,Bihar,east,25.5941,85.1376,55+,solo,comfortable,1,2025-08-11
u0002379,mountain-walker,Gujarat,west,20.888,70.401,55+,family,shoestring,1,2024-10-25
u0002380,mountain-walker,Sikkim,northeast,27.3,88.24,55+,solo,shoestring,1,2025-04-20
u0002381,heritage-seeker,Rajasthan,north,28.0229,73.3119,35-44,friends,moderate,4,2025-05-18
u0002382,beach-and-slow,Tamil Nadu,south,11.3494,76.7956,45-54,solo,moderate,26,2024-05-12
u0002383,weekend-escaper,Mizoram,northeast,23.7271,92.7176,18-24,solo,comfortable,1,2024-09-14
u0002384,pilgrim,Tripura,northeast,23.8315,91.2868,35-44,solo,moderate,3,2024-04-09
u0002385,pilgrim,Gujarat,west,23.2156,72.6369,35-44,couple,moderate,1,2025-08-08
u0002386,weekend-escaper,Uttarakhand,north,29.53,78.7747,25-34,family,premium,2,2025-07-20
u0002387,beach-and-slow,Jammu and Kashmir,north,34.0837,74.7973,25-34,couple,shoestring,1,2025-07-25
u0002388,pilgrim,Tamil Nadu,south,11.3494,76.7956,25-34,family,shoestring,1,2025-02-22
u0002389,weekend-escaper,Arunachal Pradesh,northeast,27.0844,93.6053,35-44,family,moderate,1,2024-01-03
u0002390,weekend-escaper,Goa,west,15.2993,74.124,25-34,family,moderate,22,2025-01-05
u0002391,weekend-escaper,Uttar Pradesh,central,25.3176,82.9739,25-34,family,comfortable,2,2024-06-03
u0002392,pilgrim,Tamil Nadu,south,8.0883,77.5385,55+,solo,moderate,2,2025-05-17
u0002393,weekend-escaper,Uttarakhand,north,27.4924,77.6737,18-24,couple,comfortable,1,2025-03-14
u0002394,pilgrim,Kerala,south,9.9312,76.2673,45-54,couple,moderate,1,2025-01-23
u0002395,weekend-escaper,Tamil Nadu,south,11.3494,76.7956,35-44,family,moderate,11,2024-11-04
u0002396,beach-and-slow,West Bengal,east,26.7271,88.3953,25-34,family,comfortable,1,2024-11-28
u0002397,heritage-seeker,Gujarat,west,22.3072,73.1812,45-54,solo,premium,17,2025-04-23
u0002398,weekend-escaper,Maharashtra,west,18.6414,72.8722,35-44,solo,comfortable,1,2024-01-19
u0002399,weekend-escaper,Odisha,east,19.8876,86.0945,55+,family,moderate,1,2024-04-22
u0002400,mountain-walker,Odisha,east,19.8135,85.8312,25-34,couple,shoestring,2,2025-03-25
u0002401,heritage-seeker,Rajasthan,north,24.8887,74.6269,35-44,solo,comfortable,1,2025-09-01
u0002402,food-first,Goa,west,15.2993,74.124,25-34,couple,comfortable,1,2024-06-16
u0002403,family-holiday,Sikkim,northeast,27.3,88.24,55+,family,moderate,1,2024-12-24
u0002404,pilgrim,West Bengal,east,27.041,88.2663,45-54,family,comfortable,1,2024-12-03
u0002405,pilgrim,Tripura,northeast,23.8315,91.2868,25-34,solo,premium,1,2024-04-11
u0002406,food-first,Kerala,south,11.2588,75.7804,25-34,family,moderate,1,2025-06-17
u0002407,weekend-escaper,Maharashtra,west,18.7546,73.4062,45-54,couple,shoestring,1,2024-08-26
u0002408,pilgrim,Tamil Nadu,south,10.787,79.1378,45-54,family,moderate,1,2025-05-15
u0002409,pilgrim,Rajasthan,north,26.4899,74.5511,25-34,family,moderate,2,2024-04-29
u0002410,weekend-escaper,Tamil Nadu,south,9.9252,78.1198,25-34,family,premium,1,2024-02-11
u0002411,heritage-seeker,Odisha,east,20.2961,85.8245,45-54,family,moderate,1,2025-04-03
u0002412,heritage-seeker,Uttarakhand,north,30.4598,78.0644,45-54,couple,comfortable,1,2024-02-24
u0002413,food-first,Ladakh,north,34.1526,77.5771,25-34,couple,comfortable,1,2024-07-03
u0002414,pilgrim,Gujarat,west,22.3072,73.1812,35-44,solo,shoestring,1,2024-10-12
u0002415,beach-and-slow,Tamil Nadu,south,10.7905,78.7047,18-24,couple,shoestring,1,2024-12-17
u0002416,family-holiday,Maharashtra,west,18.7546,73.4062,18-24,couple,comfortable,1,2025-04-29
u0002417,family-holiday,Rajasthan,north,24.8887,74.6269,18-24,friends,premium,1,2025-08-22
u0002418,heritage-seeker,Uttarakhand,north,30.3165,78.0322,55+,solo,shoestring,1,2025-03-27
u0002419,weekend-escaper,Tamil Nadu,south,10.787,79.1378,45-54,solo,comfortable,3,2024-03-02
u0002420,beach-and-slow,Rajasthan,north,26.4499,74.6399,18-24,family,moderate,2,2024-07-13
u0002421,weekend-escaper,Rajasthan,north,24.8887,74.6269,25-34,friends,shoestring,1,2024-08-07
u0002422,heritage-seeker,Rajasthan,north,26.2389,73.0243,55+,couple,moderate,2,2024-09-04
u0002423,heritage-seeker,Uttarakhand,north,29.9457,78.1642,25-34,solo,comfortable,1,2024-03-16
u0002424,family-holiday,Arunachal Pradesh,northeast,27.0844,93.6053,35-44,solo,comfortable,1,2025-06-09
u0002425,heritage-seeker,Uttar Pradesh,central,27.5806,77.7006,35-44,friends,moderate,1,2025-05-27
u0002426,pilgrim,Puducherry,south,11.9416,79.8083,55+,couple,moderate,1,2025-02-26
u0002427,family-holiday,Uttarakhand,north,30.4598,78.0644,25-34,family,moderate,1,2024-02-05
u0002428,weekend-escaper,Gujarat,west,20.888,70.401,25-34,solo,moderate,5,2024-03-08
u0002429,family-holiday,Gujarat,west,22.3072,73.1812,18-24,couple,comfortable,1,2025-05-19
u0002430,pilgrim,Sikkim,northeast,27.3314,88.6138,18-24,solo,comfortable,2,2025-07-11
u0002431,heritage-seeker,Kerala,south,9.9312,76.2673,55+,solo,shoestring,1,2025-06-07
u0002432,weekend-escaper,Jammu and Kashmir,north,32.7266,74.857,45-54,solo,shoestring,1,2025-01-07
u0002433,weekend-escaper,Tripura,northeast,23.8315,91.2868,55+,family,comfortable,2,2025-02-19
u0002434,beach-and-slow,Kerala,south,9.4981,76.3388,55+,friends,comfortable,5,2024-11-18
u0002435,heritage-seeker,Rajasthan,north,26.4499,74.6399,25-34,family,moderate,3,2024-09-08
u0002436,heritage-seeker,Madhya Pradesh,central,25.3518,78.6417,55+,solo,premium,1,2024-02-24
u0002437,pilgrim,Kerala,south,8.5241,76.9366,35-44,couple,shoestring,2,2025-07-13
u0002438,pilgrim,Karnataka,south,13.3409,74.7421,55+,couple,comfortable,2,2024-10-17
u0002439,family-holiday,Odisha,east,19.8135,85.8312,45-54,solo,moderate,1,2025-08-12
u0002440,family-holiday,Maharashtra,west,21.1458,79.0882,45-54,couple,comfortable,10,2025-04-10
u0002441,heritage-seeker,Andhra Pradesh,south,16.5062,80.648,35-44,family,moderate,15,2024-09-06
u0002442,food-first,Kerala,south,11.2588,75.7804,25-34,family,shoestring,6,2024-04-18
u0002443,pilgrim,Jammu and Kashmir,north,32.7266,74.857,18-24,friends,comfortable,2,2024-03-22
u0002444,food-first,West Bengal,east,26.7271,88.3953,45-54,family,shoestring,1,2024-04-20
u0002445,beach-and-slow,Tamil Nadu,south,12.6269,80.1927,45-54,family,comfortable,1,2025-07-05
u0002446,food-first,Gujarat,west,23.7333,69.8597,55+,couple,comfortable,1,2024-01-20
u0002447,food-first,Uttarakhand,north,29.9457,78.1642,35-44,couple,comfortable,26,2024-09-22
u0002448,heritage-seeker,Tamil Nadu,south,8.0883,77.5385,25-34,couple,premium,1,2025-04-17
u0002449,pilgrim,Himachal Pradesh,north,32.2464,78.0349,18-24,family,moderate,1,2024-11-07
u0002450,heritage-seeker,Maharashtra,west,19.8762,75.3433,25-34,friends,comfortable,11,2025-02-13
u0002451,beach-and-slow,Madhya Pradesh,central,23.1815,79.9864,35-44,couple,premium,1,2025-04-02
u0002452,heritage-seeker,Manipur,northeast,24.817,93.9368,45-54,solo,comfortable,2,2025-08-05
u0002453,food-first,Madhya Pradesh,central,22.7196,75.8577,18-24,couple,shoestring,1,2025-02-02
u0002454,mountain-walker,Madhya Pradesh,central,23.2599,77.4126,18-24,friends,comfortable,2,2024-07-07
u0002455,family-holiday,Tamil Nadu,south,10.787,79.1378,55+,family,premium,1,2024-02-07
u0002456,family-holiday,Himachal Pradesh,north,32.2464,78.0349,25-34,couple,shoestring,1,2025-06-23
u0002457,family-holiday,Chandigarh,north,30.7333,76.7794,35-44,family,shoestring,1,2024-05-15
u0002458,weekend-escaper,Kerala,south,9.4981,76.3388,35-44,family,moderate,22,2024-12-12
u0002459,weekend-escaper,Mizoram,northeast,23.7271,92.7176,35-44,friends,premium,3,2025-08-28
u0002460,beach-and-slow,Uttarakhand,north,30.529,79.5666,25-34,friends,premium,1,2024-02-04
u0002461,weekend-escaper,Maharashtra,west,19.076,72.8777,45-54,solo,shoestring,1,2024-01-20
u0002462,heritage-seeker,Manipur,northeast,24.817,93.9368,45-54,couple,moderate,1,2024-07-06
u0002463,heritage-seeker,Assam,northeast,26.95,94.17,55+,solo,premium,3,2025-08-05
u0002464,heritage-seeker,Rajasthan,north,26.838,70.9,18-24,solo,moderate,1,2025-01-05
u0002465,heritage-seeker,West Bengal,east,27.06,88.47,35-44,solo,moderate,1,2024-10-11
u0002466,family-holiday,Kerala,south,8.4004,76.9784,18-24,solo,moderate,4,2024-10-10
u0002467,beach-and-slow,Odisha,east,19.8135,85.8312,18-24,friends,comfortable,1,2024-12-07
u0002468,food-first,Madhya Pradesh,central,23.2599,77.4126,35-44,family,moderate,2,2025-03-16
u0002469,food-first,Uttar Pradesh,central,26.8467,80.9462,45-54,solo,comfortable,2,2024-10-15
u0002470,weekend-escaper,Chandigarh,north,30.7333,76.7794,35-44,family,comfortable,4,2025-07-09
u0002471,weekend-escaper,Assam,northeast,26.5775,93.1711,55+,friends,shoestring,1,2025-06-02
u0002472,food-first,Tripura,northeast,23.8315,91.2868,55+,family,premium,1,2024-03-13
u0002473,pilgrim,Gujarat,west,20.888,70.401,55+,solo,comfortable,3,2024-04-05
u0002474,mountain-walker,Telangana,south,17.385,78.4867,18-24,couple,moderate,1,2024-05-31
u0002475,food-first,Rajasthan,north,26.2389,73.0243,45-54,family,moderate,1,2024-04-15
u0002476,food-first,Chhattisgarh,central,21.2514,81.6296,18-24,family,comfortable,1,2024-04-25
u0002477,food-first,Rajasthan,north,26.4899,74.5511,55+,solo,shoestring,2,2025-02-13
u0002478,mountain-walker,Sikkim,northeast,27.3314,88.6138,18-24,couple,moderate,6,2024-09-17
u0002479,heritage-seeker,Maharashtra,west,18.6414,72.8722,25-34,family,moderate,1,2025-06-03
u0002480,family-holiday,Uttar Pradesh,central,27.1767,78.0081,35-44,family,moderate,1,2024-02-06
u0002481,weekend-escaper,Jharkhand,east,23.3441,85.3096,18-24,friends,comfortable,1,2025-02-19
u0002482,family-holiday,Meghalaya,northeast,25.5788,91.8933,18-24,couple,moderate,21,2024-03-03
u0002483,food-first,West Bengal,east,27.041,88.2663,55+,friends,shoestring,1,2025-05-05
u0002484,weekend-escaper,Uttarakhand,north,29.3803,79.4636,55+,couple,moderate,1,2025-01-24
u0002485,food-first,Maharashtra,west,19.8762,75.3433,18-24,solo,moderate,3,2024-01-11
u0002486,food-first,Madhya Pradesh,central,23.2599,77.4126,25-34,couple,moderate,7,2025-07-06
u0002487,beach-and-slow,Rajasthan,north,25.4305,75.6499,25-34,family,moderate,2,2025-07-28
u0002488,beach-and-slow,Andhra Pradesh,south,17.6868,83.2185,45-54,friends,shoestring,2,2025-05-22
u0002489,family-holiday,Andhra Pradesh,south,17.6868,83.2185,55+,family,moderate,1,2025-03-08
u0002490,pilgrim,Punjab,north,31.634,74.8723,45-54,solo,moderate,1,2025-05-18
u0002491,food-first,Sikkim,northeast,27.3,88.24,45-54,couple,comfortable,1,2025-01-08
u0002492,mountain-walker,Himachal Pradesh,north,32.2432,77.1892,18-24,friends,moderate,1,2025-02-05
u0002493,food-first,Meghalaya,northeast,25.27,91.732,25-34,family,comfortable,1,2024-06-08
u0002494,weekend-escaper,Uttarakhand,north,29.3803,79.4636,55+,solo,moderate,9,2025-04-20
u0002495,beach-and-slow,Gujarat,west,20.888,70.401,35-44,family,shoestring,1,2024-10-24
u0002496,mountain-walker,Kerala,south,10.0889,77.0595,35-44,solo,shoestring,1,2024-08-30
u0002497,heritage-seeker,Madhya Pradesh,central,23.1815,79.9864,45-54,couple,premium,5,2024-07-21
u0002498,pilgrim,Uttar Pradesh,central,25.3176,82.9739,45-54,family,comfortable,1,2024-04-23
u0002499,heritage-seeker,Nagaland,northeast,25.6751,94.11,45-54,family,shoestring,1,2025-02-07
u0002500,family-holiday,Uttarakhand,north,30.0869,78.2676,35-44,solo,shoestring,1,2025-09-04
u0002501,food-first,Kerala,south,8.7379,76.7163,25-34,family,moderate,3,2024-01-17
u0002502,weekend-escaper,Meghalaya,northeast,25.5788,91.8933,55+,friends,comfortable,1,2024-09-16
u0002503,weekend-escaper,Uttarakhand,north,30.4598,78.0644,25-34,couple,shoestring,1,2025-01-09
u0002504,mountain-walker,Odisha,east,19.8135,85.8312,18-24,family,comfortable,6,2024-10-17
u0002505,mountain-walker,Tamil Nadu,south,11.0168,76.9558,55+,couple,shoestring,5,2024-07-22
u0002506,food-first,Rajasthan,north,26.838,70.9,18-24,couple,comfortable,6,2024-01-25
u0002507,beach-and-slow,Karnataka,south,13.3409,74.7421,25-34,family,premium,1,2024-10-07
u0002508,heritage-seeker,Uttarakhand,north,30.4598,78.0644,35-44,couple,premium,1,2025-03-25
u0002509,family-holiday,Kerala,south,11.6854,76.132,45-54,friends,moderate,6,2025-03-30
u0002510,heritage-seeker,Karnataka,south,12.3375,75.8069,55+,family,comfortable,1,2024-01-01
u0002511,pilgrim,Kerala,south,8.5241,76.9366,18-24,couple,comfortable,1,2024-12-23
u0002512,mountain-walker,Uttarakhand,north,30.4598,78.0644,18-24,family,moderate,1,2025-04-08
u0002513,heritage-seeker,Mizoram,northeast,23.7271,92.7176,55+,family,shoestring,1,2024-05-29
u0002514,food-first,Rajasthan,north,26.2389,73.0243,18-24,solo,shoestring,1,2025-01-03
u0002515,weekend-escaper,Bihar,east,24.6961,84.9911,35-44,family,comfortable,1,2024-12-27
u0002516,weekend-escaper,Rajasthan,north,25.4305,75.6499,18-24,solo,moderate,1,2024-11-08
u0002517,family-holiday,Karnataka,south,14.5479,74.3188,35-44,solo,comfortable,5,2025-06-09
u0002518,beach-and-slow,Madhya Pradesh,central,24.8318,79.9199,18-24,friends,comfortable,3,2024-02-21
u0002519,weekend-escaper,Rajasthan,north,26.2389,73.0243,35-44,couple,moderate,6,2025-09-13
u0002520,family-holiday,Odisha,east,19.8135,85.8312,45-54,friends,shoestring,7,2024-09-05
u0002521,pilgrim,Sikkim,northeast,27.3,88.24,45-54,friends,comfortable,1,2024-08-27
u0002522,weekend-escaper,Delhi,north,28.6139,77.209,35-44,family,comfortable,1,2024-09-09
u0002523,family-holiday,Kerala,south,9.4981,76.3388,55+,family,comfortable,1,2025-05-12
u0002524,family-holiday,Andhra Pradesh,south,16.5062,80.648,45-54,friends,comfortable,2,2024-10-17
u0002525,mountain-walker,Uttarakhand,north,29.53,78.7747,18-24,friends,premium,2,2025-04-05
u0002526,mountain-walker,Sikkim,northeast,27.3314,88.6138,45-54,friends,moderate,1,2024-01-08
u0002527,family-holiday,Gujarat,west,21.1702,72.8311,55+,family,shoestring,2,2024-12-19
u0002528,heritage-seeker,Uttarakhand,north,30.3165,78.0322,45-54,couple,moderate,1,2024-02-10
u0002529,beach-and-slow,Gujarat,west,23.0225,72.5714,35-44,couple,moderate,1,2024-02-21
u0002530,heritage-seeker,Gujarat,west,23.2156,72.6369,18-24,couple,moderate,1,2024-10-21
u0002531,pilgrim,Tamil Nadu,south,8.0883,77.5385,25-34,family,moderate,1,2024-01-05
u0002532,family-holiday,Tamil Nadu,south,10.7905,78.7047,25-34,family,premium,1,2025-01-11
u0002533,pilgrim,Odisha,east,20.2961,85.8245,55+,family,shoestring,4,2024-01-24
u0002534,heritage-seeker,Arunachal Pradesh,northeast,27.586,91.859,25-34,couple,moderate,1,2025-05-05
u0002535,weekend-escaper,Ladakh,north,34.6868,77.5619,18-24,friends,moderate,1,2025-02-28
u0002536,heritage-seeker,Rajasthan,north,26.4499,74.6399,45-54,solo,premium,1,2024-06-11
u0002537,family-holiday,Madhya Pradesh,central,22.7196,75.8577,35-44,couple,moderate,2,2024-05-18
u0002538,beach-and-slow,Manipur,northeast,24.817,93.9368,35-44,couple,moderate,1,2025-08-02
u0002539,family-holiday,Tamil Nadu,south,11.0168,76.9558,45-54,couple,moderate,1,2025-03-07
u0002540,weekend-escaper,Uttarakhand,north,27.4924,77.6737,45-54,family,comfortable,1,2024-07-29
u0002541,heritage-seeker,Karnataka,south,15.2689,76.3909,25-34,friends,shoestring,53,2025-01-03
u0002542,family-holiday,Uttarakhand,north,30.3165,78.0322,25-34,family,moderate,1,2025-05-12
u0002543,family-holiday,Goa,west,15.4909,73.8278,35-44,couple,moderate,1,2024-02-07
u0002544,mountain-walker,Gujarat,west,21.1702,72.8311,35-44,family,premium,7,2025-08-15
u0002545,family-holiday,Karnataka,south,12.3375,75.8069,45-54,couple,moderate,1,2024-06-22
u0002546,family-holiday,Gujarat,west,23.2156,72.6369,35-44,family,moderate,1,2024-06-02
u0002547,food-first,Mizoram,northeast,23.7271,92.7176,45-54,family,moderate,2,2024-04-03
u0002548,weekend-escaper,Ladakh,north,34.6868,77.5619,25-34,family,shoestring,137,2024-09-17
u0002549,pilgrim,Tamil Nadu,south,12.6269,80.1927,35-44,couple,moderate,1,2025-04-13
u0002550,pilgrim,West Bengal,east,27.06,88.47,18-24,family,comfortable,1,2024-09-23
u0002551,food-first,Madhya Pradesh,central,25.3518,78.6417,45-54,solo,moderate,2,2024-12-07
u0002552,food-first,Rajasthan,north,24.5854,73.7125,35-44,family,comfortable,1,2024-08-04
u0002553,food-first,Madhya Pradesh,central,23.2599,77.4126,35-44,family,comfortable,3,2024-07-19
u0002554,beach-and-slow,Maharashtra,west,18.7546,73.4062,35-44,family,moderate,1,2025-09-16
u0002555,pilgrim,Assam,northeast,26.5775,93.1711,35-44,solo,moderate,1,2025-08-26
u0002556,weekend-escaper,Kerala,south,8.4004,76.9784,25-34,family,comfortable,1,2025-03-10
u0002557,family-holiday,Gujarat,west,20.888,70.401,35-44,family,comfortable,1,2024-03-30
u0002558,mountain-walker,Tamil Nadu,south,10.2381,77.4892,35-44,couple,comfortable,1,2024-08-27
u0002559,beach-and-slow,Kerala,south,8.7379,76.7163,35-44,family,comfortable,1,2025-08-23
u0002560,weekend-escaper,Kerala,south,9.9312,76.2673,35-44,friends,moderate,1,2024-05-03
u0002561,beach-and-slow,Odisha,east,19.8876,86.0945,18-24,family,moderate,1,2024-03-25
u0002562,heritage-seeker,Rajasthan,north,26.4499,74.6399,18-24,couple,comfortable,2,2024-09-05
u0002563,family-holiday,Maharashtra,west,19.8762,75.3433,45-54,couple,moderate,7,2024-04-29
u0002564,pilgrim,Uttarakhand,north,29.53,78.7747,45-54,family,moderate,2,2024-05-07
u0002565,food-first,Karnataka,south,12.2958,76.6394,25-34,solo,moderate,1,2024-04-05
u0002566,heritage-seeker,Delhi,north,28.6139,77.209,25-34,family,comfortable,1,2025-01-11
u0002567,weekend-escaper,Uttarakhand,north,30.529,79.5666,55+,solo,moderate,1,2024-06-13
u0002568,family-holiday,Himachal Pradesh,north,32.2432,77.1892,18-24,couple,moderate,1,2025-01-15
u0002569,heritage-seeker,Karnataka,south,13.3161,75.772,35-44,couple,moderate,2,2025-03-25
u0002570,heritage-seeker,Odisha,east,20.2961,85.8245,25-34,couple,moderate,1,2024-10-03
u0002571,family-holiday,Uttarakhand,north,30.0869,78.2676,45-54,friends,premium,16,2025-02-14
u0002572,pilgrim,Karnataka,south,12.9716,77.5946,25-34,solo,shoestring,1,2024-08-22
u0002573,weekend-escaper,Madhya Pradesh,central,25.3518,78.6417,45-54,couple,moderate,1,2025-09-15
u0002574,mountain-walker,Tamil Nadu,south,11.0168,76.9558,55+,solo,moderate,1,2025-06-13
u0002575,beach-and-slow,Rajasthan,north,26.2389,73.0243,45-54,couple,moderate,1,2025-02-13
u0002576,beach-and-slow,Maharashtra,west,18.6414,72.8722,35-44,friends,moderate,1,2024-04-08
u0002577,family-holiday,Meghalaya,northeast,25.27,91.732,45-54,family,moderate,1,2024-03-13
u0002578,beach-and-slow,Kerala,south,11.2588,75.7804,18-24,couple,comfortable,1,2024-07-08
u0002579,weekend-escaper,Kerala,south,8.5241,76.9366,45-54,couple,moderate,1,2024-05-22
u0002580,heritage-seeker,Madhya Pradesh,central,25.3518,78.6417,18-24,family,shoestring,2,2025-04-12
u0002581,mountain-walker,Meghalaya,northeast,25.27,91.732,45-54,solo,shoestring,1,2025-01-03
u0002582,family-holiday,Goa,west,15.2993,74.124,45-54,couple,premium,2,2024-10-05
u0002583,beach-and-slow,Madhya Pradesh,central,26.2183,78.1828,45-54,family,comfortable,2,2025-09-07
u0002584,weekend-escaper,Uttar Pradesh,central,27.5806,77.7006,35-44,couple,moderate,1,2025-08-28
u0002585,family-holiday,Karnataka,south,15.335,76.46,18-24,couple,moderate,1,2024-12-16
u0002586,food-first,Uttar Pradesh,central,26.7922,82.1998,35-44,solo,comfortable,1,2024-12-13
u0002587,family-holiday,Manipur,northeast,24.817,93.9368,25-34,family,moderate,1,2024-12-30
u0002588,family-holiday,Arunachal Pradesh,northeast,27.0844,93.6053,55+,friends,moderate,1,2024-09-24
u0002589,beach-and-slow,Himachal Pradesh,north,32.2464,78.0349,55+,family,shoestring,3,2025-05-28
u0002590,pilgrim,Rajasthan,north,24.8887,74.6269,25-34,friends,moderate,2,2025-06-20
u0002591,weekend-escaper,Manipur,northeast,24.817,93.9368,25-34,friends,shoestring,2,2025-03-27
u0002592,beach-and-slow,Himachal Pradesh,north,32.2432,77.1892,55+,solo,shoestring,1,2025-09-21
u0002593,food-first,Arunachal Pradesh,northeast,27.586,91.859,35-44,solo,comfortable,1,2024-08-04
u0002594,family-holiday,Goa,west,15.2993,74.124,18-24,friends,premium,1,2025-09-01
u0002595,heritage-seeker,Himachal Pradesh,north,32.2432,77.1892,55+,family,shoestring,2,2024-04-30
u0002596,heritage-seeker,Uttar Pradesh,central,26.4499,80.3319,35-44,friends,premium,2,2025-02-04
u0002597,heritage-seeker,Himachal Pradesh,north,31.1048,77.1734,18-24,couple,comfortable,14,2024-05-18
u0002598,weekend-escaper,Arunachal Pradesh,northeast,27.0844,93.6053,55+,family,moderate,1,2025-07-09
u0002599,weekend-escaper,Meghalaya,northeast,25.27,91.732,55+,friends,moderate,1,2024-10-03
u0002600,family-holiday,Mizoram,northeast,23.7271,92.7176,45-54,solo,moderate,12,2025-02-02
u0002601,pilgrim,Tamil Nadu,south,10.2381,77.4892,45-54,couple,moderate,2,2025-08-03
u0002602,mountain-walker,Maharashtra,west,19.076,72.8777,25-34,friends,moderate,5,2024-08-25
u0002603,weekend-escaper,Himachal Pradesh,north,32.5387,75.9707,45-54,family,shoestring,1,2025-08-10
u0002604,pilgrim,Uttarakhand,north,30.529,79.5666,45-54,couple,moderate,1,2024-04-03
u0002605,heritage-seeker,Uttarakhand,north,27.4924,77.6737,18-24,couple,moderate,1,2025-03-24
u0002606,heritage-seeker,Himachal Pradesh,north,32.01,77.3152,55+,family,shoestring,1,2025-09-20
u0002607,food-first,Uttarakhand,north,29.9457,78.1642,18-24,couple,moderate,1,2024-04-24
u0002608,beach-and-slow,Jammu and Kashmir,north,34.0837,74.7973,25-34,friends,premium,1,2025-05-14
u0002609,family-holiday,Himachal Pradesh,north,32.219,76.3234,45-54,couple,shoestring,1,2024-04-20
u0002610,food-first,Himachal Pradesh,north,31.1048,77.1734,35-44,friends,comfortable,1,2024-04-10
u0002611,food-first,Rajasthan,north,24.5854,73.7125,35-44,friends,moderate,1,2025-08-18
u0002612,food-first,Karnataka,south,15.335,76.46,35-44,solo,moderate,1,2024-11-23
u0002613,weekend-escaper,Uttar Pradesh,central,27.5806,77.7006,55+,solo,shoestring,1,2025-01-13
u0002614,food-first,Madhya Pradesh,central,23.1815,79.9864,18-24,family,shoestring,1,2025-04-29
u0002615,heritage-seeker,Maharashtra,west,18.5204,73.8567,18-24,family,premium,3,2025-03-29
u0002616,pilgrim,Himachal Pradesh,north,32.2432,77.1892,35-44,solo,shoestring,1,2024-07-23
u0002617,pilgrim,Odisha,east,19.8876,86.0945,35-44,solo,moderate,5,2025-03-05
u0002618,heritage-seeker,Assam,northeast,26.1445,91.7362,25-34,family,shoestring,1,2024-11-18
u0002619,heritage-seeker,Rajasthan,north,24.5854,73.7125,25-34,solo,premium,1,2025-06-17
u0002620,pilgrim,Mizoram,northeast,23.7271,92.7176,18-24,couple,shoestring,13,2024-08-02
u0002621,pilgrim,Sikkim,northeast,27.3314,88.6138,18-24,solo,moderate,7,2024-02-29
u0002622,weekend-escaper,Madhya Pradesh,central,23.4794,77.7392,45-54,family,comfortable,2,2024-07-24
u0002623,family-holiday,Kerala,south,11.6854,76.132,55+,couple,comfortable,1,2024-07-07
u0002624,food-first,Rajasthan,north,26.2389,73.0243,25-34,family,moderate,2,2024-09-18
u0002625,heritage-seeker,Maharashtra,west,18.5204,73.8567,25-34,solo,comfortable,1,2024-04-23
u0002626,family-holiday,Uttarakhand,north,30.529,79.5666,25-34,family,premium,1,2025-06-26
u0002627,food-first,Bihar,east,25.5941,85.1376,25-34,couple,moderate,1,2024-10-04
u0002628,beach-and-slow,Maharashtra,west,19.9975,73.7898,25-34,family,moderate,5,2024-04-18
u0002629,family-holiday,Karnataka,south,15.2689,76.3909,25-34,friends,comfortable,1,2024-07-06
u0002630,beach-and-slow,Maharashtra,west,18.5204,73.8567,45-54,family,premium,4,2024-06-29
u0002631,food-first,Tamil Nadu,south,11.0168,76.9558,25-34,solo,shoestring,2,2025-07-13
u0002632,weekend-escaper,Tamil Nadu,south,10.787,79.1378,35-44,couple,comfortable,1,2025-09-30
u0002633,family-holiday,Andhra Pradesh,south,13.6288,79.4192,35-44,friends,comfortable,1,2024-02-21
u0002634,family-holiday,Madhya Pradesh,central,23.1765,75.7885,18-24,friends,comfortable,1,2024-09-01
u0002635,beach-and-slow,Gujarat,west,20.888,70.401,25-34,couple,premium,3,2024-07-14
u0002636,heritage-seeker,Karnataka,south,12.3375,75.8069,18-24,friends,comfortable,1,2024-11-21
u0002637,pilgrim,Karnataka,south,15.918,75.685,55+,family,premium,3,2024-07-15
u0002638,mountain-walker,Arunachal Pradesh,northeast,27.0844,93.6053,35-44,solo,moderate,4,2025-01-07
u0002639,food-first,Himachal Pradesh,north,32.2432,77.1892,35-44,solo,shoestring,1,2024-09-29
u0002640,family-holiday,Rajasthan,north,28.0229,73.3119,25-34,solo,comfortable,2,2024-08-26
u0002641,mountain-walker,Madhya Pradesh,central,26.2183,78.1828,45-54,solo,moderate,1,2024-09-25
u0002642,mountain-walker,West Bengal,east,27.041,88.2663,18-24,family,shoestring,6,2024-04-10
u0002643,weekend-escaper,Maharashtra,west,21.1458,79.0882,55+,family,comfortable,2,2025-03-01
u0002644,mountain-walker,Assam,northeast,26.1445,91.7362,45-54,solo,moderate,1,2025-01-01
u0002645,heritage-seeker,Chandigarh,north,30.7333,76.7794,45-54,solo,comfortable,1,2025-03-28
u0002646,beach-and-slow,Karnataka,south,14.5479,74.3188,45-54,family,shoestring,1,2024-09-02
u0002647,pilgrim,Sikkim,northeast,27.3,88.24,55+,couple,premium,13,2024-01-18
u0002648,weekend-escaper,Goa,west,15.2993,74.124,18-24,friends,moderate,4,2024-05-31
u0002649,food-first,Uttarakhand,north,30.3165,78.0322,35-44,family,shoestring,2,2024-11-26
u0002650,mountain-walker,Goa,west,15.4909,73.8278,35-44,couple,premium,3,2024-12-12
u0002651,beach-and-slow,Maharashtra,west,17.9307,73.6477,55+,family,shoestring,1,2024-05-17
u0002652,pilgrim,Maharashtra,west,18.7546,73.4062,25-34,friends,comfortable,2,2024-11-03
u0002653,beach-and-slow,Karnataka,south,15.918,75.685,35-44,couple,shoestring,1,2025-07-02
u0002654,heritage-seeker,Telangana,south,17.385,78.4867,18-24,family,shoestring,6,2024-08-05
u0002655,mountain-walker,Madhya Pradesh,central,23.1815,79.9864,35-44,friends,moderate,2,2024-07-28
u0002656,mountain-walker,Tamil Nadu,south,13.0827,80.2707,55+,couple,moderate,2,2025-02-19
u0002657,beach-and-slow,Rajasthan,north,26.2389,73.0243,35-44,family,shoestring,1,2024-07-04
u0002658,weekend-escaper,Rajasthan,north,24.8887,74.6269,25-34,friends,shoestring,2,2025-03-30
u0002659,family-holiday,Rajasthan,north,26.2389,73.0243,45-54,family,shoestring,1,2025-08-20
u0002660,beach-and-slow,Rajasthan,north,26.2389,73.0243,55+,couple,moderate,7,2025-04-25
u0002661,mountain-walker,Puducherry,south,11.9416,79.8083,55+,family,premium,1,2024-08-31
u0002662,heritage-seeker,Uttarakhand,north,29.53,78.7747,55+,couple,comfortable,1,2024-01-31
u0002663,weekend-escaper,Tamil Nadu,south,10.7905,78.7047,45-54,solo,comfortable,1,2024-08-08
u0002664,family-holiday,Madhya Pradesh,central,22.7196,75.8577,25-34,solo,shoestring,1,2024-06-26
u0002665,food-first,Nagaland,northeast,25.6751,94.11,45-54,couple,shoestring,2,2024-02-20
u0002666,pilgrim,Uttar Pradesh,central,27.5806,77.7006,35-44,solo,comfortable,1,2024-02-09
u0002667,heritage-seeker,Tamil Nadu,south,11.3494,76.7956,45-54,family,moderate,2,2024-05-30
u0002668,weekend-escaper,Gujarat,west,22.3072,73.1812,25-34,friends,comfortable,2,2025-01-03
u0002669,heritage-seeker,Uttarakhand,north,30.4598,78.0644,45-54,friends,shoestring,4,2025-03-23
u0002670,family-holiday,Rajasthan,north,24.8887,74.6269,18-24,solo,moderate,2,2024-03-16
u0002671,heritage-seeker,Puducherry,south,11.9416,79.8083,55+,solo,premium,1,2025-03-14
u0002672,heritage-seeker,Gujarat,west,22.3072,73.1812,18-24,solo,comfortable,1,2025-07-24
u0002673,mountain-walker,Madhya Pradesh,central,24.8318,79.9199,45-54,family,moderate,1,2025-03-02
u0002674,heritage-seeker,Madhya Pradesh,central,26.2183,78.1828,35-44,couple,comfortable,1,2024-12-17
u0002675,heritage-seeker,Kerala,south,9.9312,76.2673,55+,solo,moderate,3,2024-03-15
u0002676,beach-and-slow,Uttarakhand,north,30.3165,78.0322,18-24,solo,moderate,1,2025-08-01
u0002677,family-holiday,Madhya Pradesh,central,23.2599,77.4126,45-54,solo,comfortable,1,2024-12-02
u0002678,food-first,Nagaland,northeast,25.6751,94.11,35-44,family,moderate,1,2024-07-28
u0002679,mountain-walker,Uttarakhand,north,29.9457,78.1642,18-24,family,moderate,4,2025-02-04
u0002680,heritage-seeker,Maharashtra,west,19.8762,75.3433,45-54,solo,comfortable,1,2025-09-16
u0002681,mountain-walker,Tamil Nadu,south,11.0168,76.9558,35-44,family,moderate,1,2024-12-04
u0002682,beach-and-slow,Kerala,south,9.9312,76.2673,25-34,family,moderate,1,2024-05-04
u0002683,mountain-walker,Himachal Pradesh,north,32.2432,77.1892,35-44,family,moderate,1,2024-06-10
u0002684,heritage-seeker,Uttarakhand,north,27.4924,77.6737,45-54,couple,shoestring,1,2024-07-16
u0002685,mountain-walker,Gujarat,west,23.2156,72.6369,25-34,couple,moderate,1,2024-09-21
u0002686,pilgrim,Rajasthan,north,24.5854,73.7125,45-54,family,moderate,2,2024-04-27
u0002687,weekend-escaper,Chandigarh,north,30.7333,76.7794,18-24,friends,shoestring,1,2025-03-13
u0002688,mountain-walker,Maharashtra,west,18.5204,73.8567,18-24,couple,moderate,3,2024-04-29
u0002689,weekend-escaper,West Bengal,east,27.041,88.2663,55+,couple,premium,1,2024-02-29
u0002690,heritage-seeker,Andhra Pradesh,south,13.6288,79.4192,45-54,couple,moderate,1,2024-10-09
u0002691,heritage-seeker,Rajasthan,north,24.8887,74.6269,45-54,solo,moderate,7,2024-09-26
u0002692,family-holiday,Meghalaya,northeast,25.27,91.732,35-44,solo,comfortable,1,2024-07-22
u0002693,mountain-walker,Andhra Pradesh,south,13.6288,79.4192,55+,solo,shoestring,1,2025-04-25
u0002694,family-holiday,Goa,west,15.2993,74.124,55+,couple,shoestring,1,2024-02-01
u0002695,family-holiday,Meghalaya,northeast,25.27,91.732,35-44,family,premium,1,2024-02-09
u0002696,beach-and-slow,Uttarakhand,north,27.4924,77.6737,35-44,family,premium,8,2025-05-10
u0002697,pilgrim,Maharashtra,west,19.7645,74.4762,25-34,couple,moderate,1,2024-06-01
u0002698,beach-and-slow,Uttar Pradesh,central,27.5806,77.7006,55+,family,moderate,1,2024-06-23
u0002699,family-holiday,Madhya Pradesh,central,24.8318,79.9199,25-34,friends,moderate,1,2025-04-24
u0002700,mountain-walker,Maharashtra,west,19.7645,74.4762,35-44,couple,moderate,1,2024-08-05
u0002701,mountain-walker,Karnataka,south,12.2958,76.6394,18-24,couple,moderate,7,2024-07-18
u0002702,food-first,Karnataka,south,12.3375,75.8069,55+,couple,moderate,1,2024-12-17
u0002703,mountain-walker,Uttarakhand,north,29.3803,79.4636,18-24,couple,comfortable,1,2025-01-03
u0002704,family-holiday,Andhra Pradesh,south,16.5062,80.648,18-24,couple,moderate,1,2024-12-26
u0002705,beach-and-slow,Chhattisgarh,central,21.2514,81.6296,35-44,solo,moderate,1,2024-05-08
u0002706,family-holiday,Karnataka,south,13.3409,74.7421,55+,solo,comfortable,1,2025-04-21
u0002707,weekend-escaper,Uttarakhand,north,29.53,78.7747,25-34,couple,premium,3,2025-03-01
u0002708,weekend-escaper,Maharashtra,west,18.5204,73.8567,35-44,family,moderate,1,2025-06-16
u0002709,family-holiday,Kerala,south,9.5916,77.1603,45-54,friends,comfortable,1,2024-03-23
u0002710,weekend-escaper,Odisha,east,20.2961,85.8245,55+,family,comfortable,3,2025-09-25
u0002711,weekend-escaper,Uttarakhand,north,30.4598,78.0644,45-54,couple,moderate,1,2025-01-25
u0002712,heritage-seeker,Odisha,east,20.2961,85.8245,25-34,family,moderate,2,2025-05-27
u0002713,family-holiday,Gujarat,west,22.2394,68.9678,55+,solo,comfortable,1,2025-06-26
u0002714,food-first,Maharashtra,west,18.6414,72.8722,25-34,friends,shoestring,1,2024-10-17
u0002715,weekend-escaper,Andhra Pradesh,south,17.6868,83.2185,18-24,friends,moderate,1,2025-10-01
u0002716,heritage-seeker,Tamil Nadu,south,12.6269,80.1927,55+,couple,premium,1,2024-10-08
u0002717,family-holiday,Andhra Pradesh,south,17.6868,83.2185,25-34,couple,comfortable,3,2024-06-03
u0002718,food-first,Andhra Pradesh,south,13.6288,79.4192,35-44,couple,moderate,3,2025-06-24
u0002719,food-first,Kerala,south,11.6854,76.132,55+,solo,moderate,2,2025-07-29
u0002720,beach-and-slow,Meghalaya,northeast,25.27,91.732,25-34,solo,comfortable,1,2024-09-22
u0002721,food-first,Puducherry,south,11.9416,79.8083,18-24,family,moderate,9,2025-08-25
u0002722,weekend-escaper,Uttar Pradesh,central,26.8467,80.9462,45-54,solo,comfortable,2,2024-03-06
u0002723,pilgrim,Kerala,south,9.9312,76.2673,35-44,solo,premium,1,2025-05-20
u0002724,food-first,Manipur,northeast,24.817,93.9368,25-34,friends,comfortable,4,2025-01-25
u0002725,mountain-walker,Maharashtra,west,21.1458,79.0882,25-34,solo,moderate,1,2024-06-13
u0002726,family-holiday,Tamil Nadu,south,9.9252,78.1198,25-34,couple,comfortable,1,2024-12-21
u0002727,food-first,Kerala,south,11.2588,75.7804,25-34,friends,comfortable,2,2025-01-17
u0002728,heritage-seeker,Rajasthan,north,28.0229,73.3119,18-24,solo,moderate,1,2025-02-18
u0002729,pilgrim,Rajasthan,north,26.9157,70.9083,18-24,friends,shoestring,2,2024-06-25
u0002730,weekend-escaper,Tamil Nadu,south,9.9252,78.1198,35-44,couple,shoestring,3,2025-08-07
u0002731,mountain-walker,Odisha,east,19.8135,85.8312,25-34,couple,shoestring,2,2024-10-17
u0002732,heritage-seeker,Odisha,east,20.2961,85.8245,18-24,couple,premium,6,2024-05-01
u0002733,food-first,Madhya Pradesh,central,26.2183,78.1828,18-24,family,moderate,2,2025-01-23
u0002734,weekend-escaper,West Bengal,east,27.06,88.47,25-34,solo,moderate,1,2024-12-30
u0002735,weekend-escaper,Sikkim,northeast,27.3314,88.6138,18-24,friends,comfortable,3,2024-01-20
u0002736,mountain-walker,Uttarakhand,north,29.53,78.7747,18-24,solo,premium,15,2024-06-04
u0002737,mountain-walker,Nagaland,northeast,25.6751,94.11,25-34,family,moderate,16,2024-11-15
u0002738,beach-and-slow,Rajasthan,north,24.5926,72.7156,55+,friends,shoestring,2,2024-09-24
u0002739,weekend-escaper,Karnataka,south,14.5479,74.3188,45-54,friends,shoestring,1,2025-05-23
u0002740,pilgrim,Rajasthan,north,24.8887,74.6269,25-34,family,shoestring,1,2025-06-25
u0002741,mountain-walker,West Bengal,east,27.06,88.47,55+,solo,shoestring,15,2025-08-18
u0002742,mountain-walker,Gujarat,west,23.0225,72.5714,25-34,couple,shoestring,1,2025-02-06
u0002743,pilgrim,Himachal Pradesh,north,32.2432,77.1892,45-54,family,moderate,1,2024-07-22
u0002744,mountain-walker,West Bengal,east,21.627,87.509,45-54,solo,shoestring,1,2025-07-04
u0002745,beach-and-slow,Tripura,northeast,23.8315,91.2868,55+,family,shoestring,2,2025-05-14
u0002746,food-first,Rajasthan,north,24.5926,72.7156,18-24,solo,moderate,1,2024-06-15
u0002747,mountain-walker,Tamil Nadu,south,12.6269,80.1927,35-44,couple,shoestring,1,2024-06-13
u0002748,weekend-escaper,Karnataka,south,12.3375,75.8069,18-24,family,moderate,1,2025-01-22
u0002749,heritage-seeker,Mizoram,northeast,23.7271,92.7176,25-34,solo,shoestring,2,2024-02-10
u0002750,food-first,Nagaland,northeast,25.6751,94.11,45-54,couple,comfortable,1,2025-02-27
u0002751,family-holiday,Maharashtra,west,21.1458,79.0882,25-34,family,moderate,1,2025-05-31
u0002752,family-holiday,Rajasthan,north,26.838,70.9,55+,couple,moderate,1,2024-07-23
u0002753,pilgrim,Uttar Pradesh,central,26.8467,80.9462,18-24,family,moderate,10,2025-05-19
u0002754,beach-and-slow,Kerala,south,9.9312,76.2673,35-44,solo,shoestring,1,2024-08-11
u0002755,pilgrim,Andaman and Nicobar Islands,south,11.6234,92.7265,18-24,friends,shoestring,1,2024-11-20
u0002756,food-first,Rajasthan,north,26.838,70.9,35-44,solo,premium,2,2024-01-14
u0002757,mountain-walker,West Bengal,east,26.7271,88.3953,45-54,friends,premium,2,2025-05-01
u0002758,food-first,Kerala,south,8.4004,76.9784,45-54,solo,shoestring,1,2024-07-25
u0002759,family-holiday,Uttarakhand,north,30.3165,78.0322,45-54,friends,moderate,1,2025-10-01
u0002760,food-first,Kerala,south,8.5241,76.9366,55+,family,moderate,3,2025-03-29
u0002761,mountain-walker,Rajasthan,north,24.5926,72.7156,45-54,friends,comfortable,1,2024-11-23
u0002762,pilgrim,Arunachal Pradesh,northeast,27.0844,93.6053,25-34,family,shoestring,1,2024-06-08
u0002763,family-holiday,Kerala,south,8.7379,76.7163,25-34,solo,comfortable,1,2025-05-22
u0002764,family-holiday,Ladakh,north,34.6868,77.5619,45-54,family,premium,1,2024-12-16
u0002765,heritage-seeker,Tamil Nadu,south,10.7905,78.7047,35-44,couple,moderate,4,2024-09-02
u0002766,weekend-escaper,Uttar Pradesh,central,25.4358,81.8463,25-34,couple,comfortable,3,2024-08-04
u0002767,pilgrim,Tamil Nadu,south,11.4102,76.695,35-44,couple,moderate,1,2024-01-01
u0002768,weekend-escaper,Uttarakhand,north,30.4598,78.0644,25-34,family,comfortable,2,2024-03-06
u0002769,food-first,Maharashtra,west,18.5204,73.8567,35-44,solo,comfortable,2,2024-07-01
u0002770,weekend-escaper,Uttar Pradesh,central,25.4358,81.8463,18-24,solo,moderate,1,2024-11-10
u0002771,beach-and-slow,Andhra Pradesh,south,16.5062,80.648,25-34,solo,shoestring,2,2024-12-23
u0002772,family-holiday,Uttar Pradesh,central,27.5806,77.7006,35-44,family,shoestring,1,2025-04-02
u0002773,weekend-escaper,Madhya Pradesh,central,23.4794,77.7392,35-44,couple,comfortable,1,2025-02-02
u0002774,food-first,Karnataka,south,14.5479,74.3188,55+,family,shoestring,1,2025-07-20
u0002775,mountain-walker,Puducherry,south,11.9416,79.8083,25-34,couple,comfortable,2,2024-08-24
u0002776,family-holiday,West Bengal,east,22.5726,88.3639,35-44,friends,comfortable,2,2025-03-24
u0002777,family-holiday,Gujarat,west,20.888,70.401,18-24,friends,shoestring,2,2025-07-20
u0002778,heritage-seeker,Sikkim,northeast,27.3,88.24,35-44,family,comfortable,4,2024-02-09
u0002779,beach-and-slow,Uttar Pradesh,central,27.1767,78.0081,18-24,couple,shoestring,1,2025-01-05
u0002780,weekend-escaper,Tamil Nadu,south,11.4102,76.695,25-34,couple,premium,2,2025-07-04
u0002781,food-first,Jammu and Kashmir,north,32.7266,74.857,55+,family,moderate,1,2024-08-16
u0002782,mountain-walker,Jammu and Kashmir,north,32.7266,74.857,25-34,friends,moderate,1,2025-06-21
u0002783,family-holiday,Himachal Pradesh,north,31.1048,77.1734,35-44,couple,moderate,1,2025-06-17
u0002784,weekend-escaper,Kerala,south,9.4981,76.3388,55+,friends,moderate,3,2025-03-05
u0002785,family-holiday,Rajasthan,north,24.5926,72.7156,45-54,couple,moderate,1,2025-01-14
u0002786,pilgrim,Uttar Pradesh,central,25.3176,82.9739,45-54,friends,comfortable,1,2025-09-15
u0002787,heritage-seeker,Maharashtra,west,18.7546,73.4062,45-54,couple,moderate,1,2024-01-09
u0002788,beach-and-slow,Telangana,south,17.385,78.4867,45-54,friends,moderate,1,2025-01-20
u0002789,mountain-walker,West Bengal,east,26.7271,88.3953,35-44,couple,comfortable,3,2024-04-07
u0002790,family-holiday,Delhi,north,28.6139,77.209,25-34,family,premium,3,2024-02-09
u0002791,beach-and-slow,Maharashtra,west,21.1458,79.0882,35-44,solo,moderate,9,2024-12-04
u0002792,mountain-walker,Odisha,east,20.2961,85.8245,55+,couple,shoestring,6,2025-04-26
u0002793,heritage-seeker,Kerala,south,8.4004,76.9784,45-54,solo,moderate,2,2025-05-14
u0002794,weekend-escaper,Uttar Pradesh,central,27.5806,77.7006,25-34,family,moderate,1,2025-08-15
u0002795,family-holiday,Jharkhand,east,23.3441,85.3096,25-34,couple,moderate,6,2024-06-22
u0002796,mountain-walker,Tamil Nadu,south,11.4102,76.695,45-54,couple,premium,1,2025-08-02
u0002797,heritage-seeker,Goa,west,15.4909,73.8278,35-44,solo,premium,1,2024-04-08
u0002798,beach-and-slow,Maharashtra,west,19.9975,73.7898,45-54,family,comfortable,2,2024-06-17
u0002799,family-holiday,Uttar Pradesh,central,27.5806,77.7006,55+,solo,shoestring,2,2024-03-26
u0002800,pilgrim,Jharkhand,east,23.3441,85.3096,35-44,family,shoestring,1,2024-02-12
u0002801,heritage-seeker,Karnataka,south,13.3161,75.772,25-34,family,moderate,1,2024-09-11
u0002802,family-holiday,Uttar Pradesh,central,26.8467,80.9462,55+,couple,shoestring,4,2025-04-29
u0002803,beach-and-slow,Uttarakhand,north,27.4924,77.6737,25-34,solo,comfortable,1,2024-03-22
u0002804,heritage-seeker,Karnataka,south,13.3161,75.772,35-44,family,shoestring,1,2024-10-11
u0002805,beach-and-slow,Maharashtra,west,18.5204,73.8567,35-44,friends,shoestring,2,2024-02-16
u0002806,heritage-seeker,Karnataka,south,12.9716,77.5946,35-44,family,shoestring,1,2024-01-28
u0002807,pilgrim,Madhya Pradesh,central,23.1815,79.9864,25-34,family,moderate,1,2024-04-13
u0002808,beach-and-slow,Kerala,south,11.6854,76.132,18-24,solo,comfortable,1,2024-10-01
u0002809,mountain-walker,Maharashtra,west,21.1458,79.0882,55+,friends,moderate,5,2025-06-12
u0002810,food-first,Chhattisgarh,central,21.2514,81.6296,25-34,solo,shoestring,29,2024-03-07
u0002811,pilgrim,Chandigarh,north,30.7333,76.7794,55+,couple,shoestring,1,2025-04-12
u0002812,beach-and-slow,Andhra Pradesh,south,17.6868,83.2185,35-44,couple,comfortable,1,2024-09-09
u0002813,beach-and-slow,Tamil Nadu,south,12.6269,80.1927,35-44,solo,moderate,1,2025-09-12
u0002814,food-first,Karnataka,south,15.2689,76.3909,45-54,solo,moderate,5,2024-05-03
u0002815,family-holiday,Tamil Nadu,south,10.787,79.1378,55+,couple,premium,1,2024-02-19
u0002816,heritage-seeker,Maharashtra,west,19.7645,74.4762,25-34,family,moderate,1,2024-04-09
u0002817,family-holiday,Kerala,south,10.0889,77.0595,55+,couple,shoestring,2,2025-06-16
u0002818,heritage-seeker,Karnataka,south,15.918,75.685,18-24,family,comfortable,1,2024-08-02
u0002819,family-holiday,Madhya Pradesh,central,23.1765,75.7885,35-44,solo,moderate,1,2024-09-24
u0002820,mountain-walker,Tamil Nadu,south,12.6269,80.1927,25-34,family,premium,2,2024-05-23
u0002821,food-first,Andhra Pradesh,south,16.5062,80.648,25-34,solo,premium,2,2024-08-19
u0002822,food-first,Mizoram,northeast,23.7271,92.7176,25-34,solo,comfortable,1,2024-04-06
u0002823,food-first,Uttarakhand,north,30.3165,78.0322,25-34,family,comfortable,1,2024-12-07
u0002824,weekend-escaper,Andhra Pradesh,south,16.5062,80.648,18-24,family,shoestring,1,2024-10-24
u0002825,family-holiday,Rajasthan,north,25.4305,75.6499,25-34,couple,moderate,1,2024-10-22
u0002826,food-first,Sikkim,northeast,27.3314,88.6138,35-44,solo,comfortable,1,2024-12-18
u0002827,food-first,Maharashtra,west,19.076,72.8777,25-34,couple,moderate,2,2024-06-19
u0002828,family-holiday,Bihar,east,24.6961,84.9911,35-44,family,comfortable,2,2024-06-08
u0002829,pilgrim,Karnataka,south,12.9141,74.856,35-44,couple,moderate,1,2025-05-29
u0002830,beach-and-slow,Puducherry,south,11.9416,79.8083,55+,friends,shoestring,1,2024-08-14
u0002831,family-holiday,Chhattisgarh,central,21.2514,81.6296,45-54,family,moderate,1,2024-07-19
u0002832,beach-and-slow,Punjab,north,31.634,74.8723,35-44,family,moderate,1,2025-01-02
u0002833,family-holiday,Maharashtra,west,17.9307,73.6477,55+,family,comfortable,2,2025-09-20
u0002834,weekend-escaper,Assam,northeast,26.1445,91.7362,25-34,solo,comfortable,1,2025-09-01
u0002835,food-first,West Bengal,east,26.7271,88.3953,25-34,family,premium,2,2024-03-30
u0002836,pilgrim,Madhya Pradesh,central,24.8318,79.9199,18-24,family,comfortable,1,2024-08-24
u0002837,weekend-escaper,Chandigarh,north,30.7333,76.7794,25-34,family,comfortable,1,2025-09-16
u0002838,food-first,Madhya Pradesh,central,23.1765,75.7885,35-44,family,moderate,2,2024-02-18
u0002839,weekend-escaper,Kerala,south,10.0889,77.0595,25-34,couple,shoestring,1,2025-04-06
u0002840,pilgrim,Karnataka,south,13.3161,75.772,18-24,family,moderate,1,2024-07-29
u0002841,beach-and-slow,Uttarakhand,north,30.529,79.5666,25-34,couple,shoestring,99,2025-04-17
u0002842,beach-and-slow,Himachal Pradesh,north,32.01,77.3152,18-24,couple,shoestring,1,2024-07-15
u0002843,heritage-seeker,Madhya Pradesh,central,23.1815,79.9864,35-44,family,moderate,1,2024-10-22
u0002844,food-first,Jammu and Kashmir,north,32.7266,74.857,35-44,couple,shoestring,2,2024-03-10
u0002845,food-first,Uttarakhand,north,30.3165,78.0322,45-54,family,moderate,5,2025-08-21
u0002846,pilgrim,West Bengal,east,27.041,88.2663,18-24,solo,comfortable,2,2024-02-06
u0002847,mountain-walker,Odisha,east,20.2961,85.8245,18-24,friends,moderate,1,2024-08-16
u0002848,weekend-escaper,Gujarat,west,23.2156,72.6369,25-34,family,comfortable,1,2024-11-03
u0002849,food-first,Karnataka,south,15.918,75.685,18-24,friends,comfortable,2,2025-02-04
u0002850,mountain-walker,Puducherry,south,11.9416,79.8083,18-24,solo,premium,1,2024-12-12
u0002851,weekend-escaper,Assam,northeast,26.95,94.17,45-54,friends,moderate,1,2024-05-15
u0002852,pilgrim,Rajasthan,north,24.5926,72.7156,35-44,solo,moderate,8,2024-11-09
u0002853,heritage-seeker,Bihar,east,24.6961,84.9911,35-44,solo,premium,1,2024-07-17
u0002854,heritage-seeker,Karnataka,south,14.5479,74.3188,55+,friends,shoestring,2,2024-02-25
u0002855,mountain-walker,Uttar Pradesh,central,27.5806,77.7006,18-24,couple,moderate,3,2024-01-17
u0002856,heritage-seeker,Gujarat,west,22.3072,73.1812,25-34,friends,shoestring,1,2024-09-16
u0002857,family-holiday,Maharashtra,west,19.8762,75.3433,25-34,family,moderate,3,2024-11-08
u0002858,beach-and-slow,Kerala,south,9.9312,76.2673,18-24,family,comfortable,17,2025-02-18
u0002859,weekend-escaper,Odisha,east,19.8876,86.0945,18-24,friends,comfortable,2,2024-07-24
u0002860,family-holiday,Rajasthan,north,24.8887,74.6269,25-34,friends,moderate,1,2024-07-01
u0002861,pilgrim,Himachal Pradesh,north,32.01,77.3152,18-24,family,shoestring,17,2025-02-07
u0002862,weekend-escaper,Meghalaya,northeast,25.27,91.732,45-54,family,moderate,1,2024-12-17
u0002863,mountain-walker,Karnataka,south,12.3375,75.8069,18-24,couple,premium,1,2025-06-19
u0002864,mountain-walker,Goa,west,15.2993,74.124,18-24,family,shoestring,1,2025-02-28
u0002865,beach-and-slow,Uttarakhand,north,29.3803,79.4636,25-34,family,comfortable,1,2024-06-29
u0002866,mountain-walker,Andaman and Nicobar Islands,south,11.6234,92.7265,35-44,family,moderate,379,2024-05-19
u0002867,mountain-walker,Himachal Pradesh,north,32.5387,75.9707,35-44,solo,moderate,1,2025-02-13
u0002868,pilgrim,Uttarakhand,north,30.3165,78.0322,55+,solo,shoestring,7,2024-09-28
u0002869,weekend-escaper,Jammu and Kashmir,north,32.7266,74.857,35-44,family,comfortable,2,2024-10-11
u0002870,heritage-seeker,Bihar,east,25.1367,85.4438,25-34,couple,comfortable,1,2024-11-03
u0002871,pilgrim,Puducherry,south,11.9416,79.8083,25-34,family,moderate,1,2024-04-20
u0002872,heritage-seeker,Arunachal Pradesh,northeast,27.586,91.859,25-34,family,moderate,2,2024-06-04
u0002873,mountain-walker,Rajasthan,north,26.9157,70.9083,35-44,couple,premium,2,2024-04-24
u0002874,beach-and-slow,Uttarakhand,north,29.53,78.7747,35-44,solo,comfortable,3,2024-11-20
u0002875,family-holiday,Tamil Nadu,south,10.2381,77.4892,45-54,solo,comfortable,2,2024-06-14
u0002876,mountain-walker,Maharashtra,west,19.7645,74.4762,25-34,couple,comfortable,1,2025-03-27
u0002877,family-holiday,Andhra Pradesh,south,13.6288,79.4192,18-24,friends,comfortable,2,2025-02-25
u0002878,beach-and-slow,Andhra Pradesh,south,16.5062,80.648,25-34,family,premium,1,2024-03-22
u0002879,heritage-seeker,Karnataka,south,14.5479,74.3188,35-44,friends,moderate,1,2024-04-16
u0002880,heritage-seeker,Uttarakhand,north,30.3165,78.0322,45-54,family,shoestring,1,2024-07-24
u0002881,weekend-escaper,Kerala,south,8.5241,76.9366,18-24,family,moderate,1,2024-05-31
u0002882,mountain-walker,Maharashtra,west,21.1458,79.0882,25-34,couple,moderate,1,2024-03-20
u0002883,weekend-escaper,Madhya Pradesh,central,23.4794,77.7392,18-24,family,shoestring,1,2024-01-04
u0002884,family-holiday,Rajasthan,north,26.838,70.9,45-54,family,comfortable,1,2024-03-09
u0002885,heritage-seeker,Tamil Nadu,south,10.2381,77.4892,25-34,family,comfortable,3,2024-05-15
u0002886,family-holiday,West Bengal,east,21.627,87.509,35-44,couple,premium,4,2025-01-15
u0002887,family-holiday,Jammu and Kashmir,north,34.0837,74.7973,45-54,friends,premium,1,2024-08-19
u0002888,weekend-escaper,Goa,west,15.4909,73.8278,18-24,family,moderate,2,2024-07-27
u0002889,heritage-seeker,West Bengal,east,26.7271,88.3953,55+,family,moderate,1,2024-11-08
u0002890,weekend-escaper,Kerala,south,9.5916,77.1603,25-34,solo,moderate,1,2024-12-20
u0002891,mountain-walker,Himachal Pradesh,north,32.2432,77.1892,45-54,friends,comfortable,1,2025-03-21
u0002892,food-first,Chandigarh,north,30.7333,76.7794,18-24,couple,shoestring,1,2024-04-09
u0002893,beach-and-slow,Assam,northeast,26.1445,91.7362,55+,family,moderate,1,2024-08-02
u0002894,weekend-escaper,Assam,northeast,26.1445,91.7362,55+,friends,moderate,1,2025-04-05
u0002895,mountain-walker,Ladakh,north,34.1526,77.5771,35-44,solo,comfortable,1,2025-09-27
u0002896,heritage-seeker,West Bengal,east,27.06,88.47,35-44,couple,shoestring,1,2024-05-21
u0002897,mountain-walker,Kerala,south,8.7379,76.7163,18-24,couple,comfortable,1,2024-03-18
u0002898,beach-and-slow,Madhya Pradesh,central,26.2183,78.1828,18-24,couple,shoestring,6,2025-09-25
u0002899,mountain-walker,Himachal Pradesh,north,32.2432,77.1892,18-24,couple,comfortable,1,2024-11-24
u0002900,beach-and-slow,Karnataka,south,13.3161,75.772,18-24,couple,premium,1,2025-06-30
u0002901,family-holiday,Chandigarh,north,30.7333,76.7794,55+,couple,premium,1,2024-03-12
u0002902,weekend-escaper,Uttarakhand,north,27.4924,77.6737,18-24,family,moderate,1,2024-10-13
u0002903,family-holiday,Andaman and Nicobar Islands,south,11.6234,92.7265,45-54,friends,shoestring,2,2025-09-08
u0002904,weekend-escaper,Uttar Pradesh,central,27.5806,77.7006,25-34,friends,premium,8,2024-11-19
u0002905,weekend-escaper,Rajasthan,north,24.8887,74.6269,25-34,solo,moderate,1,2024-09-30
u0002906,food-first,West Bengal,east,22.5726,88.3639,18-24,friends,moderate,8,2024-11-01
u0002907,family-holiday,Karnataka,south,12.3375,75.8069,55+,solo,moderate,1,2025-09-09
u0002908,family-holiday,Maharashtra,west,18.7546,73.4062,25-34,solo,shoestring,1,2024-05-17
u0002909,food-first,Rajasthan,north,26.9157,70.9083,18-24,couple,moderate,1,2024-07-21
u0002910,mountain-walker,Gujarat,west,23.7333,69.8597,45-54,family,comfortable,1,2024-07-09
u0002911,weekend-escaper,Karnataka,south,13.3161,75.772,18-24,family,moderate,1,2025-09-04
u0002912,beach-and-slow,Himachal Pradesh,north,32.2432,77.1892,35-44,couple,shoestring,8,2024-01-20
u0002913,pilgrim,Tripura,northeast,23.8315,91.2868,45-54,solo,comfortable,1,2025-09-30
u0002914,food-first,Gujarat,west,23.2156,72.6369,55+,friends,moderate,2,2025-08-08
u0002915,food-first,Uttar Pradesh,central,27.5806,77.7006,45-54,solo,shoestring,2,2024-12-22
u0002916,beach-and-slow,Ladakh,north,34.1526,77.5771,45-54,solo,moderate,2,2024-09-11
u0002917,heritage-seeker,Gujarat,west,22.3072,73.1812,25-34,friends,moderate,1,2024-06-23
u0002918,family-holiday,Himachal Pradesh,north,31.1048,77.1734,55+,solo,comfortable,1,2024-10-16
u0002919,food-first,Gujarat,west,20.888,70.401,35-44,family,comfortable,12,2024-06-04
u0002920,pilgrim,Karnataka,south,12.9141,74.856,18-24,solo,comfortable,1,2024-08-11
u0002921,pilgrim,Kerala,south,11.2588,75.7804,55+,couple,moderate,3,2024-03-18
u0002922,heritage-seeker,Himachal Pradesh,north,31.1048,77.1734,25-34,solo,shoestring,2,2025-03-01
u0002923,family-holiday,Gujarat,west,23.7333,69.8597,55+,couple,shoestring,1,2024-07-20
u0002924,food-first,Tamil Nadu,south,10.787,79.1378,35-44,solo,comfortable,1,2024-12-21
u0002925,weekend-escaper,Manipur,northeast,24.817,93.9368,18-24,solo,comfortable,1,2024-02-03
u0002926,beach-and-slow,Karnataka,south,12.9141,74.856,45-54,family,premium,1,2025-03-13
u0002927,beach-and-slow,Sikkim,northeast,27.3314,88.6138,18-24,solo,premium,9,2024-08-04
u0002928,mountain-walker,Sikkim,northeast,27.3314,88.6138,45-54,family,moderate,1,2024-05-07
u0002929,heritage-seeker,Karnataka,south,12.2958,76.6394,25-34,family,moderate,1,2024-04-28
u0002930,mountain-walker,Odisha,east,20.2961,85.8245,25-34,family,premium,2,2025-03-23
u0002931,weekend-escaper,Rajasthan,north,24.8887,74.6269,45-54,solo,comfortable,1,2025-09-27
u0002932,beach-and-slow,Uttarakhand,north,29.53,78.7747,55+,couple,comfortable,2,2024-04-11
u0002933,heritage-seeker,Madhya Pradesh,central,24.8318,79.9199,35-44,couple,moderate,5,2025-04-23
u0002934,heritage-seeker,Rajasthan,north,24.5926,72.7156,25-34,friends,shoestring,1,2024-11-25
u0002935,food-first,Karnataka,south,14.5479,74.3188,18-24,friends,premium,1,2024-10-29
u0002936,pilgrim,Uttar Pradesh,central,27.5806,77.7006,25-34,couple,shoestring,2,2025-05-22
u0002937,mountain-walker,Maharashtra,west,19.7645,74.4762,45-54,couple,moderate,1,2024-12-19
u0002938,family-holiday,Chhattisgarh,central,21.2514,81.6296,35-44,friends,moderate,1,2024-07-02
u0002939,weekend-escaper,Tamil Nadu,south,11.4102,76.695,55+,friends,premium,1,2025-06-29
u0002940,pilgrim,Maharashtra,west,17.9307,73.6477,18-24,couple,comfortable,5,2025-07-17
u0002941,mountain-walker,Kerala,south,9.9312,76.2673,25-34,couple,comfortable,1,2024-05-31
u0002942,family-holiday,Meghalaya,northeast,25.5788,91.8933,18-24,couple,comfortable,1,2025-06-30
u0002943,food-first,Himachal Pradesh,north,32.2464,78.0349,25-34,friends,moderate,1,2024-08-13
u0002944,family-holiday,Odisha,east,20.2961,85.8245,25-34,couple,comfortable,1,2024-10-19
u0002945,food-first,Gujarat,west,23.7333,69.8597,18-24,family,moderate,1,2024-03-11
u0002946,mountain-walker,Puducherry,south,11.9416,79.8083,35-44,solo,shoestring,1,2024-12-07
u0002947,family-holiday,Madhya Pradesh,central,23.2599,77.4126,25-34,family,moderate,1,2024-04-29
u0002948,food-first,Karnataka,south,12.9716,77.5946,18-24,family,moderate,5,2024-06-11
u0002949,beach-and-slow,Rajasthan,north,24.8887,74.6269,55+,couple,comfortable,1,2024-09-08
u0002950,weekend-escaper,Himachal Pradesh,north,32.2432,77.1892,55+,couple,comfortable,3,2024-06-30
u0002951,family-holiday,Karnataka,south,15.335,76.46,55+,friends,comfortable,6,2024-08-02
u0002952,mountain-walker,Uttar Pradesh,central,26.8467,80.9462,18-24,couple,moderate,1,2024-12-23
u0002953,heritage-seeker,Uttar Pradesh,central,26.7922,82.1998,55+,solo,moderate,1,2024-02-08
u0002954,beach-and-slow,Tamil Nadu,south,10.2381,77.4892,25-34,family,comfortable,1,2024-03-09
u0002955,pilgrim,Uttar Pradesh,central,26.4499,80.3319,25-34,solo,moderate,1,2024-10-03
u0002956,heritage-seeker,Meghalaya,northeast,25.27,91.732,55+,family,moderate,1,2025-01-15
u0002957,food-first,Rajasthan,north,26.2389,73.0243,25-34,solo,comfortable,1,2024-07-28
u0002958,family-holiday,Himachal Pradesh,north,32.2432,77.1892,35-44,couple,moderate,1,2025-09-11
u0002959,pilgrim,Rajasthan,north,26.4899,74.5511,35-44,family,premium,2,2024-02-02
u0002960,mountain-walker,Chhattisgarh,central,21.2514,81.6296,35-44,solo,comfortable,2,2025-08-25
u0002961,heritage-seeker,Rajasthan,north,26.4499,74.6399,25-34,friends,shoestring,1,2025-09-09
u0002962,heritage-seeker,Himachal Pradesh,north,32.219,76.3234,55+,solo,premium,1,2024-11-23
u0002963,pilgrim,Tamil Nadu,south,13.0827,80.2707,25-34,solo,moderate,1,2025-05-06
u0002964,pilgrim,Andhra Pradesh,south,13.6288,79.4192,25-34,family,moderate,1,2024-01-05
u0002965,food-first,West Bengal,east,26.7271,88.3953,25-34,family,moderate,2,2024-07-28
u0002966,beach-and-slow,Nagaland,northeast,25.6751,94.11,18-24,friends,moderate,1,2024-08-20
u0002967,heritage-seeker,Rajasthan,north,26.2389,73.0243,55+,couple,moderate,1,2024-01-23
u0002968,pilgrim,Rajasthan,north,24.5854,73.7125,18-24,solo,shoestring,6,2025-05-03
u0002969,pilgrim,Chandigarh,north,30.7333,76.7794,18-24,solo,shoestring,2,2024-08-17
u0002970,weekend-escaper,Madhya Pradesh,central,23.1765,75.7885,18-24,family,comfortable,1,2025-08-16
u0002971,heritage-seeker,Goa,west,15.4909,73.8278,35-44,family,shoestring,1,2025-01-30
u0002972,heritage-seeker,Gujarat,west,23.7333,69.8597,55+,solo,comfortable,1,2024-09-03
u0002973,pilgrim,Gujarat,west,22.2394,68.9678,45-54,couple,shoestring,1,2024-06-30
u0002974,mountain-walker,Assam,northeast,26.95,94.17,55+,solo,premium,1,2024-08-09
u0002975,heritage-seeker,Uttar Pradesh,central,26.4499,80.3319,55+,family,comfortable,1,2025-08-23
u0002976,weekend-escaper,Uttar Pradesh,central,26.8467,80.9462,18-24,family,shoestring,1,2025-03-13
u0002977,pilgrim,Himachal Pradesh,north,32.5387,75.9707,25-34,friends,moderate,15,2024-06-20
u0002978,pilgrim,Uttar Pradesh,central,25.4358,81.8463,55+,family,comfortable,1,2025-09-19
u0002979,heritage-seeker,Kerala,south,9.5916,77.1603,45-54,friends,moderate,1,2024-01-16
u0002980,mountain-walker,Gujarat,west,21.1702,72.8311,35-44,family,shoestring,2,2025-09-30
u0002981,pilgrim,Uttarakhand,north,30.4598,78.0644,55+,couple,comfortable,2,2025-08-01
u0002982,family-holiday,Uttar Pradesh,central,26.7922,82.1998,18-24,solo,moderate,5,2025-02-14
u0002983,pilgrim,Himachal Pradesh,north,32.2464,78.0349,35-44,solo,moderate,1,2025-04-28
u0002984,pilgrim,Maharashtra,west,19.8762,75.3433,18-24,couple,shoestring,1,2024-12-30
u0002985,food-first,Goa,west,15.2993,74.124,45-54,couple,premium,2,2024-06-24
u0002986,food-first,Ladakh,north,34.1526,77.5771,35-44,friends,moderate,1,2025-07-24
u0002987,heritage-seeker,Kerala,south,9.9312,76.2673,45-54,friends,premium,1,2024-11-04
u0002988,heritage-seeker,Jammu and Kashmir,north,32.7266,74.857,35-44,family,comfortable,2,2025-05-27
u0002989,beach-and-slow,Karnataka,south,14.5479,74.3188,55+,friends,comfortable,8,2024-10-02
u0002990,family-holiday,Karnataka,south,12.9716,77.5946,55+,family,shoestring,2,2024-07-03
u0002991,pilgrim,Uttar Pradesh,central,27.1767,78.0081,55+,couple,premium,2,2024-10-13
u0002992,family-holiday,Madhya Pradesh,central,23.1815,79.9864,55+,family,shoestring,2,2025-08-28
u0002993,food-first,Uttar Pradesh,central,27.5806,77.7006,35-44,family,moderate,1,2025-07-29
u0002994,weekend-escaper,Nagaland,northeast,25.6751,94.11,35-44,friends,comfortable,1,2025-02-08
u0002995,pilgrim,Karnataka,south,15.2689,76.3909,18-24,family,comfortable,1,2024-09-07
u0002996,food-first,Tamil Nadu,south,13.0827,80.2707,25-34,family,comfortable,2,2024-01-13
u0002997,weekend-escaper,Karnataka,south,12.2958,76.6394,18-24,couple,comfortable,2,2025-03-25
u0002998,heritage-seeker,Gujarat,west,20.888,70.401,45-54,friends,moderate,2,2024-05-25
u0002999,pilgrim,Gujarat,west,22.2394,68.9678,25-34,solo,moderate,1,2024-01-27
u0003000,heritage-seeker,Karnataka,south,13.3161,75.772,18-24,solo,moderate,1,2025-04-04
u0003001,family-holiday,Odisha,east,19.8876,86.0945,35-44,couple,moderate,1,2024-11-11
u0003002,heritage-seeker,Himachal Pradesh,north,32.5387,75.9707,35-44,couple,shoestring,1,2024-06-11
u0003003,family-holiday,Rajasthan,north,24.5926,72.7156,25-34,couple,moderate,1,2024-11-21
u0003004,beach-and-slow,Uttarakhand,north,30.0869,78.2676,45-54,couple,shoestring,1,2024-04-05
u0003005,family-holiday,West Bengal,east,27.041,88.2663,45-54,solo,shoestring,1,2025-03-20
u0003006,beach-and-slow,Madhya Pradesh,central,23.1765,75.7885,55+,family,moderate,1,2025-07-02
u0003007,pilgrim,Madhya Pradesh,central,24.8318,79.9199,45-54,family,moderate,1,2024-04-29
u0003008,family-holiday,Madhya Pradesh,central,23.4794,77.7392,45-54,family,shoestring,2,2024-12-02
u0003009,heritage-seeker,Gujarat,west,21.1702,72.8311,45-54,couple,moderate,7,2025-05-15
u0003010,family-holiday,Tamil Nadu,south,8.0883,77.5385,18-24,solo,moderate,1,2024-07-07
u0003011,family-holiday,Karnataka,south,14.5479,74.3188,35-44,family,premium,2,2024-09-20
u0003012,pilgrim,Karnataka,south,15.335,76.46,45-54,family,shoestring,1,2024-04-10
u0003013,pilgrim,Gujarat,west,20.888,70.401,45-54,solo,moderate,2,2024-11-16
u0003014,weekend-escaper,Karnataka,south,12.9716,77.5946,55+,couple,comfortable,1,2025-04-10
u0003015,mountain-walker,Tamil Nadu,south,10.2381,77.4892,55+,couple,premium,9,2025-05-19
u0003016,food-first,Kerala,south,11.2588,75.7804,18-24,family,shoestring,2,2025-03-16
u0003017,beach-and-slow,Uttarakhand,north,27.4924,77.6737,18-24,friends,shoestring,2,2025-04-18
u0003018,beach-and-slow,Karnataka,south,12.2958,76.6394,35-44,couple,moderate,1,2024-03-28
u0003019,heritage-seeker,Madhya Pradesh,central,23.1765,75.7885,35-44,solo,shoestring,2,2024-05-01
u0003020,pilgrim,Goa,west,15.2993,74.124,55+,family,moderate,2,2024-03-26
u0003021,heritage-seeker,Rajasthan,north,24.5926,72.7156,18-24,solo,moderate,1,2025-09-26
u0003022,food-first,Gujarat,west,22.3072,73.1812,55+,family,moderate,1,2025-01-23
u0003023,food-first,Tamil Nadu,south,8.0883,77.5385,35-44,couple,shoestring,1,2024-07-27
u0003024,heritage-seeker,Meghalaya,northeast,25.5788,91.8933,55+,solo,comfortable,2,2024-03-09
u0003025,weekend-escaper,Maharashtra,west,19.076,72.8777,45-54,family,premium,55,2025-02-20
u0003026,heritage-seeker,Himachal Pradesh,north,32.2432,77.1892,35-44,couple,moderate,1,2024-06-01
u0003027,heritage-seeker,Madhya Pradesh,central,23.1765,75.7885,45-54,couple,moderate,2,2024-03-25
u0003028,weekend-escaper,Karnataka,south,15.918,75.685,55+,family,moderate,1,2025-06-16
u0003029,beach-and-slow,Arunachal Pradesh,northeast,27.0844,93.6053,55+,couple,comfortable,2,2025-05-04
u0003030,heritage-seeker,Himachal Pradesh,north,32.2464,78.0349,18-24,family,moderate,1,2025-05-24
u0003031,mountain-walker,Uttar Pradesh,central,25.4358,81.8463,18-24,family,comfortable,1,2024-03-01
u0003032,pilgrim,Madhya Pradesh,central,26.2183,78.1828,45-54,family,moderate,6,2025-06-20
u0003033,family-holiday,Kerala,south,8.5241,76.9366,45-54,couple,moderate,1,2024-04-12
u0003034,food-first,Karnataka,south,12.3375,75.8069,45-54,solo,moderate,1,2024-08-20
u0003035,beach-and-slow,Rajasthan,north,26.4899,74.5511,18-24,family,comfortable,2,2024-04-19
u0003036,beach-and-slow,Tamil Nadu,south,11.0168,76.9558,18-24,couple,shoestring,4,2024-01-19
u0003037,beach-and-slow,Himachal Pradesh,north,32.5387,75.9707,18-24,couple,shoestring,2,2024-02-27
u0003038,beach-and-slow,Andhra Pradesh,south,17.6868,83.2185,35-44,friends,shoestring,12,2024-04-28
u0003039,beach-and-slow,Andhra Pradesh,south,16.5062,80.648,18-24,family,moderate,1,2025-07-07
u0003040,heritage-seeker,Jammu and Kashmir,north,34.0837,74.7973,55+,couple,shoestring,1,2024-12-01
u0003041,beach-and-slow,Maharashtra,west,18.6414,72.8722,25-34,solo,comfortable,1,2025-08-08
u0003042,mountain-walker,Goa,west,15.2993,74.124,55+,friends,moderate,1,2025-02-01
u0003043,mountain-walker,Madhya Pradesh,central,23.2599,77.4126,55+,couple,comfortable,2,2025-07-09
u0003044,heritage-seeker,Karnataka,south,12.9141,74.856,18-24,couple,shoestring,1,2025-02-12
u0003045,family-holiday,Madhya Pradesh,central,26.2183,78.1828,45-54,friends,shoestring,2,2024-02-19
u0003046,mountain-walker,Arunachal Pradesh,northeast,27.586,91.859,35-44,family,moderate,1,2024-08-12
u0003047,beach-and-slow,West Bengal,east,27.041,88.2663,55+,solo,comfortable,1,2024-05-08
u0003048,pilgrim,Madhya Pradesh,central,23.1815,79.9864,18-24,family,comfortable,1,2024-03-21
u0003049,beach-and-slow,Kerala,south,8.7379,76.7163,35-44,solo,moderate,1,2024-03-06
u0003050,family-holiday,Karnataka,south,13.3161,75.772,45-54,friends,moderate,2,2025-08-27
u0003051,family-holiday,Karnataka,south,15.335,76.46,25-34,friends,shoestring,1,2024-02-01
u0003052,pilgrim,Karnataka,south,12.9716,77.5946,45-54,family,shoestring,1,2025-09-06
u0003053,food-first,Rajasthan,north,24.5926,72.7156,18-24,family,moderate,3,2024-03-03
u0003054,food-first,Tamil Nadu,south,11.4102,76.695,55+,couple,shoestring,1,2025-05-03
u0003055,food-first,Assam,northeast,26.95,94.17,45-54,couple,moderate,3,2024-10-14
u0003056,food-first,Rajasthan,north,26.9124,75.7873,25-34,family,moderate,1,2024-02-22
u0003057,family-holiday,Karnataka,south,12.2958,76.6394,45-54,friends,shoestring,2,2025-01-27
u0003058,heritage-seeker,Jharkhand,east,23.3441,85.3096,18-24,family,comfortable,2,2024-03-27
u0003059,beach-and-slow,Rajasthan,north,26.4899,74.5511,55+,couple,comfortable,1,2024-09-02
u0003060,mountain-walker,Himachal Pradesh,north,31.1048,77.1734,35-44,family,comfortable,1,2025-02-08
u0003061,heritage-seeker,Jammu and Kashmir,north,34.0837,74.7973,18-24,couple,moderate,2,2025-02-14
u0003062,heritage-seeker,Gujarat,west,20.888,70.401,35-44,couple,comfortable,2,2025-09-01
u0003063,mountain-walker,Tamil Nadu,south,10.787,79.1378,18-24,friends,comfortable,15,2024-11-06
u0003064,beach-and-slow,Maharashtra,west,18.7546,73.4062,25-34,family,moderate,1,2025-08-05
u0003065,family-holiday,Karnataka,south,13.3161,75.772,18-24,couple,comfortable,2,2025-06-09
u0003066,weekend-escaper,Uttarakhand,north,29.3803,79.4636,45-54,couple,moderate,7,2025-01-18
u0003067,beach-and-slow,Sikkim,northeast,27.3314,88.6138,35-44,couple,premium,6,2024-06-03
u0003068,mountain-walker,Gujarat,west,23.2156,72.6369,45-54,friends,moderate,1,2025-03-27
u0003069,family-holiday,Andhra Pradesh,south,13.6288,79.4192,25-34,family,moderate,1,2025-05-31
u0003070,food-first,West Bengal,east,22.5726,88.3639,18-24,couple,moderate,2,2024-07-25
u0003071,heritage-seeker,Assam,northeast,26.95,94.17,25-34,friends,premium,6,2024-02-22
u0003072,mountain-walker,Kerala,south,11.6854,76.132,55+,solo,premium,1,2024-08-18
u0003073,mountain-walker,West Bengal,east,27.06,88.47,45-54,family,comfortable,1,2025-07-04
u0003074,mountain-walker,Gujarat,west,23.2156,72.6369,45-54,solo,comfortable,2,2025-01-19
u0003075,beach-and-slow,Kerala,south,9.4981,76.3388,45-54,couple,shoestring,24,2024-06-27
u0003076,weekend-escaper,Mizoram,northeast,23.7271,92.7176,18-24,family,premium,1,2024-11-23
u0003077,mountain-walker,Maharashtra,west,21.1458,79.0882,25-34,friends,premium,1,2024-10-03
u0003078,weekend-escaper,Arunachal Pradesh,northeast,27.0844,93.6053,25-34,family,comfortable,1,2025-08-08
u0003079,food-first,Gujarat,west,23.7333,69.8597,25-34,couple,moderate,1,2024-01-25
u0003080,beach-and-slow,Maharashtra,west,18.5204,73.8567,18-24,friends,moderate,6,2025-08-24
u0003081,beach-and-slow,Karnataka,south,12.9716,77.5946,35-44,couple,shoestring,1,2024-06-04
u0003082,weekend-escaper,Karnataka,south,12.2958,76.6394,45-54,couple,shoestring,5,2024-09-06
u0003083,mountain-walker,Arunachal Pradesh,northeast,27.586,91.859,55+,family,shoestring,1,2024-01-27
u0003084,food-first,Himachal Pradesh,north,32.219,76.3234,18-24,friends,comfortable,1,2024-09-22
u0003085,heritage-seeker,Rajasthan,north,26.9124,75.7873,45-54,family,comfortable,1,2025-06-05
u0003086,heritage-seeker,Rajasthan,north,26.4899,74.5511,45-54,couple,shoestring,1,2025-06-07
u0003087,food-first,Uttar Pradesh,central,26.4499,80.3319,55+,friends,moderate,1,2025-09-28
u0003088,pilgrim,Tamil Nadu,south,9.9252,78.1198,55+,family,comfortable,7,2025-07-01
u0003089,heritage-seeker,Himachal Pradesh,north,32.5387,75.9707,35-44,friends,moderate,8,2024-05-25
u0003090,mountain-walker,Andhra Pradesh,south,13.6288,79.4192,35-44,family,moderate,3,2024-09-16
u0003091,pilgrim,Jammu and Kashmir,north,32.7266,74.857,35-44,friends,comfortable,2,2024-07-19
u0003092,food-first,Gujarat,west,20.888,70.401,25-34,couple,shoestring,1,2024-05-21
u0003093,beach-and-slow,Himachal Pradesh,north,32.01,77.3152,35-44,solo,comfortable,9,2024-01-22
u0003094,food-first,Sikkim,northeast,27.3,88.24,45-54,family,comfortable,2,2025-04-29
u0003095,food-first,Madhya Pradesh,central,23.4794,77.7392,45-54,couple,shoestring,3,2024-03-31
u0003096,food-first,Madhya Pradesh,central,24.8318,79.9199,18-24,couple,comfortable,1,2025-04-19
u0003097,food-first,Bihar,east,25.1367,85.4438,18-24,couple,premium,1,2024-08-21
u0003098,family-holiday,Kerala,south,8.7379,76.7163,25-34,family,moderate,10,2025-06-30
u0003099,family-holiday,West Bengal,east,21.627,87.509,55+,couple,moderate,5,2025-03-28
u0003100,beach-and-slow,Himachal Pradesh,north,31.1048,77.1734,45-54,family,premium,1,2024-07-28
u0003101,family-holiday,Karnataka,south,12.9141,74.856,55+,family,comfortable,1,2024-12-06
u0003102,beach-and-slow,Andhra Pradesh,south,16.5062,80.648,18-24,friends,comfortable,9,2024-08-10
u0003103,pilgrim,Maharashtra,west,19.8762,75.3433,25-34,couple,moderate,3,2025-01-18
u0003104,heritage-seeker,Madhya Pradesh,central,23.1765,75.7885,55+,friends,premium,1,2024-02-27
u0003105,weekend-escaper,Punjab,north,31.634,74.8723,35-44,family,shoestring,2,2024-01-08
u0003106,family-holiday,Karnataka,south,12.9141,74.856,35-44,solo,moderate,1,2024-05-12
u0003107,weekend-escaper,Odisha,east,19.8135,85.8312,18-24,couple,shoestring,4,2024-12-24
u0003108,beach-and-slow,Ladakh,north,34.6868,77.5619,25-34,couple,shoestring,1,2024-10-13
u0003109,mountain-walker,Kerala,south,9.9312,76.2673,18-24,friends,moderate,4,2025-08-25
u0003110,heritage-seeker,Tripura,northeast,23.8315,91.2868,18-24,family,moderate,2,2025-09-12
u0003111,heritage-seeker,Kerala,south,8.5241,76.9366,25-34,couple,shoestring,1,2025-01-03
u0003112,heritage-seeker,Arunachal Pradesh,northeast,27.0844,93.6053,45-54,family,shoestring,2,2025-08-11
u0003113,family-holiday,Arunachal Pradesh,northeast,27.0844,93.6053,45-54,couple,shoestring,1,2024-10-02
u0003114,heritage-seeker,Uttarakhand,north,29.53,78.7747,55+,couple,moderate,3,2024-12-15
u0003115,beach-and-slow,Rajasthan,north,26.9157,70.9083,35-44,couple,moderate,2,2024-11-01
u0003116,heritage-seeker,Tripura,northeast,23.8315,91.2868,55+,couple,premium,1,2024-03-14
u0003117,food-first,Rajasthan,north,26.4899,74.5511,45-54,couple,comfortable,1,2024-12-31
u0003118,pilgrim,West Bengal,east,22.5726,88.3639,45-54,friends,shoestring,6,2025-07-20
u0003119,heritage-seeker,Himachal Pradesh,north,32.2464,78.0349,45-54,couple,moderate,2,2025-04-27
u0003120,weekend-escaper,Andhra Pradesh,south,13.6288,79.4192,35-44,solo,moderate,3,2025-04-02
u0003121,heritage-seeker,Tripura,northeast,23.8315,91.2868,35-44,couple,premium,3,2024-11-16
u0003122,weekend-escaper,Maharashtra,west,19.076,72.8777,18-24,friends,moderate,2,2024-09-25
u0003123,heritage-seeker,Bihar,east,25.1367,85.4438,18-24,solo,moderate,1,2025-05-21
u0003124,family-holiday,Rajasthan,north,24.8887,74.6269,35-44,solo,moderate,4,2025-07-06
u0003125,beach-and-slow,West Bengal,east,22.5726,88.3639,35-44,family,comfortable,1,2024-05-17
u0003126,beach-and-slow,Gujarat,west,22.3072,73.1812,35-44,couple,comfortable,1,2024-05-09
u0003127,food-first,Karnataka,south,12.3375,75.8069,18-24,solo,premium,1,2025-01-17
u0003128,mountain-walker,Kerala,south,9.5916,77.1603,35-44,family,premium,1,2024-11-29
u0003129,weekend-escaper,Madhya Pradesh,central,23.4794,77.7392,45-54,couple,moderate,1,2024-03-17
u0003130,family-holiday,Uttarakhand,north,30.4598,78.0644,18-24,friends,moderate,1,2024-09-02
u0003131,heritage-seeker,Uttarakhand,north,27.4924,77.6737,18-24,family,premium,1,2024-09-30
u0003132,heritage-seeker,Delhi,north,28.6139,77.209,35-44,couple,premium,1,2024-03-13
u0003133,heritage-seeker,Himachal Pradesh,north,32.01,77.3152,35-44,couple,comfortable,4,2024-02-14
u0003134,weekend-escaper,Karnataka,south,13.3161,75.772,35-44,couple,comfortable,1,2025-05-09
u0003135,beach-and-slow,Madhya Pradesh,central,23.4794,77.7392,35-44,couple,moderate,1,2025-09-29
u0003136,food-first,Manipur,northeast,24.817,93.9368,18-24,couple,moderate,1,2024-09-14
u0003137,family-holiday,Meghalaya,northeast,25.27,91.732,25-34,friends,premium,51,2024-08-18
u0003138,weekend-escaper,Rajasthan,north,24.5926,72.7156,45-54,family,shoestring,1,2024-07-05
u0003139,beach-and-slow,Arunachal Pradesh,northeast,27.586,91.859,25-34,couple,premium,1,2025-01-24
u0003140,weekend-escaper,Kerala,south,8.7379,76.7163,55+,friends,comfortable,2,2024-09-21
u0003141,weekend-escaper,Jharkhand,east,23.3441,85.3096,25-34,family,shoestring,2,2024-04-06
u0003142,food-first,Karnataka,south,12.2958,76.6394,55+,couple,shoestring,1,2025-06-10
u0003143,family-holiday,Maharashtra,west,19.8762,75.3433,45-54,solo,comfortable,2,2025-04-13
u0003144,beach-and-slow,Uttarakhand,north,29.53,78.7747,45-54,solo,premium,1,2025-09-04
u0003145,heritage-seeker,Arunachal Pradesh,northeast,27.586,91.859,25-34,solo,shoestring,1,2025-05-15
u0003146,weekend-escaper,Maharashtra,west,18.6414,72.8722,45-54,friends,shoestring,1,2024-03-17
u0003147,family-holiday,Rajasthan,north,28.0229,73.3119,45-54,couple,comfortable,1,2025-09-08
u0003148,heritage-seeker,Tamil Nadu,south,11.4102,76.695,55+,family,premium,18,2025-09-03
u0003149,heritage-seeker,Karnataka,south,12.3375,75.8069,45-54,solo,moderate,6,2025-06-06
u0003150,weekend-escaper,Karnataka,south,15.2689,76.3909,25-34,family,premium,14,2025-07-29
u0003151,family-holiday,Odisha,east,20.2961,85.8245,25-34,solo,premium,3,2024-06-24
u0003152,heritage-seeker,Uttarakhand,north,30.0869,78.2676,45-54,solo,premium,3,2025-08-13
u0003153,heritage-seeker,Andaman and Nicobar Islands,south,11.6234,92.7265,45-54,couple,moderate,2,2025-03-21
u0003154,weekend-escaper,Uttarakhand,north,30.529,79.5666,35-44,couple,comfortable,1,2025-08-25
u0003155,beach-and-slow,Kerala,south,9.4981,76.3388,35-44,friends,moderate,1,2024-09-12
u0003156,weekend-escaper,Odisha,east,19.8135,85.8312,55+,friends,moderate,3,2025-06-29
u0003157,weekend-escaper,Rajasthan,north,26.838,70.9,55+,couple,premium,1,2024-09-01
u0003158,heritage-seeker,Madhya Pradesh,central,23.4794,77.7392,25-34,solo,comfortable,1,2024-04-08
u0003159,heritage-seeker,Maharashtra,west,18.5204,73.8567,35-44,solo,comfortable,1,2025-01-08
u0003160,beach-and-slow,Tamil Nadu,south,9.9252,78.1198,25-34,family,comfortable,2,2024-11-05
u0003161,mountain-walker,Rajasthan,north,25.4305,75.6499,18-24,family,comfortable,5,2024-03-25
u0003162,weekend-escaper,Uttarakhand,north,30.4598,78.0644,18-24,solo,comfortable,1,2025-02-04
u0003163,mountain-walker,Uttar Pradesh,central,27.5806,77.7006,35-44,couple,premium,2,2024-02-21
u0003164,pilgrim,Uttar Pradesh,central,26.4499,80.3319,35-44,couple,comfortable,3,2025-06-30
u0003165,pilgrim,Karnataka,south,12.9141,74.856,18-24,family,moderate,7,2025-04-07
u0003166,heritage-seeker,Madhya Pradesh,central,23.2599,77.4126,55+,family,comfortable,1,2024-12-25
u0003167,heritage-seeker,Himachal Pradesh,north,32.01,77.3152,18-24,friends,shoestring,1,2024-09-11
u0003168,food-first,Tamil Nadu,south,8.0883,77.5385,25-34,friends,moderate,1,2025-05-12
u0003169,weekend-escaper,Rajasthan,north,26.838,70.9,45-54,couple,comfortable,1,2024-03-09
u0003170,weekend-escaper,Himachal Pradesh,north,32.2432,77.1892,18-24,couple,shoestring,3,2024-08-25
u0003171,pilgrim,Maharashtra,west,19.076,72.8777,55+,solo,shoestring,2,2025-05-26
u0003172,heritage-seeker,Kerala,south,8.5241,76.9366,25-34,solo,comfortable,1,2024-10-29
u0003173,food-first,Tamil Nadu,south,8.0883,77.5385,55+,family,comfortable,1,2024-02-23
u0003174,pilgrim,Jharkhand,east,23.3441,85.3096,55+,couple,comfortable,1,2025-01-13
u0003175,heritage-seeker,West Bengal,east,22.5726,88.3639,25-34,family,shoestring,4,2024-11-17
u0003176,heritage-seeker,Sikkim,northeast,27.3314,88.6138,35-44,family,premium,1,2024-03-06
u0003177,heritage-seeker,Tamil Nadu,south,10.2381,77.4892,55+,couple,moderate,1,2025-05-29
u0003178,food-first,Tamil Nadu,south,10.787,79.1378,25-34,solo,moderate,1,2025-05-12
u0003179,mountain-walker,Andhra Pradesh,south,16.5062,80.648,45-54,solo,comfortable,4,2024-10-17
u0003180,food-first,Rajasthan,north,24.5926,72.7156,18-24,family,comfortable,7,2025-05-01
u0003181,weekend-escaper,Assam,northeast,26.95,94.17,18-24,solo,comfortable,1,2025-05-22
u0003182,mountain-walker,Arunachal Pradesh,northeast,27.0844,93.6053,55+,family,premium,1,2025-04-11
u0003183,mountain-walker,Uttarakhand,north,30.3165,78.0322,18-24,friends,comfortable,1,2025-04-27
u0003184,weekend-escaper,Uttar Pradesh,central,27.5806,77.7006,25-34,couple,moderate,7,2024-10-28
u0003185,pilgrim,Nagaland,northeast,25.6751,94.11,55+,solo,comfortable,1,2025-02-11
u0003186,beach-and-slow,Bihar,east,25.5941,85.1376,45-54,couple,shoestring,2,2024-08-01
u0003187,family-holiday,Delhi,north,28.6139,77.209,45-54,family,shoestring,1,2024-07-03
u0003188,beach-and-slow,Chhattisgarh,central,21.2514,81.6296,18-24,solo,moderate,6,2024-06-21
u0003189,heritage-seeker,Himachal Pradesh,north,32.219,76.3234,25-34,friends,premium,1,2024-09-07
u0003190,beach-and-slow,Kerala,south,11.6854,76.132,35-44,couple,comfortable,1,2025-08-19
u0003191,weekend-escaper,Rajasthan,north,26.4899,74.5511,55+,friends,comfortable,2,2024-06-12
u0003192,family-holiday,West Bengal,east,26.7271,88.3953,35-44,family,shoestring,2,2024-11-09
u0003193,family-holiday,Karnataka,south,15.2689,76.3909,18-24,friends,comfortable,1,2025-02-26
u0003194,pilgrim,Gujarat,west,22.2394,68.9678,25-34,couple,comfortable,30,2025-09-16
u0003195,heritage-seeker,Uttarakhand,north,29.9457,78.1642,35-44,couple,comfortable,1,2024-12-08
u0003196,pilgrim,Uttar Pradesh,central,25.4358,81.8463,18-24,solo,moderate,4,2025-06-22
u0003197,family-holiday,Karnataka,south,15.918,75.685,55+,friends,comfortable,6,2025-03-11
u0003198,mountain-walker,Karnataka,south,15.335,76.46,25-34,solo,shoestring,1,2025-02-05
u0003199,mountain-walker,Gujarat,west,23.2156,72.6369,55+,solo,moderate,1,2024-08-04
u0003200,pilgrim,Uttarakhand,north,30.4598,78.0644,18-24,friends,shoestring,2,2024-11-02
u0003201,heritage-seeker,Maharashtra,west,17.9307,73.6477,45-54,solo,moderate,1,2024-01-13
u0003202,food-first,Andhra Pradesh,south,17.6868,83.2185,18-24,couple,moderate,1,2024-09-19
u0003203,family-holiday,Himachal Pradesh,north,32.2464,78.0349,18-24,family,premium,1,2024-12-08
u0003204,food-first,Karnataka,south,12.3375,75.8069,18-24,friends,comfortable,1,2024-06-04
u0003205,beach-and-slow,West Bengal,east,27.041,88.2663,35-44,solo,comfortable,1,2025-08-23
u0003206,family-holiday,Odisha,east,20.2961,85.8245,45-54,family,premium,1,2024-11-17
u0003207,food-first,Odisha,east,19.8135,85.8312,45-54,couple,comfortable,3,2025-02-14
u0003208,weekend-escaper,Himachal Pradesh,north,31.1048,77.1734,55+,solo,comfortable,1,2025-08-08
u0003209,family-holiday,Andhra Pradesh,south,17.6868,83.2185,18-24,family,comfortable,1,2024-12-19
u0003210,family-holiday,Andhra Pradesh,south,16.5062,80.648,35-44,friends,moderate,1,2024-05-09
u0003211,pilgrim,Karnataka,south,13.3161,75.772,35-44,solo,comfortable,13,2025-07-11
u0003212,beach-and-slow,Karnataka,south,12.9141,74.856,55+,solo,moderate,4,2025-02-27
u0003213,heritage-seeker,Maharashtra,west,18.6414,72.8722,35-44,solo,shoestring,1,2025-09-10
u0003214,heritage-seeker,Tamil Nadu,south,10.787,79.1378,25-34,friends,premium,1,2025-03-18
u0003215,food-first,West Bengal,east,22.5726,88.3639,35-44,couple,comfortable,1,2025-02-18
u0003216,food-first,Madhya Pradesh,central,25.3518,78.6417,25-34,couple,premium,1,2025-07-14
u0003217,weekend-escaper,West Bengal,east,21.627,87.509,35-44,family,moderate,3,2024-08-05
u0003218,heritage-seeker,Assam,northeast,26.5775,93.1711,35-44,solo,comfortable,1,2024-11-18
u0003219,mountain-walker,Kerala,south,9.9312,76.2673,18-24,couple,comfortable,1,2024-05-17
u0003220,pilgrim,Arunachal Pradesh,northeast,27.0844,93.6053,35-44,solo,moderate,1,2025-03-28
u0003221,food-first,Madhya Pradesh,central,24.8318,79.9199,18-24,friends,comfortable,1,2024-03-22
u0003222,mountain-walker,Madhya Pradesh,central,23.1765,75.7885,45-54,couple,moderate,2,2024-02-28
u0003223,heritage-seeker,Gujarat,west,22.2394,68.9678,18-24,couple,premium,2,2024-12-31
u0003224,food-first,Jammu and Kashmir,north,34.0837,74.7973,25-34,friends,comfortable,3,2024-10-28
u0003225,family-holiday,Ladakh,north,34.6868,77.5619,25-34,solo,comfortable,1,2025-01-02
u0003226,pilgrim,Kerala,south,9.9312,76.2673,35-44,family,moderate,1,2024-01-01
u0003227,mountain-walker,Maharashtra,west,19.8762,75.3433,35-44,couple,comfortable,1,2025-07-11
u0003228,mountain-walker,Ladakh,north,34.6868,77.5619,35-44,friends,comfortable,1,2024-11-12
u0003229,mountain-walker,Rajasthan,north,24.5926,72.7156,55+,family,moderate,3,2024-12-07
u0003230,family-holiday,Jammu and Kashmir,north,34.0837,74.7973,18-24,solo,comfortable,1,2025-07-18
u0003231,beach-and-slow,Tripura,northeast,23.8315,91.2868,45-54,family,premium,1,2025-03-11
u0003232,family-holiday,Tamil Nadu,south,10.2381,77.4892,55+,couple,shoestring,1,2025-05-27
u0003233,heritage-seeker,Karnataka,south,12.9141,74.856,45-54,solo,moderate,1,2024-01-25
u0003234,pilgrim,Tamil Nadu,south,10.7905,78.7047,18-24,solo,comfortable,1,2024-01-24
u0003235,heritage-seeker,Gujarat,west,21.1702,72.8311,45-54,solo,moderate,3,2024-04-28
u0003236,weekend-escaper,West Bengal,east,27.06,88.47,55+,solo,moderate,1,2025-04-29
u0003237,heritage-seeker,Maharashtra,west,19.076,72.8777,35-44,couple,moderate,6,2025-08-20
u0003238,food-first,Uttarakhand,north,29.53,78.7747,35-44,couple,moderate,1,2024-03-30
u0003239,food-first,Rajasthan,north,26.4499,74.6399,45-54,family,moderate,1,2024-11-04
u0003240,mountain-walker,Tamil Nadu,south,10.787,79.1378,35-44,friends,moderate,1,2024-02-21
u0003241,heritage-seeker,Kerala,south,11.2588,75.7804,45-54,family,moderate,1,2025-07-01
u0003242,family-holiday,Chhattisgarh,central,21.2514,81.6296,25-34,family,comfortable,2,2024-04-07
u0003243,mountain-walker,Maharashtra,west,19.8762,75.3433,18-24,solo,premium,8,2024-07-24
u0003244,food-first,West Bengal,east,27.06,88.47,35-44,solo,shoestring,3,2024-04-30
u0003245,heritage-seeker,Rajasthan,north,25.4305,75.6499,55+,couple,moderate,1,2024-08-17
u0003246,weekend-escaper,Rajasthan,north,26.4499,74.6399,35-44,solo,moderate,1,2024-06-13
u0003247,beach-and-slow,Ladakh,north,34.6868,77.5619,35-44,couple,comfortable,1,2025-04-30
u0003248,mountain-walker,Madhya Pradesh,central,24.8318,79.9199,25-34,couple,comfortable,1,2025-07-12
u0003249,beach-and-slow,Uttarakhand,north,30.529,79.5666,55+,couple,shoestring,4,2025-09-08
u0003250,beach-and-slow,Maharashtra,west,18.6414,72.8722,18-24,couple,shoestring,1,2025-06-27
u0003251,family-holiday,Madhya Pradesh,central,23.1765,75.7885,18-24,couple,comfortable,1,2025-04-15
u0003252,food-first,Gujarat,west,23.0225,72.5714,35-44,couple,moderate,1,2025-04-19
u0003253,family-holiday,West Bengal,east,27.06,88.47,45-54,solo,comfortable,2,2024-09-10
u0003254,beach-and-slow,Madhya Pradesh,central,26.2183,78.1828,25-34,family,moderate,2,2025-03-02
u0003255,mountain-walker,Andhra Pradesh,south,16.5062,80.648,25-34,couple,shoestring,1,2025-05-16
u0003256,beach-and-slow,Delhi,north,28.6139,77.209,55+,couple,premium,4,2024-04-22
u0003257,heritage-seeker,Kerala,south,11.6854,76.132,35-44,couple,moderate,1,2025-08-31
u0003258,food-first,Andhra Pradesh,south,13.6288,79.4192,25-34,family,shoestring,2,2024-08-23
u0003259,heritage-seeker,Rajasthan,north,26.4899,74.5511,18-24,family,comfortable,2,2024-12-11
u0003260,mountain-walker,Tamil Nadu,south,12.6269,80.1927,18-24,family,shoestring,1,2024-04-06
u0003261,weekend-escaper,Uttarakhand,north,29.53,78.7747,18-24,solo,comfortable,1,2024-07-07
u0003262,mountain-walker,Rajasthan,north,24.8887,74.6269,35-44,couple,comfortable,1,2025-09-25
u0003263,family-holiday,Uttar Pradesh,central,26.8467,80.9462,55+,couple,shoestring,1,2024-05-15
u0003264,beach-and-slow,Goa,west,15.2993,74.124,25-34,friends,comfortable,3,2025-09-03
u0003265,mountain-walker,Uttarakhand,north,27.4924,77.6737,25-34,family,shoestring,1,2025-09-01
u0003266,beach-and-slow,Kerala,south,8.7379,76.7163,45-54,friends,comfortable,1,2024-02-26
u0003267,mountain-walker,Mizoram,northeast,23.7271,92.7176,18-24,family,comfortable,1,2024-09-25
u0003268,heritage-seeker,Rajasthan,north,28.0229,73.3119,18-24,family,comfortable,1,2024-08-21
u0003269,weekend-escaper,Uttar Pradesh,central,27.5806,77.7006,55+,couple,moderate,4,2025-04-20
u0003270,pilgrim,Gujarat,west,21.1702,72.8311,45-54,solo,comfortable,1,2025-09-05
u0003271,weekend-escaper,Odisha,east,19.8876,86.0945,35-44,family,moderate,3,2025-02-18
u0003272,mountain-walker,Uttar Pradesh,central,26.7922,82.1998,45-54,couple,shoestring,6,2024-10-23
u0003273,pilgrim,Karnataka,south,15.918,75.685,35-44,solo,comfortable,1,2025-03-26
u0003274,pilgrim,Uttarakhand,north,27.4924,77.6737,55+,couple,moderate,2,2024-12-11
u0003275,food-first,Rajasthan,north,24.8887,74.6269,25-34,couple,shoestring,1,2024-11-19
u0003276,mountain-walker,Tamil Nadu,south,13.0827,80.2707,35-44,family,moderate,1,2024-10-06
u0003277,beach-and-slow,Mizoram,northeast,23.7271,92.7176,25-34,solo,moderate,1,2025-06-09
u0003278,heritage-seeker,Madhya Pradesh,central,23.2599,77.4126,35-44,couple,moderate,2,2025-01-01
u0003279,mountain-walker,Andhra Pradesh,south,17.6868,83.2185,35-44,solo,moderate,1,2025-01-22
u0003280,pilgrim,Punjab,north,31.634,74.8723,35-44,couple,comfortable,1,2025-03-18
u0003281,weekend-escaper,Gujarat,west,21.1702,72.8311,35-44,solo,moderate,1,2024-06-30
u0003282,pilgrim,Jammu and Kashmir,north,34.0837,74.7973,45-54,solo,moderate,1,2024-05-08
u0003283,beach-and-slow,Himachal Pradesh,north,32.01,77.3152,45-54,solo,comfortable,14,2024-01-13
u0003284,family-holiday,Uttar Pradesh,central,25.4358,81.8463,25-34,couple,comfortable,1,2024-10-29
u0003285,food-first,Odisha,east,19.8135,85.8312,18-24,couple,moderate,1,2024-02-15
u0003286,mountain-walker,Meghalaya,northeast,25.5788,91.8933,18-24,solo,shoestring,3,2025-06-09
u0003287,weekend-escaper,Kerala,south,8.4004,76.9784,18-24,solo,moderate,1,2024-04-19
u0003288,weekend-escaper,Sikkim,northeast,27.3314,88.6138,55+,friends,moderate,2,2024-05-13
u0003289,weekend-escaper,Madhya Pradesh,central,24.8318,79.9199,55+,solo,moderate,2,2025-01-15
u0003290,beach-and-slow,Rajasthan,north,26.4899,74.5511,18-24,couple,shoestring,1,2024-08-05
u0003291,family-holiday,Uttar Pradesh,central,25.3176,82.9739,55+,couple,comfortable,1,2024-03-01
u0003292,beach-and-slow,Tamil Nadu,south,11.3494,76.7956,25-34,family,shoestring,2,2025-04-01
u0003293,mountain-walker,Maharashtra,west,19.076,72.8777,25-34,friends,moderate,1,2025-02-15
u0003294,family-holiday,Rajasthan,north,24.8887,74.6269,35-44,solo,premium,2,2024-07-29
u0003295,food-first,Madhya Pradesh,central,22.7196,75.8577,35-44,solo,shoestring,2,2025-03-23
u0003296,weekend-escaper,Tamil Nadu,south,11.0168,76.9558,55+,couple,shoestring,1,2024-02-12
u0003297,weekend-escaper,Karnataka,south,12.3375,75.8069,55+,couple,moderate,1,2024-03-20
u0003298,pilgrim,Tamil Nadu,south,10.7905,78.7047,35-44,couple,comfortable,3,2025-08-16
u0003299,weekend-escaper,Madhya Pradesh,central,26.2183,78.1828,45-54,family,shoestring,4,2025-02-24
u0003300,food-first,Uttarakhand,north,27.4924,77.6737,35-44,couple,moderate,1,2024-07-27
u0003301,beach-and-slow,Madhya Pradesh,central,22.7196,75.8577,45-54,family,shoestring,1,2024-05-22
u0003302,family-holiday,Himachal Pradesh,north,31.1048,77.1734,55+,friends,comfortable,1,2025-07-30
u0003303,pilgrim,Maharashtra,west,18.5204,73.8567,35-44,couple,moderate,1,2025-01-16
u0003304,food-first,Rajasthan,north,28.0229,73.3119,45-54,couple,shoestring,1,2025-03-24
u0003305,beach-and-slow,Uttar Pradesh,central,25.3176,82.9739,45-54,solo,moderate,3,2025-01-20
u0003306,mountain-walker,Bihar,east,25.5941,85.1376,18-24,solo,moderate,1,2024-01-14
u0003307,heritage-seeker,Andhra Pradesh,south,13.6288,79.4192,45-54,family,moderate,3,2024-04-21
u0003308,pilgrim,Goa,west,15.2993,74.124,25-34,couple,moderate,1,2024-01-17
u0003309,mountain-walker,Tamil Nadu,south,10.7905,78.7047,25-34,couple,moderate,2,2025-03-27
u0003310,pilgrim,Kerala,south,8.4004,76.9784,25-34,family,shoestring,1,2024-09-07
u0003311,food-first,West Bengal,east,26.7271,88.3953,45-54,couple,moderate,1,2024-11-30
u0003312,mountain-walker,Madhya Pradesh,central,24.8318,79.9199,45-54,family,comfortable,1,2024-03-24
u0003313,family-holiday,Karnataka,south,12.2958,76.6394,55+,couple,premium,1,2025-09-20
u0003314,heritage-seeker,Madhya Pradesh,central,23.4794,77.7392,18-24,couple,premium,6,2024-08-12
u0003315,mountain-walker,Madhya Pradesh,central,23.4794,77.7392,45-54,couple,shoestring,1,2025-03-15
u0003316,heritage-seeker,Andhra Pradesh,south,13.6288,79.4192,25-34,couple,moderate,1,2025-08-14
u0003317,weekend-escaper,Gujarat,west,23.0225,72.5714,18-24,friends,comfortable,1,2024-11-18
u0003318,mountain-walker,Kerala,south,9.5916,77.1603,55+,solo,premium,2,2025-01-19
u0003319,food-first,Uttarakhand,north,30.529,79.5666,25-34,family,moderate,1,2024-05-06
u0003320,mountain-walker,Arunachal Pradesh,northeast,27.0844,93.6053,35-44,solo,moderate,1,2025-01-27
u0003321,heritage-seeker,Maharashtra,west,18.5204,73.8567,45-54,family,moderate,9,2024-02-15
u0003322,heritage-seeker,Andhra Pradesh,south,17.6868,83.2185,18-24,friends,comfortable,1,2024-05-27
u0003323,family-holiday,Rajasthan,north,28.0229,73.3119,55+,friends,comfortable,1,2024-12-30
u0003324,food-first,Kerala,south,11.6854,76.132,25-34,family,comfortable,1,2025-08-19
u0003325,mountain-walker,Uttar Pradesh,central,26.7922,82.1998,45-54,friends,comfortable,5,2025-05-05
u0003326,beach-and-slow,Himachal Pradesh,north,32.5387,75.9707,18-24,solo,premium,10,2025-03-04
u0003327,pilgrim,Himachal Pradesh,north,32.5387,75.9707,35-44,solo,shoestring,19,2024-06-24
u0003328,food-first,Rajasthan,north,24.5854,73.7125,45-54,couple,comfortable,3,2024-03-09
u0003329,pilgrim,Andhra Pradesh,south,13.6288,79.4192,35-44,solo,moderate,27,2025-06-19
u0003330,weekend-escaper,Rajasthan,north,26.9157,70.9083,55+,couple,moderate,1,2025-07-07
u0003331,pilgrim,Tamil Nadu,south,13.0827,80.2707,18-24,couple,comfortable,1,2024-04-05
u0003332,food-first,Gujarat,west,23.7333,69.8597,18-24,family,moderate,1,2025-04-29
u0003333,food-first,Karnataka,south,12.3375,75.8069,25-34,friends,moderate,1,2024-01-27
u0003334,heritage-seeker,Rajasthan,north,28.0229,73.3119,35-44,couple,comfortable,2,2024-03-03
u0003335,family-holiday,Uttarakhand,north,29.9457,78.1642,18-24,couple,moderate,1,2025-07-03
u0003336,beach-and-slow,Maharashtra,west,17.9307,73.6477,18-24,friends,comfortable,1,2024-06-20
u0003337,family-holiday,Maharashtra,west,19.9975,73.7898,45-54,couple,premium,1,2024-07-25
u0003338,mountain-walker,Chhattisgarh,central,21.2514,81.6296,35-44,couple,shoestring,4,2024-01-25
u0003339,pilgrim,Uttar Pradesh,central,25.3176,82.9739,18-24,solo,moderate,1,2024-08-17
u0003340,weekend-escaper,Telangana,south,17.385,78.4867,35-44,couple,moderate,1,2024-11-04
u0003341,heritage-seeker,Rajasthan,north,26.9124,75.7873,18-24,couple,comfortable,1,2024-06-12
u0003342,family-holiday,Karnataka,south,15.2689,76.3909,25-34,couple,moderate,1,2024-02-06
u0003343,weekend-escaper,Sikkim,northeast,27.3,88.24,55+,family,shoestring,1,2024-05-05
u0003344,food-first,Puducherry,south,11.9416,79.8083,18-24,solo,moderate,1,2025-07-23
u0003345,weekend-escaper,Uttar Pradesh,central,26.8467,80.9462,18-24,friends,moderate,4,2024-08-15
u0003346,heritage-seeker,Uttar Pradesh,central,26.4499,80.3319,55+,solo,shoestring,1,2024-06-15
u0003347,beach-and-slow,Karnataka,south,12.3375,75.8069,45-54,family,premium,3,2024-09-17
u0003348,beach-and-slow,Gujarat,west,22.3072,73.1812,18-24,family,comfortable,2,2025-08-17
u0003349,weekend-escaper,Gujarat,west,20.888,70.401,35-44,family,comfortable,1,2025-03-11
u0003350,beach-and-slow,Sikkim,northeast,27.3,88.24,18-24,solo,moderate,5,2025-02-14
u0003351,heritage-seeker,Rajasthan,north,26.4899,74.5511,45-54,solo,shoestring,1,2025-05-09
u0003352,food-first,Kerala,south,9.4981,76.3388,25-34,couple,premium,1,2024-04-25
u0003353,mountain-walker,Tamil Nadu,south,9.9252,78.1198,25-34,family,moderate,2,2024-07-03
u0003354,food-first,Gujarat,west,22.2394,68.9678,35-44,solo,shoestring,1,2025-02-23
u0003355,beach-and-slow,Sikkim,northeast,27.3314,88.6138,18-24,family,comfortable,1,2024-01-17
u0003356,pilgrim,Kerala,south,9.5916,77.1603,25-34,couple,moderate,1,2024-01-31
u0003357,mountain-walker,Uttarakhand,north,30.4598,78.0644,55+,solo,moderate,2,2025-01-21
u0003358,heritage-seeker,Maharashtra,west,19.8762,75.3433,55+,solo,shoestring,1,2025-04-09
u0003359,mountain-walker,Karnataka,south,14.5479,74.3188,18-24,family,comfortable,1,2025-09-19
u0003360,pilgrim,Tripura,northeast,23.8315,91.2868,45-54,family,moderate,1,2025-05-01
u0003361,beach-and-slow,Himachal Pradesh,north,32.2432,77.1892,55+,friends,moderate,1,2024-10-31
u0003362,beach-and-slow,Punjab,north,31.634,74.8723,55+,solo,comfortable,1,2024-08-12
u0003363,food-first,Madhya Pradesh,central,22.7196,75.8577,25-34,family,moderate,1,2024-11-22
u0003364,beach-and-slow,Rajasthan,north,26.838,70.9,18-24,family,premium,1,2025-04-11
u0003365,beach-and-slow,Karnataka,south,15.918,75.685,35-44,friends,moderate,3,2024-04-01
u0003366,family-holiday,Tripura,northeast,23.8315,91.2868,45-54,couple,moderate,1,2024-01-04
u0003367,pilgrim,Kerala,south,8.4004,76.9784,35-44,solo,shoestring,2,2024-08-12
u0003368,mountain-walker,Assam,northeast,26.95,94.17,25-34,family,comfortable,1,2024-10-16
u0003369,pilgrim,Arunachal Pradesh,northeast,27.586,91.859,18-24,family,shoestring,1,2025-04-22
u0003370,mountain-walker,Sikkim,northeast,27.3,88.24,18-24,family,comfortable,1,2025-09-03
u0003371,beach-and-slow,Rajasthan,north,28.0229,73.3119,25-34,family,moderate,1,2024-04-25
u0003372,mountain-walker,Rajasthan,north,26.2389,73.0243,55+,friends,moderate,1,2024-07-03
u0003373,heritage-seeker,Madhya Pradesh,central,25.3518,78.6417,25-34,couple,comfortable,6,2024-09-02
u0003374,family-holiday,Tamil Nadu,south,10.2381,77.4892,18-24,couple,shoestring,2,2025-04-23
u0003375,beach-and-slow,Punjab,north,31.634,74.8723,25-34,couple,shoestring,1,2024-09-19
u0003376,pilgrim,Tamil Nadu,south,9.9252,78.1198,45-54,couple,shoestring,1,2024-07-28
u0003377,weekend-escaper,Delhi,north,28.6139,77.209,18-24,friends,comfortable,1,2024-11-10
u0003378,heritage-seeker,Karnataka,south,12.9141,74.856,25-34,solo,shoestring,1,2025-07-22
u0003379,weekend-escaper,Meghalaya,northeast,25.5788,91.8933,35-44,friends,premium,6,2025-01-18
u0003380,pilgrim,Uttarakhand,north,29.9457,78.1642,25-34,family,shoestring,1,2025-02-08
u0003381,pilgrim,Puducherry,south,11.9416,79.8083,55+,solo,moderate,1,2024-05-12
u0003382,family-holiday,Rajasthan,north,26.4499,74.6399,45-54,couple,moderate,2,2024-05-20
u0003383,food-first,Maharashtra,west,18.7546,73.4062,45-54,couple,moderate,1,2025-04-09
u0003384,heritage-seeker,Rajasthan,north,26.9157,70.9083,25-34,couple,moderate,2,2024-04-10
u0003385,heritage-seeker,Tamil Nadu,south,8.0883,77.5385,55+,couple,shoestring,1,2025-05-12
u0003386,beach-and-slow,Goa,west,15.2993,74.124,18-24,family,moderate,1,2025-09-13
u0003387,family-holiday,Kerala,south,11.2588,75.7804,55+,couple,premium,2,2024-02-25
u0003388,heritage-seeker,Odisha,east,20.2961,85.8245,35-44,family,comfortable,2,2024-09-07
u0003389,family-holiday,Arunachal Pradesh,northeast,27.586,91.859,45-54,solo,moderate,1,2024-02-01
u0003390,weekend-escaper,Madhya Pradesh,central,23.2599,77.4126,35-44,couple,shoestring,12,2024-07-29
u0003391,pilgrim,Karnataka,south,15.918,75.685,45-54,family,moderate,1,2024-12-29
u0003392,beach-and-slow,Uttar Pradesh,central,27.5806,77.7006,45-54,couple,moderate,23,2024-03-24
u0003393,heritage-seeker,Odisha,east,19.8135,85.8312,55+,family,moderate,1,2025-02-15
u0003394,mountain-walker,Uttar Pradesh,central,26.7922,82.1998,45-54,solo,moderate,1,2025-07-15
u0003395,beach-and-slow,Himachal Pradesh,north,32.01,77.3152,25-34,couple,shoestring,2,2025-05-11
u0003396,weekend-escaper,Gujarat,west,20.888,70.401,45-54,solo,shoestring,1,2025-09-15
u0003397,family-holiday,Madhya Pradesh,central,23.1815,79.9864,25-34,solo,shoestring,1,2024-12-26
u0003398,heritage-seeker,West Bengal,east,27.041,88.2663,18-24,friends,moderate,3,2025-09-01
u0003399,heritage-seeker,Himachal Pradesh,north,31.1048,77.1734,25-34,family,comfortable,1,2025-06-11
u0003400,pilgrim,Ladakh,north,34.6868,77.5619,55+,couple,moderate,1,2024-01-31
u0003401,food-first,Kerala,south,9.9312,76.2673,45-54,couple,shoestring,2,2024-09-17
u0003402,family-holiday,Tamil Nadu,south,11.0168,76.9558,45-54,couple,moderate,1,2025-09-19
u0003403,family-holiday,Madhya Pradesh,central,23.1815,79.9864,45-54,solo,shoestring,6,2025-02-09
u0003404,beach-and-slow,Odisha,east,19.8135,85.8312,35-44,couple,moderate,2,2024-01-06
u0003405,mountain-walker,Tripura,northeast,23.8315,91.2868,35-44,couple,premium,1,2024-06-14
u0003406,family-holiday,Arunachal Pradesh,northeast,27.586,91.859,25-34,friends,shoestring,2,2024-12-08
u0003407,family-holiday,Mizoram,northeast,23.7271,92.7176,25-34,couple,moderate,1,2024-05-26
u0003408,food-first,Madhya Pradesh,central,23.1815,79.9864,18-24,couple,moderate,1,2024-12-07
u0003409,weekend-escaper,Uttarakhand,north,29.53,78.7747,18-24,solo,shoestring,1,2025-07-16
u0003410,heritage-seeker,Ladakh,north,34.6868,77.5619,55+,couple,shoestring,1,2024-01-05
u0003411,family-holiday,Sikkim,northeast,27.3314,88.6138,25-34,friends,comfortable,1,2025-05-03
u0003412,weekend-escaper,Madhya Pradesh,central,23.4794,77.7392,18-24,couple,moderate,3,2025-05-15
u0003413,food-first,Rajasthan,north,26.4499,74.6399,45-54,family,comfortable,2,2025-01-02
u0003414,pilgrim,Karnataka,south,12.2958,76.6394,45-54,friends,shoestring,2,2024-08-21
u0003415,pilgrim,Himachal Pradesh,north,32.01,77.3152,18-24,solo,comfortable,1,2024-12-31
u0003416,mountain-walker,Punjab,north,31.634,74.8723,25-34,solo,premium,5,2024-12-10
u0003417,beach-and-slow,Rajasthan,north,26.4499,74.6399,55+,friends,comfortable,1,2025-06-09
u0003418,food-first,Tamil Nadu,south,11.4102,76.695,18-24,family,moderate,3,2024-01-30
u0003419,heritage-seeker,West Bengal,east,22.5726,88.3639,18-24,family,moderate,1,2024-03-22
u0003420,food-first,Maharashtra,west,18.5204,73.8567,35-44,couple,comfortable,5,2024-05-14
u0003421,food-first,Odisha,east,19.8876,86.0945,18-24,solo,comfortable,1,2024-11-16
u0003422,food-first,Uttarakhand,north,27.4924,77.6737,35-44,couple,comfortable,1,2024-10-24
u0003423,mountain-walker,Arunachal Pradesh,northeast,27.0844,93.6053,35-44,friends,premium,1,2024-01-31
u0003424,heritage-seeker,Goa,west,15.2993,74.124,35-44,solo,moderate,4,2024-04-20
u0003425,family-holiday,Tamil Nadu,south,9.9252,78.1198,45-54,solo,moderate,2,2025-03-01
u0003426,mountain-walker,Karnataka,south,12.9716,77.5946,18-24,family,moderate,3,2024-05-02
u0003427,pilgrim,Sikkim,northeast,27.3314,88.6138,55+,family,premium,23,2024-03-09
u0003428,heritage-seeker,Tamil Nadu,south,8.0883,77.5385,18-24,family,moderate,16,2024-03-31
u0003429,weekend-escaper,Karnataka,south,13.3161,75.772,18-24,friends,premium,1,2025-04-20
u0003430,beach-and-slow,Uttar Pradesh,central,25.3176,82.9739,55+,family,comfortable,1,2025-04-06
u0003431,weekend-escaper,Karnataka,south,13.3161,75.772,25-34,family,moderate,1,2024-01-18
u0003432,pilgrim,West Bengal,east,27.041,88.2663,45-54,couple,premium,6,2025-02-11
u0003433,pilgrim,Uttarakhand,north,30.0869,78.2676,35-44,solo,moderate,7,2025-09-26
u0003434,heritage-seeker,Rajasthan,north,25.4305,75.6499,55+,friends,premium,1,2025-07-24
u0003435,pilgrim,Uttarakhand,north,30.529,79.5666,18-24,couple,premium,6,2024-01-10
u0003436,pilgrim,Andhra Pradesh,south,13.6288,79.4192,45-54,friends,comfortable,1,2024-09-01
u0003437,weekend-escaper,Rajasthan,north,26.9157,70.9083,35-44,family,premium,1,2024-04-01
u0003438,mountain-walker,Rajasthan,north,28.0229,73.3119,35-44,family,moderate,7,2024-08-26
u0003439,weekend-escaper,Maharashtra,west,18.5204,73.8567,25-34,family,shoestring,1,2024-01-04
u0003440,weekend-escaper,Goa,west,15.4909,73.8278,35-44,solo,moderate,1,2025-08-21
u0003441,food-first,Tamil Nadu,south,11.4102,76.695,25-34,solo,comfortable,2,2025-02-08
u0003442,heritage-seeker,Rajasthan,north,26.9124,75.7873,35-44,couple,shoestring,1,2024-11-28
u0003443,heritage-seeker,Kerala,south,11.6854,76.132,25-34,family,moderate,6,2024-08-21
u0003444,heritage-seeker,Assam,northeast,26.95,94.17,25-34,family,moderate,1,2024-01-09
u0003445,weekend-escaper,Uttar Pradesh,central,27.1767,78.0081,35-44,solo,moderate,1,2025-02-21
u0003446,mountain-walker,Rajasthan,north,26.838,70.9,35-44,family,comfortable,1,2024-10-24
u0003447,family-holiday,Jammu and Kashmir,north,34.0837,74.7973,55+,couple,moderate,1,2025-07-03
u0003448,mountain-walker,Rajasthan,north,24.5926,72.7156,18-24,friends,moderate,1,2024-03-24
u0003449,pilgrim,West Bengal,east,26.7271,88.3953,25-34,couple,premium,3,2025-05-03
u0003450,heritage-seeker,Tamil Nadu,south,11.3494,76.7956,45-54,friends,comfortable,2,2025-01-17
u0003451,heritage-seeker,Tamil Nadu,south,11.0168,76.9558,18-24,solo,comfortable,1,2024-08-17
u0003452,weekend-escaper,Uttarakhand,north,29.3803,79.4636,35-44,solo,moderate,1,2025-04-14
u0003453,heritage-seeker,Sikkim,northeast,27.3314,88.6138,35-44,couple,comfortable,3,2025-07-24
u0003454,family-holiday,Uttarakhand,north,29.53,78.7747,18-24,friends,comfortable,1,2025-04-10
u0003455,family-holiday,Kerala,south,11.6854,76.132,35-44,family,moderate,1,2025-03-08
u0003456,beach-and-slow,Karnataka,south,12.9716,77.5946,55+,couple,premium,1,2024-02-21
u0003457,food-first,Uttar Pradesh,central,25.4358,81.8463,18-24,couple,moderate,1,2024-09-13
u0003458,weekend-escaper,Punjab,north,31.634,74.8723,45-54,couple,moderate,1,2024-09-19
u0003459,weekend-escaper,Gujarat,west,23.0225,72.5714,18-24,friends,premium,1,2025-06-15
u0003460,heritage-seeker,Odisha,east,19.8876,86.0945,18-24,solo,comfortable,1,2024-10-15
u0003461,heritage-seeker,Odisha,east,19.8876,86.0945,25-34,couple,comfortable,1,2025-05-13
u0003462,pilgrim,Karnataka,south,15.918,75.685,45-54,family,premium,1,2024-10-16
u0003463,food-first,Tamil Nadu,south,11.4102,76.695,45-54,family,premium,2,2025-07-05
u0003464,heritage-seeker,Andhra Pradesh,south,16.5062,80.648,25-34,family,comfortable,1,2025-09-03
u0003465,pilgrim,Kerala,south,9.5916,77.1603,45-54,family,shoestring,1,2024-08-07
u0003466,heritage-seeker,Manipur,northeast,24.817,93.9368,55+,family,moderate,5,2024-07-30
u0003467,family-holiday,Uttar Pradesh,central,25.4358,81.8463,35-44,couple,moderate,1,2025-05-26
u0003468,weekend-escaper,West Bengal,east,26.7271,88.3953,18-24,solo,comfortable,1,2024-11-05
u0003469,mountain-walker,Jharkhand,east,23.3441,85.3096,25-34,solo,shoestring,8,2025-06-08
u0003470,heritage-seeker,Tamil Nadu,south,11.4102,76.695,25-34,family,shoestring,2,2024-11-24
u0003471,family-holiday,Odisha,east,19.8135,85.8312,45-54,friends,premium,1,2025-03-05
u0003472,weekend-escaper,Bihar,east,24.6961,84.9911,35-44,solo,moderate,3,2024-03-05
u0003473,heritage-seeker,Goa,west,15.4909,73.8278,18-24,family,moderate,2,2024-10-22
u0003474,beach-and-slow,Himachal Pradesh,north,32.2432,77.1892,35-44,solo,comfortable,1,2024-11-02
u0003475,family-holiday,Madhya Pradesh,central,23.2599,77.4126,55+,family,comfortable,1,2024-04-26
u0003476,food-first,Karnataka,south,15.918,75.685,45-54,solo,shoestring,1,2025-03-07
u0003477,heritage-seeker,Rajasthan,north,26.4499,74.6399,35-44,couple,moderate,1,2025-04-02
u0003478,heritage-seeker,Karnataka,south,15.918,75.685,18-24,couple,shoestring,2,2024-09-07
u0003479,beach-and-slow,Punjab,north,31.634,74.8723,45-54,couple,comfortable,1,2025-05-04
u0003480,pilgrim,Rajasthan,north,26.4899,74.5511,45-54,solo,comfortable,2,2024-10-07
u0003481,heritage-seeker,Karnataka,south,13.3161,75.772,35-44,couple,moderate,5,2025-05-15
u0003482,pilgrim,Madhya Pradesh,central,23.1765,75.7885,55+,couple,moderate,1,2024-11-26
u0003483,family-holiday,Gujarat,west,21.1702,72.8311,18-24,family,comfortable,1,2025-09-18
u0003484,heritage-seeker,Maharashtra,west,19.076,72.8777,45-54,couple,moderate,1,2025-09-27
u0003485,heritage-seeker,Uttarakhand,north,30.3165,78.0322,45-54,solo,moderate,2,2024-06-26
u0003486,beach-and-slow,Rajasthan,north,26.4499,74.6399,35-44,couple,moderate,1,2024-05-24
u0003487,pilgrim,Uttarakhand,north,30.4598,78.0644,35-44,family,moderate,1,2024-10-20
u0003488,pilgrim,Uttarakhand,north,30.3165,78.0322,25-34,friends,moderate,2,2024-01-12
u0003489,food-first,Uttar Pradesh,central,26.4499,80.3319,18-24,couple,comfortable,1,2025-02-15
u0003490,beach-and-slow,Madhya Pradesh,central,26.2183,78.1828,55+,couple,shoestring,4,2024-10-18
u0003491,weekend-escaper,Madhya Pradesh,central,25.3518,78.6417,25-34,couple,moderate,1,2025-08-19
u0003492,mountain-walker,Uttarakhand,north,29.3803,79.4636,25-34,solo,moderate,1,2024-02-05
u0003493,mountain-walker,Madhya Pradesh,central,23.2599,77.4126,25-34,couple,comfortable,1,2024-08-23
u0003494,mountain-walker,Odisha,east,19.8135,85.8312,55+,solo,moderate,1,2024-01-30
u0003495,beach-and-slow,Kerala,south,9.4981,76.3388,55+,couple,moderate,1,2024-06-17
u0003496,beach-and-slow,Gujarat,west,23.0225,72.5714,18-24,friends,moderate,1,2024-11-29
u0003497,heritage-seeker,Uttar Pradesh,central,25.3176,82.9739,45-54,family,moderate,3,2024-12-01
u0003498,food-first,Tamil Nadu,south,11.3494,76.7956,55+,friends,shoestring,1,2024-07-26
u0003499,family-holiday,Maharashtra,west,21.1458,79.0882,25-34,solo,moderate,2,2025-03-26
u0003500,mountain-walker,Maharashtra,west,18.5204,73.8567,35-44,family,moderate,1,2025-05-15
u0003501,pilgrim,Rajasthan,north,26.2389,73.0243,18-24,family,comfortable,19,2024-05-25
u0003502,heritage-seeker,Madhya Pradesh,central,23.2599,77.4126,25-34,friends,comfortable,1,2025-09-22
u0003503,food-first,Himachal Pradesh,north,32.2432,77.1892,25-34,friends,shoestring,2,2024-01-14
u0003504,heritage-seeker,Rajasthan,north,28.0229,73.3119,55+,family,shoestring,1,2025-01-27
u0003505,food-first,Tamil Nadu,south,13.0827,80.2707,18-24,solo,premium,2,2025-02-19
u0003506,heritage-seeker,Karnataka,south,13.3409,74.7421,25-34,couple,moderate,1,2024-06-02
u0003507,pilgrim,Uttarakhand,north,29.53,78.7747,18-24,solo,moderate,1,2025-01-26
u0003508,family-holiday,Tamil Nadu,south,10.787,79.1378,18-24,solo,moderate,2,2024-04-07
u0003509,family-holiday,Rajasthan,north,26.9157,70.9083,18-24,solo,moderate,17,2025-08-09
u0003510,heritage-seeker,Uttar Pradesh,central,26.8467,80.9462,18-24,family,comfortable,2,2025-09-21
u0003511,weekend-escaper,Madhya Pradesh,central,22.7196,75.8577,55+,family,moderate,2,2024-11-01
u0003512,family-holiday,Rajasthan,north,24.5854,73.7125,25-34,solo,shoestring,1,2025-06-17
u0003513,family-holiday,Karnataka,south,12.9141,74.856,18-24,couple,moderate,3,2024-04-25
u0003514,family-holiday,Odisha,east,19.8135,85.8312,18-24,family,premium,2,2024-11-25
u0003515,mountain-walker,Madhya Pradesh,central,23.2599,77.4126,18-24,solo,moderate,2,2025-01-16
u0003516,family-holiday,Kerala,south,11.6854,76.132,35-44,solo,comfortable,1,2025-02-08
u0003517,pilgrim,Uttarakhand,north,29.3803,79.4636,35-44,couple,premium,1,2024-08-19
u0003518,family-holiday,Bihar,east,25.1367,85.4438,18-24,friends,moderate,1,2025-04-26
u0003519,food-first,Maharashtra,west,17.9307,73.6477,25-34,couple,premium,2,2025-09-03
u0003520,food-first,Tripura,northeast,23.8315,91.2868,45-54,family,shoestring,1,2024-01-22
u0003521,pilgrim,Tamil Nadu,south,10.2381,77.4892,18-24,solo,comfortable,2,2025-05-04
u0003522,weekend-escaper,Rajasthan,north,26.9124,75.7873,55+,couple,comfortable,3,2024-04-14
u0003523,pilgrim,Sikkim,northeast,27.3314,88.6138,55+,solo,moderate,1,2025-01-01
u0003524,beach-and-slow,Rajasthan,north,26.4499,74.6399,55+,family,moderate,1,2024-05-08
u0003525,family-holiday,Uttar Pradesh,central,26.7922,82.1998,18-24,solo,moderate,4,2024-09-04
u0003526,heritage-seeker,Gujarat,west,23.7333,69.8597,25-34,couple,premium,1,2025-04-05
u0003527,family-holiday,Bihar,east,25.5941,85.1376,18-24,solo,shoestring,1,2025-09-08
u0003528,family-holiday,Himachal Pradesh,north,32.219,76.3234,25-34,family,moderate,2,2024-08-20
u0003529,family-holiday,Bihar,east,25.1367,85.4438,25-34,couple,comfortable,1,2025-04-10
u0003530,food-first,Goa,west,15.2993,74.124,45-54,friends,premium,1,2024-08-31
u0003531,family-holiday,Assam,northeast,26.1445,91.7362,45-54,solo,moderate,1,2024-10-02
u0003532,food-first,Himachal Pradesh,north,32.2432,77.1892,45-54,couple,moderate,1,2025-06-26
u0003533,family-holiday,Odisha,east,19.8876,86.0945,45-54,family,comfortable,2,2025-05-15
u0003534,heritage-seeker,Madhya Pradesh,central,23.2599,77.4126,25-34,family,moderate,202,2025-02-04
u0003535,mountain-walker,Odisha,east,19.8876,86.0945,35-44,friends,shoestring,1,2025-01-09
u0003536,weekend-escaper,West Bengal,east,27.06,88.47,18-24,friends,moderate,1,2024-05-16
u0003537,beach-and-slow,Andaman and Nicobar Islands,south,11.6234,92.7265,45-54,family,moderate,2,2024-06-29
u0003538,weekend-escaper,Tamil Nadu,south,12.6269,80.1927,25-34,couple,moderate,1,2024-07-11
u0003539,family-holiday,Jammu and Kashmir,north,34.0837,74.7973,25-34,family,shoestring,1,2024-04-09
u0003540,food-first,Andaman and Nicobar Islands,south,11.6234,92.7265,55+,family,moderate,1,2025-03-10
u0003541,mountain-walker,Meghalaya,northeast,25.5788,91.8933,18-24,solo,comfortable,2,2025-05-11
u0003542,heritage-seeker,Madhya Pradesh,central,23.1765,75.7885,45-54,friends,premium,1,2025-05-05
u0003543,family-holiday,Rajasthan,north,24.5854,73.7125,18-24,couple,shoestring,2,2025-06-18
u0003544,heritage-seeker,Nagaland,northeast,25.6751,94.11,45-54,family,moderate,44,2024-08-23
u0003545,heritage-seeker,Mizoram,northeast,23.7271,92.7176,55+,friends,comfortable,1,2024-12-21
u0003546,mountain-walker,Assam,northeast,26.5775,93.1711,18-24,family,moderate,1,2024-07-29
u0003547,heritage-seeker,Gujarat,west,22.2394,68.9678,35-44,family,shoestring,1,2024-03-16
u0003548,heritage-seeker,Uttar Pradesh,central,26.4499,80.3319,55+,friends,shoestring,2,2024-05-15
u0003549,heritage-seeker,Mizoram,northeast,23.7271,92.7176,55+,family,comfortable,3,2025-06-18
u0003550,beach-and-slow,Gujarat,west,23.7333,69.8597,18-24,solo,comfortable,1,2024-09-04
u0003551,food-first,Madhya Pradesh,central,22.7196,75.8577,18-24,friends,moderate,4,2024-01-29
u0003552,mountain-walker,Bihar,east,24.6961,84.9911,45-54,family,comfortable,5,2025-07-13
u0003553,heritage-seeker,Assam,northeast,26.95,94.17,55+,couple,moderate,3,2025-09-06
u0003554,weekend-escaper,Madhya Pradesh,central,22.7196,75.8577,55+,couple,moderate,1,2024-07-10
u0003555,mountain-walker,Karnataka,south,14.5479,74.3188,55+,couple,moderate,1,2024-05-08
u0003556,heritage-seeker,Uttar Pradesh,central,27.5806,77.7006,35-44,family,moderate,1,2025-09-22
u0003557,beach-and-slow,Rajasthan,north,26.2389,73.0243,45-54,couple,comfortable,1,2024-11-03
u0003558,food-first,Kerala,south,11.6854,76.132,18-24,friends,shoestring,12,2024-11-06
u0003559,mountain-walker,Gujarat,west,23.2156,72.6369,55+,couple,comfortable,54,2025-01-10
u0003560,pilgrim,Tamil Nadu,south,13.0827,80.2707,35-44,family,moderate,1,2025-07-14
u0003561,pilgrim,Chandigarh,north,30.7333,76.7794,35-44,family,moderate,1,2024-07-15
u0003562,pilgrim,Tamil Nadu,south,13.0827,80.2707,18-24,friends,moderate,5,2024-07-04
u0003563,food-first,Karnataka,south,12.9141,74.856,55+,solo,comfortable,1,2025-07-09
u0003564,heritage-seeker,Tamil Nadu,south,12.6269,80.1927,25-34,solo,premium,10,2025-09-16
u0003565,mountain-walker,Arunachal Pradesh,northeast,27.0844,93.6053,55+,couple,comfortable,1,2025-09-28
u0003566,weekend-escaper,Odisha,east,19.8135,85.8312,25-34,solo,comfortable,2,2024-05-03
u0003567,family-holiday,Himachal Pradesh,north,32.219,76.3234,25-34,solo,comfortable,11,2024-05-05
u0003568,beach-and-slow,Bihar,east,25.5941,85.1376,45-54,family,moderate,1,2025-03-26
u0003569,mountain-walker,Madhya Pradesh,central,23.1815,79.9864,18-24,couple,comfortable,1,2025-03-14
u0003570,heritage-seeker,Tamil Nadu,south,10.787,79.1378,18-24,solo,comfortable,1,2025-02-19
u0003571,weekend-escaper,Rajasthan,north,24.5854,73.7125,18-24,friends,premium,4,2024-03-05
u0003572,heritage-seeker,Gujarat,west,22.3072,73.1812,18-24,family,shoestring,1,2024-01-29
u0003573,food-first,Himachal Pradesh,north,32.219,76.3234,45-54,family,premium,1,2024-04-30
u0003574,food-first,Karnataka,south,15.2689,76.3909,45-54,solo,moderate,1,2024-11-24
u0003575,heritage-seeker,Himachal Pradesh,north,32.2464,78.0349,25-34,solo,moderate,1,2024-09-02
u0003576,weekend-escaper,Assam,northeast,26.95,94.17,35-44,friends,comfortable,1,2024-03-01
u0003577,mountain-walker,Rajasthan,north,26.9157,70.9083,25-34,friends,comfortable,1,2025-05-09
u0003578,heritage-seeker,Uttarakhand,north,30.4598,78.0644,55+,solo,moderate,1,2024-08-28
u0003579,weekend-escaper,Maharashtra,west,18.5204,73.8567,25-34,couple,moderate,1,2024-04-02
u0003580,beach-and-slow,Karnataka,south,15.335,76.46,35-44,family,premium,3,2024-11-19
u0003581,food-first,Karnataka,south,13.3161,75.772,35-44,family,comfortable,2,2024-08-24
u0003582,food-first,Maharashtra,west,18.5204,73.8567,18-24,solo,premium,1,2025-02-19
u0003583,family-holiday,Karnataka,south,15.335,76.46,25-34,solo,comfortable,3,2025-07-14
u0003584,beach-and-slow,Andaman and Nicobar Islands,south,11.6234,92.7265,55+,couple,moderate,1,2024-10-24
u0003585,mountain-walker,Madhya Pradesh,central,23.1765,75.7885,45-54,couple,premium,4,2024-10-13
u0003586,mountain-walker,Maharashtra,west,19.076,72.8777,55+,couple,moderate,1,2024-12-15
u0003587,beach-and-slow,Tamil Nadu,south,10.787,79.1378,35-44,solo,comfortable,7,2025-03-21
u0003588,weekend-escaper,Bihar,east,25.5941,85.1376,25-34,couple,shoestring,1,2024-09-19
u0003589,food-first,Odisha,east,19.8135,85.8312,45-54,family,moderate,1,2025-05-22
u0003590,family-holiday,Uttar Pradesh,central,26.8467,80.9462,18-24,friends,moderate,2,2025-05-07
u0003591,mountain-walker,Tamil Nadu,south,11.3494,76.7956,25-34,solo,shoestring,9,2024-05-23
u0003592,heritage-seeker,West Bengal,east,27.06,88.47,45-54,solo,premium,3,2024-11-15
u0003593,heritage-seeker,Karnataka,south,15.2689,76.3909,25-34,couple,premium,3,2024-01-02
u0003594,weekend-escaper,Gujarat,west,22.2394,68.9678,25-34,family,moderate,1,2025-08-26
u0003595,mountain-walker,Gujarat,west,22.2394,68.9678,45-54,family,shoestring,1,2024-11-13
u0003596,mountain-walker,Tamil Nadu,south,9.9252,78.1198,35-44,friends,moderate,1,2024-02-20
u0003597,mountain-walker,Maharashtra,west,19.076,72.8777,55+,friends,comfortable,1,2025-09-06
u0003598,pilgrim,Uttarakhand,north,27.4924,77.6737,55+,friends,moderate,3,2025-05-25
u0003599,family-holiday,Tamil Nadu,south,11.4102,76.695,55+,couple,moderate,4,2025-03-04
u0003600,food-first,Madhya Pradesh,central,23.4794,77.7392,18-24,solo,shoestring,1,2025-02-17
u0003601,heritage-seeker,Uttar Pradesh,central,26.8467,80.9462,45-54,family,shoestring,1,2025-06-27
u0003602,food-first,Karnataka,south,13.3409,74.7421,18-24,couple,premium,1,2024-04-20
u0003603,pilgrim,West Bengal,east,27.041,88.2663,55+,friends,comfortable,1,2024-06-07
u0003604,food-first,Madhya Pradesh,central,22.7196,75.8577,35-44,family,moderate,1,2024-11-04
u0003605,heritage-seeker,Gujarat,west,22.3072,73.1812,18-24,couple,premium,6,2024-01-20
u0003606,mountain-walker,Jammu and Kashmir,north,32.7266,74.857,45-54,family,shoestring,1,2025-07-30
u0003607,weekend-escaper,Arunachal Pradesh,northeast,27.0844,93.6053,25-34,friends,comfortable,2,2024-12-03
u0003608,mountain-walker,Uttar Pradesh,central,26.8467,80.9462,35-44,solo,moderate,1,2024-09-05
u0003609,weekend-escaper,Himachal Pradesh,north,32.219,76.3234,45-54,family,moderate,11,2025-02-22
u0003610,weekend-escaper,Rajasthan,north,28.0229,73.3119,25-34,solo,moderate,1,2024-02-28
u0003611,weekend-escaper,Karnataka,south,12.9716,77.5946,45-54,couple,moderate,2,2024-02-20
u0003612,mountain-walker,Karnataka,south,15.335,76.46,18-24,couple,moderate,2,2024-08-11
u0003613,pilgrim,Maharashtra,west,19.8762,75.3433,25-34,friends,shoestring,8,2025-08-12
u0003614,weekend-escaper,Karnataka,south,15.2689,76.3909,25-34,solo,comfortable,46,2024-02-29
u0003615,beach-and-slow,Karnataka,south,15.335,76.46,18-24,solo,premium,1,2025-03-31
u0003616,beach-and-slow,Rajasthan,north,24.8887,74.6269,55+,family,moderate,2,2025-01-20
u0003617,heritage-seeker,Tripura,northeast,23.8315,91.2868,25-34,family,comfortable,1,2024-09-14
u0003618,mountain-walker,Uttarakhand,north,30.0869,78.2676,45-54,family,moderate,1,2025-05-30
u0003619,mountain-walker,Sikkim,northeast,27.3314,88.6138,18-24,family,premium,1,2025-09-11
u0003620,weekend-escaper,Karnataka,south,15.335,76.46,25-34,friends,moderate,3,2025-07-23
u0003621,food-first,Telangana,south,17.385,78.4867,55+,solo,shoestring,1,2025-01-26
u0003622,pilgrim,Tamil Nadu,south,11.4102,76.695,45-54,family,comfortable,1,2024-04-01
u0003623,food-first,Bihar,east,25.5941,85.1376,55+,couple,moderate,1,2024-10-22
u0003624,weekend-escaper,Rajasthan,north,24.8887,74.6269,45-54,couple,moderate,1,2024-11-06
u0003625,food-first,Gujarat,west,23.0225,72.5714,45-54,solo,comfortable,1,2024-06-14
u0003626,heritage-seeker,Sikkim,northeast,27.3314,88.6138,45-54,family,moderate,1,2024-04-11
u0003627,weekend-escaper,Odisha,east,20.2961,85.8245,45-54,friends,comfortable,1,2025-05-24
u0003628,heritage-seeker,Kerala,south,9.4981,76.3388,35-44,couple,shoestring,1,2024-12-29
u0003629,family-holiday,Kerala,south,8.4004,76.9784,25-34,family,shoestring,2,2025-01-03
u0003630,beach-and-slow,Uttarakhand,north,29.3803,79.4636,18-24,family,comfortable,3,2024-01-25
u0003631,family-holiday,Kerala,south,8.4004,76.9784,25-34,couple,moderate,1,2025-04-15
u0003632,heritage-seeker,Chandigarh,north,30.7333,76.7794,55+,family,comfortable,2,2024-03-14
u0003633,beach-and-slow,Karnataka,south,13.3409,74.7421,35-44,couple,premium,2,2024-03-28
u0003634,food-first,Kerala,south,11.6854,76.132,55+,family,comfortable,1,2025-04-14
u0003635,heritage-seeker,Himachal Pradesh,north,32.2464,78.0349,18-24,couple,shoestring,1,2025-05-24
u0003636,food-first,West Bengal,east,21.627,87.509,18-24,couple,moderate,8,2024-04-06
u0003637,heritage-seeker,Bihar,east,25.1367,85.4438,35-44,couple,moderate,1,2025-07-28
u0003638,weekend-escaper,Bihar,east,24.6961,84.9911,55+,couple,shoestring,2,2025-07-15
u0003639,beach-and-slow,Uttar Pradesh,central,26.4499,80.3319,35-44,couple,shoestring,1,2024-07-26
u0003640,heritage-seeker,Rajasthan,north,26.9124,75.7873,25-34,solo,shoestring,1,2024-06-29
u0003641,beach-and-slow,Uttarakhand,north,29.53,78.7747,35-44,friends,comfortable,1,2024-01-03
u0003642,weekend-escaper,West Bengal,east,21.627,87.509,18-24,friends,shoestring,6,2025-02-13
u0003643,family-holiday,Uttar Pradesh,central,27.1767,78.0081,18-24,couple,comfortable,1,2024-03-12
u0003644,beach-and-slow,Tamil Nadu,south,12.6269,80.1927,45-54,family,moderate,1,2025-04-01
u0003645,beach-and-slow,Andaman and Nicobar Islands,south,11.6234,92.7265,35-44,friends,comfortable,9,2025-04-07
u0003646,family-holiday,Jammu and Kashmir,north,34.0837,74.7973,45-54,solo,shoestring,1,2025-03-17
u0003647,heritage-seeker,Madhya Pradesh,central,22.7196,75.8577,55+,family,shoestring,7,2025-01-02
u0003648,beach-and-slow,Manipur,northeast,24.817,93.9368,55+,couple,comfortable,1,2024-07-22
u0003649,family-holiday,Madhya Pradesh,central,22.7196,75.8577,25-34,solo,shoestring,1,2025-08-11
u0003650,heritage-seeker,Bihar,east,25.1367,85.4438,18-24,solo,moderate,1,2025-09-17
u0003651,food-first,Rajasthan,north,24.5926,72.7156,25-34,solo,comfortable,7,2024-01-30
u0003652,beach-and-slow,Madhya Pradesh,central,23.1765,75.7885,45-54,couple,comfortable,3,2024-08-02
u0003653,family-holiday,Kerala,south,8.4004,76.9784,45-54,couple,comfortable,3,2024-06-12
u0003654,pilgrim,Uttarakhand,north,29.9457,78.1642,25-34,solo,moderate,1,2024-04-01
u0003655,family-holiday,Gujarat,west,23.7333,69.8597,35-44,friends,moderate,1,2025-08-29
u0003656,pilgrim,Uttar Pradesh,central,27.1767,78.0081,18-24,solo,shoestring,1,2024-02-13
u0003657,heritage-seeker,West Bengal,east,21.627,87.509,55+,family,comfortable,1,2024-07-01
u0003658,family-holiday,Delhi,north,28.6139,77.209,55+,solo,moderate,1,2025-07-15
u0003659,heritage-seeker,Rajasthan,north,26.838,70.9,25-34,friends,premium,1,2024-07-17
u0003660,heritage-seeker,Tamil Nadu,south,10.787,79.1378,55+,family,comfortable,1,2025-06-07
u0003661,food-first,Gujarat,west,23.7333,69.8597,55+,couple,shoestring,1,2024-05-16
u0003662,weekend-escaper,Madhya Pradesh,central,23.4794,77.7392,25-34,couple,premium,1,2024-10-09
u0003663,mountain-walker,Kerala,south,9.4981,76.3388,18-24,friends,premium,4,2024-07-16
u0003664,heritage-seeker,Gujarat,west,21.1702,72.8311,25-34,solo,moderate,1,2024-06-14
u0003665,family-holiday,Bihar,east,24.6961,84.9911,45-54,friends,moderate,1,2024-09-09
u0003666,beach-and-slow,Maharashtra,west,19.8762,75.3433,18-24,friends,moderate,1,2024-05-10
u0003667,mountain-walker,Uttarakhand,north,30.4598,78.0644,25-34,family,moderate,1,2024-12-30
u0003668,pilgrim,Kerala,south,8.5241,76.9366,25-34,solo,moderate,2,2024-10-18
u0003669,beach-and-slow,Arunachal Pradesh,northeast,27.586,91.859,18-24,friends,comfortable,2,2025-04-21
u0003670,heritage-seeker,Jammu and Kashmir,north,32.7266,74.857,18-24,couple,premium,2,2024-05-22
u0003671,food-first,Ladakh,north,34.6868,77.5619,55+,couple,comfortable,8,2025-07-10
u0003672,family-holiday,Rajasthan,north,26.9124,75.7873,25-34,family,premium,1,2025-03-11
u0003673,weekend-escaper,West Bengal,east,21.627,87.509,35-44,solo,premium,1,2024-05-08
u0003674,family-holiday,Tamil Nadu,south,9.9252,78.1198,25-34,solo,moderate,1,2025-01-07
u0003675,family-holiday,Rajasthan,north,26.4499,74.6399,55+,family,moderate,2,2024-07-19
u0003676,weekend-escaper,Karnataka,south,13.3409,74.7421,55+,friends,moderate,12,2024-05-28
u0003677,family-holiday,Sikkim,northeast,27.3,88.24,18-24,solo,moderate,26,2024-10-17
u0003678,family-holiday,Madhya Pradesh,central,23.2599,77.4126,25-34,family,comfortable,1,2025-04-09
u0003679,weekend-escaper,Kerala,south,11.2588,75.7804,45-54,friends,moderate,2,2025-01-18
u0003680,heritage-seeker,Uttarakhand,north,27.4924,77.6737,55+,family,moderate,1,2024-08-30
u0003681,food-first,Sikkim,northeast,27.3,88.24,35-44,couple,comfortable,2,2024-04-13
u0003682,pilgrim,Punjab,north,31.634,74.8723,18-24,solo,comfortable,2,2025-02-25
u0003683,beach-and-slow,Madhya Pradesh,central,24.8318,79.9199,18-24,family,moderate,2,2024-11-05
u0003684,mountain-walker,West Bengal,east,21.627,87.509,55+,solo,premium,1,2025-07-13
u0003685,pilgrim,Ladakh,north,34.6868,77.5619,45-54,couple,shoestring,1,2025-06-02
u0003686,heritage-seeker,Tamil Nadu,south,9.9252,78.1198,35-44,friends,shoestring,5,2025-03-21
u0003687,family-holiday,Ladakh,north,34.1526,77.5771,18-24,friends,moderate,1,2024-05-28
u0003688,beach-and-slow,Rajasthan,north,26.4499,74.6399,35-44,couple,comfortable,1,2024-05-27
u0003689,food-first,Tamil Nadu,south,11.3494,76.7956,25-34,family,moderate,54,2025-02-21
u0003690,weekend-escaper,Meghalaya,northeast,25.27,91.732,35-44,couple,comfortable,2,2024-10-10
u0003691,food-first,Maharashtra,west,18.6414,72.8722,45-54,friends,moderate,1,2024-12-01
u0003692,family-holiday,Tamil Nadu,south,8.0883,77.5385,25-34,solo,comfortable,2,2025-03-25
u0003693,heritage-seeker,Assam,northeast,26.1445,91.7362,18-24,solo,comfortable,3,2024-01-11
u0003694,pilgrim,Assam,northeast,26.5775,93.1711,45-54,couple,moderate,1,2024-10-04
u0003695,family-holiday,Goa,west,15.2993,74.124,35-44,couple,moderate,2,2025-07-24
u0003696,food-first,Chandigarh,north,30.7333,76.7794,25-34,family,moderate,1,2024-02-05
u0003697,beach-and-slow,Andaman and Nicobar Islands,south,11.6234,92.7265,55+,couple,moderate,2,2025-04-11
u0003698,mountain-walker,Goa,west,15.4909,73.8278,55+,family,moderate,1,2025-04-07
u0003699,mountain-walker,Uttar Pradesh,central,26.8467,80.9462,25-34,friends,comfortable,2,2024-07-11
u0003700,weekend-escaper,Jharkhand,east,23.3441,85.3096,25-34,couple,comfortable,1,2024-07-19
u0003701,family-holiday,Rajasthan,north,24.5854,73.7125,55+,family,moderate,11,2024-10-26
u0003702,family-holiday,Madhya Pradesh,central,22.7196,75.8577,18-24,family,comfortable,2,2024-11-27
u0003703,weekend-escaper,Rajasthan,north,24.8887,74.6269,55+,couple,moderate,1,2025-01-05
u0003704,beach-and-slow,Karnataka,south,12.9716,77.5946,35-44,couple,moderate,17,2024-07-22
u0003705,beach-and-slow,Uttar Pradesh,central,25.3176,82.9739,55+,family,moderate,1,2024-07-10
u0003706,weekend-escaper,Madhya Pradesh,central,22.7196,75.8577,45-54,solo,shoestring,3,2024-03-07
u0003707,beach-and-slow,Rajasthan,north,26.9157,70.9083,35-44,friends,moderate,3,2025-04-21
u0003708,heritage-seeker,Kerala,south,9.9312,76.2673,45-54,friends,moderate,1,2025-06-03
u0003709,mountain-walker,Karnataka,south,12.9141,74.856,35-44,family,comfortable,1,2025-03-07
u0003710,pilgrim,Karnataka,south,12.2958,76.6394,55+,family,moderate,1,2025-03-06
u0003711,heritage-seeker,Uttar Pradesh,central,25.3176,82.9739,55+,couple,comfortable,1,2024-05-20
u0003712,weekend-escaper,Jammu and Kashmir,north,32.7266,74.857,45-54,family,moderate,2,2025-07-14
u0003713,heritage-seeker,Jammu and Kashmir,north,34.0837,74.7973,25-34,couple,shoestring,1,2025-02-20
u0003714,heritage-seeker,Rajasthan,north,24.5854,73.7125,18-24,family,moderate,1,2024-12-26
u0003715,weekend-escaper,Rajasthan,north,24.5926,72.7156,25-34,couple,shoestring,4,2025-03-22
u0003716,food-first,Maharashtra,west,19.9975,73.7898,25-34,couple,moderate,1,2024-04-24
u0003717,mountain-walker,Tamil Nadu,south,11.0168,76.9558,25-34,friends,comfortable,1,2024-09-23
u0003718,heritage-seeker,Assam,northeast,26.5775,93.1711,18-24,couple,shoestring,1,2024-05-04
u0003719,family-holiday,Rajasthan,north,26.9124,75.7873,25-34,friends,moderate,1,2024-07-05
u0003720,mountain-walker,Uttar Pradesh,central,25.4358,81.8463,25-34,couple,comfortable,2,2025-03-31
u0003721,heritage-seeker,Sikkim,northeast,27.3,88.24,25-34,solo,moderate,5,2024-03-20
u0003722,food-first,Puducherry,south,11.9416,79.8083,55+,friends,comfortable,1,2025-06-27
u0003723,mountain-walker,Madhya Pradesh,central,22.7196,75.8577,45-54,family,comfortable,2,2025-06-10
u0003724,family-holiday,Kerala,south,9.4981,76.3388,18-24,friends,comfortable,2,2024-01-22
u0003725,beach-and-slow,Karnataka,south,15.335,76.46,35-44,family,moderate,2,2024-11-12
u0003726,mountain-walker,Gujarat,west,22.2394,68.9678,25-34,solo,comfortable,2,2024-09-03
u0003727,food-first,Tamil Nadu,south,10.787,79.1378,18-24,family,moderate,1,2025-07-31
u0003728,food-first,Chhattisgarh,central,21.2514,81.6296,55+,family,premium,4,2024-05-14
u0003729,family-holiday,West Bengal,east,27.041,88.2663,45-54,couple,moderate,1,2024-09-18
u0003730,pilgrim,Sikkim,northeast,27.3,88.24,18-24,solo,moderate,1,2024-04-04
u0003731,heritage-seeker,Tamil Nadu,south,10.2381,77.4892,55+,friends,comfortable,1,2025-08-03
u0003732,pilgrim,Bihar,east,24.6961,84.9911,18-24,solo,moderate,5,2024-09-21
u0003733,mountain-walker,Tamil Nadu,south,13.0827,80.2707,55+,couple,comfortable,4,2025-05-14
u0003734,food-first,Andhra Pradesh,south,16.5062,80.648,25-34,friends,shoestring,1,2025-06-09
u0003735,weekend-escaper,Tamil Nadu,south,8.0883,77.5385,45-54,couple,premium,1,2024-02-19
u0003736,weekend-escaper,Madhya Pradesh,central,23.2599,77.4126,35-44,couple,comfortable,1,2025-03-25
u0003737,heritage-seeker,Puducherry,south,11.9416,79.8083,55+,couple,comfortable,2,2025-09-15
u0003738,food-first,Himachal Pradesh,north,32.01,77.3152,45-54,solo,comfortable,2,2025-01-05
u0003739,mountain-walker,Tripura,northeast,23.8315,91.2868,55+,family,moderate,1,2025-02-24
u0003740,food-first,Madhya Pradesh,central,23.1815,79.9864,18-24,solo,moderate,1,2025-04-14
u0003741,pilgrim,Himachal Pradesh,north,32.219,76.3234,35-44,couple,shoestring,1,2025-07-28
u0003742,weekend-escaper,Madhya Pradesh,central,23.2599,77.4126,45-54,couple,shoestring,15,2024-03-03
u0003743,heritage-seeker,Himachal Pradesh,north,32.2432,77.1892,25-34,couple,comfortable,1,2025-01-07
u0003744,food-first,Chandigarh,north,30.7333,76.7794,35-44,solo,moderate,1,2024-10-08
u0003745,pilgrim,Puducherry,south,11.9416,79.8083,55+,friends,moderate,2,2025-03-13
u0003746,weekend-escaper,Nagaland,northeast,25.6751,94.11,55+,family,moderate,1,2024-05-29
u0003747,mountain-walker,Arunachal Pradesh,northeast,27.586,91.859,25-34,couple,comfortable,1,2024-08-22
u0003748,pilgrim,Karnataka,south,12.2958,76.6394,35-44,family,shoestring,1,2024-07-06
u0003749,heritage-seeker,West Bengal,east,21.627,87.509,25-34,family,moderate,1,2024-07-13
u0003750,heritage-seeker,Ladakh,north,34.6868,77.5619,25-34,couple,comfortable,1,2024-06-13
u0003751,weekend-escaper,West Bengal,east,27.041,88.2663,45-54,family,comfortable,1,2025-02-04
u0003752,food-first,Bihar,east,25.1367,85.4438,35-44,couple,premium,1,2025-04-01
u0003753,beach-and-slow,Uttar Pradesh,central,27.5806,77.7006,18-24,solo,moderate,1,2025-04-28
u0003754,heritage-seeker,Maharashtra,west,18.6414,72.8722,18-24,family,moderate,1,2024-05-19
u0003755,family-holiday,Rajasthan,north,26.838,70.9,55+,family,moderate,19,2024-01-11
u0003756,heritage-seeker,Uttarakhand,north,30.4598,78.0644,55+,couple,comfortable,2,2024-10-19
u0003757,weekend-escaper,Tripura,northeast,23.8315,91.2868,45-54,couple,premium,1,2024-02-11
u0003758,weekend-escaper,Uttar Pradesh,central,25.3176,82.9739,25-34,solo,moderate,1,2024-12-25
u0003759,family-holiday,Karnataka,south,12.3375,75.8069,18-24,family,comfortable,1,2025-08-20
u0003760,family-holiday,West Bengal,east,26.7271,88.3953,45-54,solo,moderate,1,2024-01-16
u0003761,mountain-walker,Tamil Nadu,south,12.6269,80.1927,55+,friends,comfortable,20,2024-03-07
u0003762,pilgrim,Andhra Pradesh,south,16.5062,80.648,25-34,solo,moderate,1,2024-01-30
u0003763,pilgrim,Karnataka,south,12.9141,74.856,25-34,family,shoestring,3,2024-05-16
u0003764,food-first,Uttar Pradesh,central,27.1767,78.0081,35-44,couple,shoestring,1,2025-02-24
u0003765,food-first,Kerala,south,8.5241,76.9366,45-54,couple,comfortable,3,2025-01-30
u0003766,food-first,Kerala,south,9.5916,77.1603,35-44,couple,moderate,1,2024-09-30
u0003767,heritage-seeker,Himachal Pradesh,north,32.5387,75.9707,55+,couple,moderate,1,2025-04-28
u0003768,weekend-escaper,Maharashtra,west,19.7645,74.4762,18-24,family,comfortable,3,2025-08-23
u0003769,beach-and-slow,Meghalaya,northeast,25.27,91.732,55+,couple,moderate,1,2025-05-11
u0003770,weekend-escaper,Maharashtra,west,19.7645,74.4762,55+,solo,moderate,2,2024-03-02
u0003771,family-holiday,Kerala,south,9.4981,76.3388,55+,friends,moderate,1,2024-08-12
u0003772,weekend-escaper,Kerala,south,8.7379,76.7163,55+,family,comfortable,1,2025-08-06
u0003773,heritage-seeker,Andhra Pradesh,south,13.6288,79.4192,55+,solo,shoestring,3,2024-04-15
u0003774,food-first,Gujarat,west,22.3072,73.1812,25-34,solo,comfortable,1,2025-07-14
u0003775,family-holiday,Rajasthan,north,25.4305,75.6499,35-44,couple,shoestring,2,2025-09-13
u0003776,family-holiday,Uttarakhand,north,30.3165,78.0322,25-34,family,comfortable,1,2024-10-10
u0003777,food-first,Karnataka,south,12.9716,77.5946,55+,friends,moderate,2,2025-07-15
u0003778,pilgrim,Sikkim,northeast,27.3314,88.6138,25-34,friends,moderate,3,2024-05-22
u0003779,weekend-escaper,Goa,west,15.4909,73.8278,18-24,family,moderate,1,2024-02-04
u0003780,weekend-escaper,Delhi,north,28.6139,77.209,55+,friends,moderate,5,2024-02-27
u0003781,mountain-walker,Telangana,south,17.385,78.4867,55+,couple,comfortable,1,2024-03-09
u0003782,pilgrim,Uttarakhand,north,29.9457,78.1642,55+,family,moderate,15,2025-05-09
u0003783,family-holiday,West Bengal,east,27.06,88.47,25-34,solo,premium,4,2025-05-24
u0003784,heritage-seeker,Uttar Pradesh,central,26.7922,82.1998,35-44,friends,moderate,1,2024-07-18
u0003785,weekend-escaper,Madhya Pradesh,central,24.8318,79.9199,18-24,couple,comfortable,1,2024-03-17
u0003786,pilgrim,Kerala,south,9.9312,76.2673,35-44,solo,shoestring,1,2025-02-25
u0003787,pilgrim,Rajasthan,north,26.9157,70.9083,35-44,friends,moderate,10,2024-09-28
u0003788,family-holiday,Rajasthan,north,26.9157,70.9083,45-54,couple,premium,1,2025-04-28
u0003789,family-holiday,Karnataka,south,12.3375,75.8069,25-34,solo,comfortable,1,2024-01-16
u0003790,heritage-seeker,Kerala,south,8.4004,76.9784,18-24,family,comfortable,4,2024-02-18
u0003791,beach-and-slow,Kerala,south,9.9312,76.2673,55+,couple,shoestring,1,2024-07-09
u0003792,food-first,Chandigarh,north,30.7333,76.7794,18-24,solo,shoestring,2,2024-01-12
u0003793,heritage-seeker,Meghalaya,northeast,25.5788,91.8933,55+,family,premium,2,2024-05-18
u0003794,food-first,Jammu and Kashmir,north,32.7266,74.857,45-54,friends,moderate,1,2024-02-05
u0003795,heritage-seeker,Tamil Nadu,south,10.787,79.1378,45-54,friends,moderate,1,2025-05-23
u0003796,heritage-seeker,Kerala,south,9.5916,77.1603,35-44,family,comfortable,33,2025-04-06
u0003797,pilgrim,Andhra Pradesh,south,17.6868,83.2185,35-44,solo,premium,1,2025-09-07
u0003798,food-first,Uttarakhand,north,29.9457,78.1642,35-44,couple,shoestring,3,2024-06-03
u0003799,beach-and-slow,Rajasthan,north,26.4499,74.6399,35-44,family,shoestring,4,2025-09-29
u0003800,heritage-seeker,Karnataka,south,13.3161,75.772,18-24,couple,shoestring,1,2024-05-05
u0003801,food-first,Gujarat,west,21.1702,72.8311,35-44,solo,comfortable,3,2024-07-18
u0003802,heritage-seeker,West Bengal,east,22.5726,88.3639,55+,solo,comfortable,2,2024-12-24
u0003803,mountain-walker,Gujarat,west,20.888,70.401,35-44,solo,moderate,4,2024-05-26
u0003804,food-first,Gujarat,west,21.1702,72.8311,35-44,solo,premium,1,2025-03-21
u0003805,weekend-escaper,Assam,northeast,26.95,94.17,45-54,solo,moderate,1,2024-06-17
u0003806,beach-and-slow,Andhra Pradesh,south,17.6868,83.2185,45-54,couple,comfortable,1,2025-09-21
u0003807,food-first,Telangana,south,17.385,78.4867,35-44,couple,shoestring,1,2025-05-08
u0003808,mountain-walker,Uttar Pradesh,central,26.4499,80.3319,55+,family,moderate,3,2024-01-26
u0003809,heritage-seeker,Assam,northeast,26.95,94.17,25-34,solo,shoestring,1,2024-04-20
u0003810,family-holiday,Assam,northeast,26.1445,91.7362,55+,family,moderate,1,2024-03-30
u0003811,heritage-seeker,Tamil Nadu,south,11.4102,76.695,25-34,solo,comfortable,3,2024-01-31
u0003812,heritage-seeker,Madhya Pradesh,central,24.8318,79.9199,25-34,family,moderate,1,2024-02-24
u0003813,pilgrim,Tripura,northeast,23.8315,91.2868,25-34,solo,shoestring,1,2025-09-16
u0003814,food-first,Maharashtra,west,19.8762,75.3433,35-44,friends,comfortable,1,2024-04-03
u0003815,food-first,Rajasthan,north,26.9124,75.7873,55+,solo,shoestring,1,2024-07-26
u0003816,beach-and-slow,Maharashtra,west,19.076,72.8777,45-54,couple,moderate,4,2024-12-11
u0003817,heritage-seeker,Kerala,south,8.7379,76.7163,45-54,couple,shoestring,2,2024-06-23
u0003818,family-holiday,Manipur,northeast,24.817,93.9368,18-24,solo,shoestring,3,2024-03-07
u0003819,weekend-escaper,Jammu and Kashmir,north,32.7266,74.857,45-54,family,moderate,2,2024-05-15
u0003820,food-first,Maharashtra,west,19.7645,74.4762,45-54,family,shoestring,1,2025-06-05
u0003821,beach-and-slow,Bihar,east,25.5941,85.1376,55+,couple,moderate,4,2025-09-17
u0003822,weekend-escaper,Tripura,northeast,23.8315,91.2868,25-34,couple,premium,1,2024-08-02
u0003823,pilgrim,Karnataka,south,14.5479,74.3188,25-34,couple,premium,1,2024-07-20
u0003824,mountain-walker,Goa,west,15.4909,73.8278,35-44,couple,moderate,1,2024-09-22
u0003825,food-first,Uttarakhand,north,30.529,79.5666,35-44,couple,shoestring,8,2025-09-05
u0003826,food-first,Meghalaya,northeast,25.5788,91.8933,18-24,solo,shoestring,1,2025-07-13
u0003827,family-holiday,Telangana,south,17.385,78.4867,55+,couple,premium,3,2025-01-17
u0003828,food-first,Uttarakhand,north,29.3803,79.4636,45-54,couple,shoestring,1,2025-09-03
u0003829,pilgrim,Delhi,north,28.6139,77.209,25-34,friends,comfortable,3,2025-01-08
u0003830,pilgrim,Himachal Pradesh,north,32.01,77.3152,25-34,solo,shoestring,2,2024-06-10
u0003831,weekend-escaper,Madhya Pradesh,central,23.4794,77.7392,35-44,friends,premium,1,2024-05-03
u0003832,mountain-walker,Puducherry,south,11.9416,79.8083,45-54,solo,shoestring,1,2025-09-15
u0003833,family-holiday,Uttar Pradesh,central,26.7922,82.1998,18-24,solo,moderate,1,2025-07-25
u0003834,weekend-escaper,Kerala,south,8.5241,76.9366,18-24,family,comfortable,1,2024-12-29
u0003835,heritage-seeker,Karnataka,south,15.2689,76.3909,25-34,family,comfortable,1,2024-10-20
u0003836,pilgrim,Punjab,north,31.634,74.8723,55+,couple,moderate,1,2025-08-05
u0003837,pilgrim,Himachal Pradesh,north,32.219,76.3234,35-44,solo,shoestring,1,2024-03-11
u0003838,pilgrim,Madhya Pradesh,central,23.2599,77.4126,35-44,family,moderate,1,2025-04-04
u0003839,mountain-walker,Madhya Pradesh,central,22.7196,75.8577,55+,friends,shoestring,2,2024-07-22
u0003840,pilgrim,Maharashtra,west,19.076,72.8777,25-34,friends,shoestring,1,2025-03-20
u0003841,food-first,West Bengal,east,27.041,88.2663,35-44,friends,moderate,4,2025-03-15
u0003842,pilgrim,Tamil Nadu,south,13.0827,80.2707,25-34,solo,moderate,2,2025-04-19
u0003843,mountain-walker,Kerala,south,9.5916,77.1603,18-24,family,moderate,1,2024-03-30
u0003844,beach-and-slow,Rajasthan,north,24.5926,72.7156,35-44,couple,comfortable,1,2024-05-07
u0003845,heritage-seeker,Uttar Pradesh,central,25.3176,82.9739,45-54,couple,comfortable,1,2025-09-25
u0003846,weekend-escaper,Gujarat,west,21.1702,72.8311,55+,family,comfortable,3,2024-11-07
u0003847,family-holiday,Uttar Pradesh,central,27.5806,77.7006,55+,couple,shoestring,1,2024-08-02
u0003848,food-first,West Bengal,east,22.5726,88.3639,18-24,solo,moderate,1,2024-04-12
u0003849,beach-and-slow,Tamil Nadu,south,11.4102,76.695,55+,couple,comfortable,2,2025-05-08
u0003850,family-holiday,Uttarakhand,north,30.3165,78.0322,18-24,family,moderate,1,2024-12-13
u0003851,family-holiday,Sikkim,northeast,27.3,88.24,35-44,family,shoestring,1,2024-12-18
u0003852,food-first,Meghalaya,northeast,25.27,91.732,55+,family,moderate,1,2024-09-29
u0003853,beach-and-slow,Karnataka,south,12.2958,76.6394,25-34,couple,moderate,1,2024-12-22
u0003854,family-holiday,Assam,northeast,26.5775,93.1711,55+,solo,shoestring,2,2024-01-25
u0003855,pilgrim,Tamil Nadu,south,11.0168,76.9558,25-34,couple,moderate,1,2025-09-30
u0003856,food-first,Chhattisgarh,central,21.2514,81.6296,35-44,solo,premium,2,2024-02-22
u0003857,pilgrim,Andhra Pradesh,south,17.6868,83.2185,25-34,solo,comfortable,1,2024-08-02
u0003858,pilgrim,Tamil Nadu,south,11.0168,76.9558,45-54,solo,moderate,3,2024-09-06
u0003859,family-holiday,Karnataka,south,15.2689,76.3909,45-54,solo,comfortable,1,2024-11-10
u0003860,weekend-escaper,Punjab,north,31.634,74.8723,35-44,solo,premium,3,2024-09-30
u0003861,food-first,Kerala,south,9.4981,76.3388,35-44,solo,premium,1,2024-08-31
u0003862,food-first,Andhra Pradesh,south,17.6868,83.2185,45-54,couple,moderate,1,2025-08-19
u0003863,family-holiday,Tamil Nadu,south,10.7905,78.7047,55+,solo,moderate,1,2024-06-26
u0003864,heritage-seeker,Puducherry,south,11.9416,79.8083,45-54,friends,comfortable,1,2025-07-11
u0003865,family-holiday,Kerala,south,9.9312,76.2673,25-34,solo,moderate,1,2024-06-07
u0003866,weekend-escaper,Rajasthan,north,26.4499,74.6399,35-44,friends,shoestring,1,2024-04-30
u0003867,heritage-seeker,Karnataka,south,13.3409,74.7421,45-54,couple,comfortable,8,2025-04-21
u0003868,heritage-seeker,Tamil Nadu,south,11.4102,76.695,55+,couple,moderate,1,2024-12-26
u0003869,food-first,Madhya Pradesh,central,25.3518,78.6417,18-24,family,moderate,3,2024-10-04
u0003870,heritage-seeker,Andhra Pradesh,south,13.6288,79.4192,45-54,family,moderate,4,2024-02-18
u0003871,beach-and-slow,Himachal Pradesh,north,32.2464,78.0349,25-34,couple,premium,1,2024-05-16
u0003872,heritage-seeker,Rajasthan,north,26.4499,74.6399,18-24,family,premium,11,2025-02-18
u0003873,family-holiday,Rajasthan,north,24.8887,74.6269,45-54,family,moderate,1,2025-04-12
u0003874,weekend-escaper,Uttarakhand,north,30.0869,78.2676,35-44,solo,premium,29,2024-11-15
u0003875,heritage-seeker,Karnataka,south,12.9141,74.856,18-24,friends,comfortable,1,2025-04-22
u0003876,mountain-walker,Uttar Pradesh,central,26.8467,80.9462,55+,friends,premium,2,2024-04-01
u0003877,mountain-walker,Karnataka,south,15.2689,76.3909,18-24,friends,moderate,1,2025-06-30
u0003878,food-first,Mizoram,northeast,23.7271,92.7176,25-34,family,moderate,4,2025-06-12
u0003879,food-first,Andhra Pradesh,south,13.6288,79.4192,55+,solo,shoestring,1,2025-01-21
u0003880,heritage-seeker,Maharashtra,west,21.1458,79.0882,35-44,family,moderate,1,2024-10-08
u0003881,heritage-seeker,Odisha,east,19.8876,86.0945,25-34,family,shoestring,2,2024-02-03
u0003882,weekend-escaper,Karnataka,south,12.9141,74.856,25-34,family,shoestring,4,2024-04-17
u0003883,family-holiday,Uttarakhand,north,29.9457,78.1642,18-24,family,comfortable,2,2024-01-15
u0003884,pilgrim,Rajasthan,north,24.5854,73.7125,55+,couple,shoestring,1,2025-01-31
u0003885,beach-and-slow,Assam,northeast,26.5775,93.1711,25-34,solo,shoestring,1,2025-01-05
u0003886,heritage-seeker,Sikkim,northeast,27.3314,88.6138,18-24,solo,premium,1,2024-01-22
u0003887,mountain-walker,West Bengal,east,27.06,88.47,45-54,family,shoestring,1,2025-02-18
u0003888,mountain-walker,Tamil Nadu,south,9.9252,78.1198,18-24,family,moderate,1,2024-11-26
u0003889,food-first,Maharashtra,west,18.6414,72.8722,35-44,family,premium,1,2025-02-22
u0003890,family-holiday,Uttarakhand,north,29.3803,79.4636,55+,couple,moderate,1,2024-06-30
u0003891,food-first,Gujarat,west,20.888,70.401,45-54,family,moderate,1,2025-04-15
u0003892,food-first,Uttarakhand,north,29.9457,78.1642,25-34,couple,shoestring,3,2024-11-27
u0003893,heritage-seeker,Jharkhand,east,23.3441,85.3096,45-54,couple,comfortable,1,2024-03-15
u0003894,food-first,Gujarat,west,23.0225,72.5714,18-24,couple,moderate,1,2024-08-30
u0003895,food-first,Gujarat,west,23.7333,69.8597,45-54,couple,moderate,1,2025-01-26
u0003896,mountain-walker,Bihar,east,25.1367,85.4438,55+,couple,premium,2,2024-05-17
u0003897,food-first,Uttar Pradesh,central,27.5806,77.7006,35-44,solo,moderate,1,2025-08-04
u0003898,beach-and-slow,Andhra Pradesh,south,16.5062,80.648,35-44,couple,moderate,1,2025-01-27
u0003899,beach-and-slow,Himachal Pradesh,north,32.2464,78.0349,18-24,solo,shoestring,2,2024-01-28
u0003900,beach-and-slow,Uttar Pradesh,central,26.4499,80.3319,35-44,couple,comfortable,1,2025-02-15
u0003901,weekend-escaper,Maharashtra,west,19.076,72.8777,45-54,couple,comfortable,3,2024-12-20
u0003902,food-first,Gujarat,west,20.888,70.401,35-44,couple,moderate,1,2025-03-06
u0003903,pilgrim,Uttarakhand,north,30.0869,78.2676,25-34,friends,shoestring,1,2024-01-24
u0003904,mountain-walker,Kerala,south,8.4004,76.9784,25-34,couple,moderate,1,2024-11-12
u0003905,heritage-seeker,Meghalaya,northeast,25.27,91.732,18-24,friends,moderate,1,2025-01-08
u0003906,heritage-seeker,Uttarakhand,north,29.9457,78.1642,25-34,friends,premium,1,2024-08-20
u0003907,beach-and-slow,Ladakh,north,34.1526,77.5771,18-24,couple,comfortable,1,2025-01-25
u0003908,beach-and-slow,West Bengal,east,22.5726,88.3639,45-54,family,shoestring,3,2024-03-28
u0003909,weekend-escaper,Karnataka,south,13.3409,74.7421,55+,family,shoestring,1,2024-11-13
u0003910,food-first,Karnataka,south,12.9141,74.856,25-34,solo,shoestring,1,2025-07-10
u0003911,heritage-seeker,Rajasthan,north,24.8887,74.6269,45-54,couple,moderate,1,2025-05-31
u0003912,heritage-seeker,Rajasthan,north,26.2389,73.0243,35-44,family,moderate,7,2025-07-04
u0003913,weekend-escaper,Uttar Pradesh,central,27.5806,77.7006,45-54,friends,shoestring,1,2024-11-24
u0003914,food-first,Ladakh,north,34.1526,77.5771,55+,family,comfortable,1,2024-02-03
u0003915,heritage-seeker,Rajasthan,north,28.0229,73.3119,18-24,family,moderate,4,2024-08-08
u0003916,family-holiday,Himachal Pradesh,north,32.219,76.3234,25-34,couple,moderate,4,2025-05-15
u0003917,heritage-seeker,Kerala,south,9.4981,76.3388,25-34,family,moderate,1,2025-02-16
u0003918,pilgrim,Rajasthan,north,26.9124,75.7873,35-44,couple,shoestring,1,2025-09-23
u0003919,mountain-walker,Maharashtra,west,19.9975,73.7898,35-44,friends,comfortable,2,2024-05-30
u0003920,heritage-seeker,Karnataka,south,15.335,76.46,25-34,couple,moderate,1,2024-11-09
u0003921,pilgrim,Kerala,south,9.9312,76.2673,45-54,friends,premium,1,2024-08-21
u0003922,family-holiday,Uttar Pradesh,central,25.3176,82.9739,45-54,friends,moderate,1,2024-02-24
u0003923,mountain-walker,Goa,west,15.4909,73.8278,25-34,solo,comfortable,2,2024-02-08
u0003924,mountain-walker,Himachal Pradesh,north,32.01,77.3152,55+,solo,moderate,2,2025-03-12
u0003925,beach-and-slow,Ladakh,north,34.1526,77.5771,55+,friends,comfortable,3,2024-06-16
u0003926,weekend-escaper,Odisha,east,19.8135,85.8312,55+,solo,moderate,1,2024-01-24
u0003927,mountain-walker,Meghalaya,northeast,25.5788,91.8933,45-54,friends,comfortable,1,2025-02-03
u0003928,mountain-walker,Karnataka,south,12.9141,74.856,55+,family,shoestring,4,2024-02-01
u0003929,pilgrim,Maharashtra,west,17.9307,73.6477,35-44,couple,comfortable,1,2024-10-30
u0003930,heritage-seeker,Karnataka,south,14.5479,74.3188,18-24,family,shoestring,4,2024-01-24
u0003931,pilgrim,Maharashtra,west,21.1458,79.0882,55+,family,shoestring,49,2024-05-08
u0003932,mountain-walker,Uttarakhand,north,30.529,79.5666,35-44,family,moderate,1,2024-04-17
u0003933,family-holiday,Tamil Nadu,south,12.6269,80.1927,18-24,couple,premium,1,2025-08-25
u0003934,food-first,Maharashtra,west,17.9307,73.6477,25-34,family,premium,1,2024-09-04
u0003935,beach-and-slow,Jharkhand,east,23.3441,85.3096,18-24,friends,moderate,2,2025-04-11
u0003936,food-first,West Bengal,east,22.5726,88.3639,18-24,family,comfortable,1,2024-01-24
u0003937,pilgrim,Nagaland,northeast,25.6751,94.11,18-24,couple,moderate,2,2025-01-14
u0003938,pilgrim,Uttar Pradesh,central,26.8467,80.9462,35-44,friends,comfortable,1,2024-10-18
u0003939,beach-and-slow,Tamil Nadu,south,11.3494,76.7956,25-34,solo,comfortable,17,2024-06-18
u0003940,mountain-walker,Madhya Pradesh,central,24.8318,79.9199,35-44,family,moderate,2,2025-05-14
u0003941,beach-and-slow,Jammu and Kashmir,north,34.0837,74.7973,35-44,family,moderate,1,2025-02-01
u0003942,family-holiday,Mizoram,northeast,23.7271,92.7176,55+,couple,moderate,1,2024-10-19
u0003943,heritage-seeker,Rajasthan,north,26.9124,75.7873,35-44,family,comfortable,1,2024-11-10
u0003944,mountain-walker,Gujarat,west,23.0225,72.5714,55+,family,moderate,3,2025-08-03
u0003945,food-first,Kerala,south,8.4004,76.9784,18-24,couple,comfortable,23,2024-07-05
u0003946,heritage-seeker,Maharashtra,west,19.9975,73.7898,35-44,friends,moderate,1,2024-05-07
u0003947,food-first,Karnataka,south,15.918,75.685,55+,couple,comfortable,1,2025-05-20
u0003948,weekend-escaper,Maharashtra,west,17.9307,73.6477,45-54,couple,moderate,1,2024-04-06
u0003949,mountain-walker,Uttarakhand,north,30.529,79.5666,18-24,couple,shoestring,1,2024-06-14
u0003950,heritage-seeker,Tamil Nadu,south,10.2381,77.4892,18-24,friends,comfortable,23,2024-07-25
u0003951,beach-and-slow,Madhya Pradesh,central,25.3518,78.6417,45-54,family,moderate,1,2025-01-08
u0003952,pilgrim,Himachal Pradesh,north,32.01,77.3152,35-44,solo,comfortable,1,2025-06-10
u0003953,weekend-escaper,Rajasthan,north,26.4899,74.5511,55+,solo,comfortable,1,2024-04-02
u0003954,weekend-escaper,West Bengal,east,21.627,87.509,35-44,solo,moderate,1,2025-03-28
u0003955,mountain-walker,Gujarat,west,23.2156,72.6369,45-54,friends,shoestring,2,2024-04-02
u0003956,weekend-escaper,West Bengal,east,26.7271,88.3953,45-54,friends,moderate,5,2025-02-09
u0003957,pilgrim,Ladakh,north,34.6868,77.5619,45-54,solo,moderate,1,2024-11-19
u0003958,beach-and-slow,Karnataka,south,15.2689,76.3909,35-44,couple,comfortable,1,2025-03-22
u0003959,beach-and-slow,Kerala,south,10.0889,77.0595,35-44,couple,premium,4,2025-08-08
u0003960,food-first,Gujarat,west,22.2394,68.9678,55+,couple,shoestring,1,2025-01-28
u0003961,family-holiday,Punjab,north,31.634,74.8723,25-34,couple,moderate,2,2025-09-01
u0003962,family-holiday,Puducherry,south,11.9416,79.8083,35-44,solo,shoestring,1,2025-04-05
u0003963,mountain-walker,Uttar Pradesh,central,25.3176,82.9739,45-54,couple,moderate,1,2025-01-30
u0003964,heritage-seeker,Uttarakhand,north,30.529,79.5666,25-34,friends,comfortable,1,2025-01-10
u0003965,mountain-walker,Ladakh,north,34.1526,77.5771,35-44,family,shoestring,11,2024-04-15
u0003966,pilgrim,Tamil Nadu,south,13.0827,80.2707,18-24,family,comfortable,1,2025-06-28
u0003967,pilgrim,Madhya Pradesh,central,23.1815,79.9864,55+,friends,shoestring,1,2025-07-13
u0003968,mountain-walker,Gujarat,west,21.1702,72.8311,55+,couple,moderate,1,2025-03-30
u0003969,heritage-seeker,Uttar Pradesh,central,25.3176,82.9739,35-44,solo,comfortable,5,2025-05-21
u0003970,food-first,Himachal Pradesh,north,32.5387,75.9707,55+,family,moderate,2,2024-11-25
u0003971,family-holiday,Maharashtra,west,19.9975,73.7898,35-44,friends,premium,1,2025-07-27
u0003972,heritage-seeker,Sikkim,northeast,27.3,88.24,18-24,couple,moderate,1,2025-07-16
u0003973,food-first,West Bengal,east,27.06,88.47,55+,family,moderate,5,2025-01-26
u0003974,heritage-seeker,Andhra Pradesh,south,17.6868,83.2185,35-44,friends,moderate,1,2024-11-06
u0003975,beach-and-slow,Tamil Nadu,south,11.4102,76.695,55+,friends,shoestring,17,2024-01-25
u0003976,heritage-seeker,Goa,west,15.4909,73.8278,45-54,family,comfortable,1,2024-07-30
u0003977,heritage-seeker,Maharashtra,west,19.076,72.8777,45-54,solo,premium,1,2025-02-23
u0003978,heritage-seeker,Uttar Pradesh,central,27.5806,77.7006,55+,family,moderate,2,2025-03-02
u0003979,food-first,Tamil Nadu,south,11.3494,76.7956,45-54,friends,comfortable,15,2024-02-16
u0003980,mountain-walker,Chhattisgarh,central,21.2514,81.6296,35-44,family,moderate,2,2025-01-14
u0003981,food-first,Maharashtra,west,18.6414,72.8722,55+,family,moderate,2,2024-09-12
u0003982,weekend-escaper,Tamil Nadu,south,13.0827,80.2707,18-24,friends,moderate,1,2024-01-02
u0003983,heritage-seeker,Karnataka,south,14.5479,74.3188,25-34,solo,comfortable,3,2024-09-03
u0003984,food-first,Madhya Pradesh,central,23.1815,79.9864,55+,family,comfortable,1,2025-03-08
u0003985,mountain-walker,Odisha,east,19.8135,85.8312,18-24,friends,moderate,1,2024-07-23
u0003986,mountain-walker,Uttar Pradesh,central,25.3176,82.9739,35-44,friends,comfortable,6,2024-01-23
u0003987,food-first,Rajasthan,north,26.9157,70.9083,55+,couple,moderate,1,2025-07-25
u0003988,mountain-walker,Gujarat,west,23.0225,72.5714,55+,couple,moderate,2,2025-07-05
u0003989,weekend-escaper,Maharashtra,west,19.7645,74.4762,25-34,family,moderate,2,2025-04-17
u0003990,family-holiday,Kerala,south,9.4981,76.3388,55+,solo,comfortable,5,2025-02-20
u0003991,beach-and-slow,Bihar,east,25.1367,85.4438,45-54,solo,comfortable,1,2024-07-19
u0003992,family-holiday,Madhya Pradesh,central,23.1815,79.9864,45-54,solo,shoestring,4,2025-08-12
u0003993,weekend-escaper,Gujarat,west,20.888,70.401,35-44,solo,comfortable,1,2025-07-06
u0003994,beach-and-slow,Tamil Nadu,south,11.0168,76.9558,45-54,family,comfortable,1,2024-11-15
u0003995,heritage-seeker,Karnataka,south,15.918,75.685,35-44,solo,moderate,1,2024-05-25
u0003996,heritage-seeker,Bihar,east,24.6961,84.9911,45-54,solo,moderate,3,2025-01-22
u0003997,family-holiday,Karnataka,south,15.2689,76.3909,35-44,family,moderate,1,2025-01-26
u0003998,weekend-escaper,Jharkhand,east,23.3441,85.3096,25-34,family,comfortable,4,2025-07-12
u0003999,weekend-escaper,Delhi,north,28.6139,77.209,25-34,family,moderate,1,2025-05-07
u0004000,family-holiday,Telangana,south,17.385,78.4867,35-44,couple,premium,1,2024-02-04
u0004001,weekend-escaper,Ladakh,north,34.6868,77.5619,55+,family,comfortable,3,2025-03-17
u0004002,heritage-seeker,Karnataka,south,12.3375,75.8069,45-54,solo,premium,1,2024-10-26
u0004003,family-holiday,Punjab,north,31.634,74.8723,18-24,family,comfortable,1,2024-12-24
u0004004,pilgrim,Meghalaya,northeast,25.27,91.732,25-34,couple,comfortable,1,2024-10-12
u0004005,heritage-seeker,Maharashtra,west,18.5204,73.8567,25-34,family,moderate,1,2024-06-16
u0004006,family-holiday,Chandigarh,north,30.7333,76.7794,18-24,couple,premium,1,2025-06-22
u0004007,beach-and-slow,Maharashtra,west,19.8762,75.3433,35-44,couple,shoestring,10,2024-04-22
u0004008,pilgrim,Uttar Pradesh,central,26.8467,80.9462,35-44,family,moderate,1,2025-09-17
u0004009,mountain-walker,Andhra Pradesh,south,17.6868,83.2185,18-24,couple,moderate,1,2024-05-22
u0004010,mountain-walker,Meghalaya,northeast,25.5788,91.8933,25-34,family,premium,3,2025-01-02
u0004011,heritage-seeker,Bihar,east,24.6961,84.9911,55+,solo,comfortable,4,2025-01-20
u0004012,mountain-walker,Gujarat,west,22.3072,73.1812,25-34,family,premium,2,2024-01-02
u0004013,family-holiday,Goa,west,15.4909,73.8278,55+,family,moderate,11,2024-03-30
u0004014,beach-and-slow,Madhya Pradesh,central,23.1815,79.9864,35-44,family,comfortable,1,2024-07-21
u0004015,mountain-walker,Himachal Pradesh,north,32.2432,77.1892,25-34,solo,premium,2,2024-01-07
u0004016,food-first,Himachal Pradesh,north,31.1048,77.1734,18-24,family,moderate,1,2024-05-02
u0004017,food-first,Chandigarh,north,30.7333,76.7794,25-34,solo,moderate,3,2024-09-03
u0004018,pilgrim,Rajasthan,north,25.4305,75.6499,55+,couple,premium,1,2025-09-21
u0004019,family-holiday,Gujarat,west,21.1702,72.8311,55+,family,comfortable,5,2024-06-11
u0004020,beach-and-slow,Uttar Pradesh,central,25.4358,81.8463,25-34,couple,moderate,1,2024-11-13
u0004021,pilgrim,Gujarat,west,23.7333,69.8597,55+,family,shoestring,1,2025-07-21
u0004022,weekend-escaper,Uttarakhand,north,30.529,79.5666,18-24,family,moderate,1,2025-03-23
u0004023,food-first,Karnataka,south,12.2958,76.6394,45-54,couple,shoestring,1,2024-11-23
u0004024,food-first,Assam,northeast,26.1445,91.7362,25-34,friends,moderate,1,2024-07-06
u0004025,beach-and-slow,Tamil Nadu,south,8.0883,77.5385,35-44,family,comfortable,2,2025-03-04
u0004026,family-holiday,Chhattisgarh,central,21.2514,81.6296,18-24,couple,moderate,1,2024-07-09
u0004027,food-first,Maharashtra,west,18.5204,73.8567,55+,couple,comfortable,1,2024-03-23
u0004028,beach-and-slow,Goa,west,15.2993,74.124,18-24,solo,comfortable,1,2024-09-17
u0004029,heritage-seeker,Bihar,east,25.1367,85.4438,45-54,couple,shoestring,1,2024-12-20
u0004030,mountain-walker,Kerala,south,8.4004,76.9784,45-54,solo,moderate,1,2024-10-05
u0004031,food-first,Tamil Nadu,south,11.0168,76.9558,55+,couple,shoestring,1,2025-09-17
u0004032,mountain-walker,Maharashtra,west,18.6414,72.8722,55+,couple,moderate,1,2025-03-04
u0004033,weekend-escaper,Madhya Pradesh,central,23.1765,75.7885,35-44,solo,moderate,3,2024-03-12
u0004034,food-first,Tamil Nadu,south,9.9252,78.1198,18-24,family,moderate,1,2024-01-23
u0004035,family-holiday,Maharashtra,west,19.7645,74.4762,35-44,friends,moderate,84,2025-04-26
u0004036,weekend-escaper,Ladakh,north,34.1526,77.5771,35-44,couple,moderate,1,2024-09-08
u0004037,pilgrim,Uttarakhand,north,30.4598,78.0644,35-44,couple,moderate,1,2024-03-06
u0004038,pilgrim,Uttar Pradesh,central,26.7922,82.1998,25-34,family,comfortable,1,2025-01-05
u0004039,mountain-walker,Sikkim,northeast,27.3,88.24,25-34,couple,moderate,1,2025-06-22
u0004040,food-first,Chandigarh,north,30.7333,76.7794,18-24,family,comfortable,1,2025-02-21
u0004041,heritage-seeker,Tamil Nadu,south,10.7905,78.7047,45-54,family,moderate,5,2024-01-14
u0004042,mountain-walker,Maharashtra,west,19.9975,73.7898,35-44,family,shoestring,1,2025-07-04
u0004043,family-holiday,Gujarat,west,20.888,70.401,25-34,solo,premium,1,2024-12-17
u0004044,food-first,Tamil Nadu,south,11.4102,76.695,35-44,friends,shoestring,1,2024-01-11
u0004045,pilgrim,Ladakh,north,34.6868,77.5619,45-54,friends,premium,1,2024-06-16
u0004046,family-holiday,Karnataka,south,12.3375,75.8069,35-44,solo,shoestring,1,2024-02-24
u0004047,pilgrim,Rajasthan,north,28.0229,73.3119,45-54,solo,comfortable,1,2025-03-23
u0004048,family-holiday,Jharkhand,east,23.3441,85.3096,55+,solo,comfortable,1,2024-10-28
u0004049,heritage-seeker,Rajasthan,north,26.4499,74.6399,18-24,family,moderate,5,2025-07-03
u0004050,family-holiday,Rajasthan,north,24.5854,73.7125,45-54,family,shoestring,2,2025-04-24
u0004051,heritage-seeker,Tamil Nadu,south,10.2381,77.4892,45-54,friends,comfortable,1,2024-10-03
u0004052,weekend-escaper,Andhra Pradesh,south,16.5062,80.648,18-24,family,shoestring,1,2024-10-24
u0004053,pilgrim,Karnataka,south,12.9716,77.5946,35-44,couple,moderate,1,2025-01-31
u0004054,family-holiday,Himachal Pradesh,north,32.2432,77.1892,55+,family,premium,1,2024-08-02
u0004055,beach-and-slow,Manipur,northeast,24.817,93.9368,55+,solo,comfortable,1,2024-06-03
u0004056,weekend-escaper,Bihar,east,24.6961,84.9911,45-54,friends,moderate,1,2025-03-16
u0004057,heritage-seeker,Kerala,south,9.9312,76.2673,35-44,family,comfortable,1,2025-05-30
u0004058,family-holiday,Uttarakhand,north,30.4598,78.0644,18-24,family,moderate,8,2024-10-17
u0004059,mountain-walker,Rajasthan,north,26.2389,73.0243,18-24,couple,shoestring,13,2025-08-09
u0004060,mountain-walker,Nagaland,northeast,25.6751,94.11,35-44,solo,moderate,1,2025-08-30
u0004061,heritage-seeker,Odisha,east,19.8876,86.0945,45-54,family,moderate,1,2025-04-18
u0004062,family-holiday,Rajasthan,north,26.4899,74.5511,45-54,couple,comfortable,1,2024-01-25
u0004063,family-holiday,Meghalaya,northeast,25.5788,91.8933,25-34,solo,premium,1,2024-12-20
u0004064,family-holiday,Uttarakhand,north,29.9457,78.1642,45-54,couple,moderate,2,2025-01-15
u0004065,weekend-escaper,Gujarat,west,22.2394,68.9678,45-54,family,premium,11,2024-05-02
u0004066,mountain-walker,Madhya Pradesh,central,23.1815,79.9864,55+,couple,premium,1,2025-09-04
u0004067,mountain-walker,Odisha,east,19.8135,85.8312,45-54,family,moderate,1,2025-05-31
u0004068,pilgrim,Chandigarh,north,30.7333,76.7794,35-44,couple,premium,1,2024-02-08
u0004069,weekend-escaper,Uttarakhand,north,30.529,79.5666,55+,solo,moderate,1,2024-11-27
u0004070,pilgrim,Rajasthan,north,24.5854,73.7125,25-34,friends,moderate,54,2025-03-27
u0004071,family-holiday,Uttar Pradesh,central,25.4358,81.8463,45-54,couple,moderate,1,2024-05-10
u0004072,beach-and-slow,Gujarat,west,21.1702,72.8311,35-44,friends,moderate,1,2025-06-21
u0004073,heritage-seeker,Tamil Nadu,south,9.9252,78.1198,25-34,family,comfortable,1,2025-01-12
u0004074,beach-and-slow,Karnataka,south,12.3375,75.8069,35-44,couple,shoestring,1,2024-11-05
u0004075,mountain-walker,Himachal Pradesh,north,32.2464,78.0349,35-44,family,comfortable,1,2024-03-28
u0004076,heritage-seeker,Ladakh,north,34.6868,77.5619,18-24,friends,comfortable,2,2024-12-02
u0004077,weekend-escaper,Nagaland,northeast,25.6751,94.11,45-54,solo,comfortable,1,2024-04-16
u0004078,mountain-walker,Karnataka,south,12.3375,75.8069,45-54,solo,comfortable,1,2025-05-24
u0004079,pilgrim,Kerala,south,9.5916,77.1603,18-24,couple,moderate,1,2024-01-10
u0004080,heritage-seeker,Uttarakhand,north,30.4598,78.0644,45-54,friends,comfortable,2,2024-04-11
u0004081,mountain-walker,Gujarat,west,22.3072,73.1812,35-44,couple,comfortable,2,2024-01-04
u0004082,pilgrim,Uttarakhand,north,30.0869,78.2676,55+,family,moderate,1,2025-07-24
u0004083,family-holiday,Tamil Nadu,south,11.3494,76.7956,45-54,solo,premium,4,2024-02-24
u0004084,food-first,Maharashtra,west,19.8762,75.3433,35-44,friends,comfortable,2,2024-08-02
u0004085,food-first,Himachal Pradesh,north,32.5387,75.9707,55+,couple,moderate,1,2025-07-07
u0004086,food-first,Tamil Nadu,south,10.2381,77.4892,35-44,family,moderate,1,2024-12-19
u0004087,beach-and-slow,Karnataka,south,13.3161,75.772,55+,solo,comfortable,7,2025-09-22
u0004088,beach-and-slow,Rajasthan,north,26.2389,73.0243,25-34,solo,shoestring,1,2025-08-01
u0004089,weekend-escaper,Uttar Pradesh,central,26.7922,82.1998,18-24,family,moderate,1,2025-07-05
u0004090,beach-and-slow,Jammu and Kashmir,north,34.0837,74.7973,35-44,couple,moderate,1,2025-03-03
u0004091,food-first,Ladakh,north,34.1526,77.5771,45-54,solo,moderate,4,2024-12-17
u0004092,beach-and-slow,Bihar,east,24.6961,84.9911,35-44,family,shoestring,1,2025-05-24
u0004093,food-first,Jammu and Kashmir,north,34.0837,74.7973,25-34,family,comfortable,1,2025-04-10
u0004094,mountain-walker,Maharashtra,west,18.5204,73.8567,35-44,couple,premium,1,2024-09-12
u0004095,beach-and-slow,Kerala,south,9.4981,76.3388,18-24,solo,comfortable,1,2024-04-13
u0004096,heritage-seeker,Rajasthan,north,26.838,70.9,25-34,couple,shoestring,5,2024-09-25
u0004097,family-holiday,Karnataka,south,15.335,76.46,25-34,couple,premium,4,2024-09-21
u0004098,family-holiday,Karnataka,south,13.3409,74.7421,45-54,solo,shoestring,1,2024-02-08
u0004099,weekend-escaper,Rajasthan,north,24.8887,74.6269,18-24,friends,shoestring,1,2024-11-06
u0004100,heritage-seeker,Tamil Nadu,south,11.3494,76.7956,18-24,couple,moderate,2,2025-09-01
u0004101,weekend-escaper,Tamil Nadu,south,10.2381,77.4892,25-34,couple,shoestring,19,2025-01-15
u0004102,heritage-seeker,Karnataka,south,15.335,76.46,35-44,family,comfortable,1,2024-07-27
u0004103,family-holiday,Kerala,south,9.9312,76.2673,45-54,couple,shoestring,1,2024-12-01
u0004104,food-first,Karnataka,south,15.918,75.685,45-54,couple,moderate,9,2024-10-05
u0004105,family-holiday,Uttarakhand,north,29.3803,79.4636,35-44,family,premium,1,2025-03-04
u0004106,pilgrim,Himachal Pradesh,north,32.2432,77.1892,35-44,friends,shoestring,1,2025-07-08
u0004107,pilgrim,Uttar Pradesh,central,26.7922,82.1998,55+,family,moderate,2,2024-07-17
u0004108,heritage-seeker,Madhya Pradesh,central,22.7196,75.8577,18-24,couple,comfortable,1,2024-03-27
u0004109,weekend-escaper,Madhya Pradesh,central,22.7196,75.8577,55+,couple,shoestring,1,2025-05-21
u0004110,heritage-seeker,Karnataka,south,13.3409,74.7421,35-44,family,moderate,1,2024-03-02
u0004111,beach-and-slow,Jammu and Kashmir,north,34.0837,74.7973,35-44,solo,moderate,5,2025-09-01
u0004112,family-holiday,Tamil Nadu,south,11.3494,76.7956,35-44,solo,moderate,1,2025-06-07
u0004113,pilgrim,Maharashtra,west,19.9975,73.7898,18-24,couple,moderate,2,2024-10-08
u0004114,heritage-seeker,Kerala,south,8.4004,76.9784,25-34,family,comfortable,4,2024-01-25
u0004115,heritage-seeker,Uttarakhand,north,30.0869,78.2676,55+,solo,comfortable,1,2024-04-17
u0004116,food-first,Assam,northeast,26.5775,93.1711,18-24,solo,moderate,7,2025-08-15
u0004117,heritage-seeker,West Bengal,east,27.041,88.2663,35-44,couple,moderate,1,2025-03-16
u0004118,mountain-walker,Tamil Nadu,south,8.0883,77.5385,25-34,solo,moderate,2,2024-11-09
u0004119,family-holiday,Maharashtra,west,18.6414,72.8722,18-24,family,shoestring,22,2025-03-23
u0004120,heritage-seeker,Rajasthan,north,24.5854,73.7125,55+,solo,shoestring,1,2024-10-12
u0004121,heritage-seeker,Maharashtra,west,19.076,72.8777,55+,solo,moderate,2,2024-11-12
u0004122,weekend-escaper,Rajasthan,north,28.0229,73.3119,18-24,solo,moderate,4,2024-04-29
u0004123,mountain-walker,Gujarat,west,20.888,70.401,55+,couple,comfortable,1,2024-06-25
u0004124,family-holiday,Karnataka,south,12.3375,75.8069,25-34,couple,moderate,2,2024-09-24
u0004125,family-holiday,West Bengal,east,26.7271,88.3953,25-34,family,moderate,1,2024-11-17
u0004126,heritage-seeker,Gujarat,west,23.7333,69.8597,25-34,friends,shoestring,1,2024-03-24
u0004127,beach-and-slow,Kerala,south,8.4004,76.9784,45-54,friends,shoestring,1,2025-07-22
u0004128,beach-and-slow,Tamil Nadu,south,10.7905,78.7047,25-34,family,moderate,1,2024-10-02
u0004129,heritage-seeker,Tamil Nadu,south,11.3494,76.7956,18-24,family,comfortable,17,2024-04-14
u0004130,family-holiday,Maharashtra,west,18.5204,73.8567,35-44,solo,premium,1,2025-06-03
u0004131,food-first,Andhra Pradesh,south,13.6288,79.4192,25-34,friends,shoestring,1,2024-12-30
u0004132,heritage-seeker,Arunachal Pradesh,northeast,27.0844,93.6053,55+,friends,premium,1,2024-08-30
u0004133,heritage-seeker,Madhya Pradesh,central,25.3518,78.6417,55+,couple,moderate,1,2024-06-22
u0004134,heritage-seeker,West Bengal,east,27.06,88.47,55+,friends,shoestring,1,2024-11-01
u0004135,family-holiday,Madhya Pradesh,central,25.3518,78.6417,25-34,family,moderate,1,2024-09-08
u0004136,heritage-seeker,Rajasthan,north,24.8887,74.6269,35-44,solo,shoestring,1,2024-01-02
u0004137,pilgrim,Madhya Pradesh,central,22.7196,75.8577,18-24,family,shoestring,1,2024-02-26
u0004138,heritage-seeker,Uttarakhand,north,30.3165,78.0322,45-54,couple,moderate,4,2025-08-19
u0004139,family-holiday,Madhya Pradesh,central,23.1815,79.9864,25-34,family,premium,3,2024-08-11
u0004140,family-holiday,Gujarat,west,22.3072,73.1812,55+,solo,moderate,1,2025-05-11
u0004141,family-holiday,Uttarakhand,north,27.4924,77.6737,45-54,friends,shoestring,1,2025-09-15
u0004142,heritage-seeker,Arunachal Pradesh,northeast,27.0844,93.6053,35-44,family,moderate,2,2024-08-24
u0004143,heritage-seeker,Kerala,south,10.0889,77.0595,35-44,solo,comfortable,4,2025-03-25
u0004144,beach-and-slow,Assam,northeast,26.1445,91.7362,45-54,family,shoestring,1,2024-06-09
u0004145,food-first,Himachal Pradesh,north,32.2464,78.0349,45-54,family,shoestring,262,2024-10-14
u0004146,food-first,Meghalaya,northeast,25.5788,91.8933,18-24,friends,premium,1,2024-11-07
u0004147,mountain-walker,Uttarakhand,north,30.529,79.5666,25-34,family,comfortable,1,2024-08-29
u0004148,beach-and-slow,West Bengal,east,22.5726,88.3639,45-54,couple,moderate,1,2024-01-20
u0004149,heritage-seeker,Rajasthan,north,28.0229,73.3119,35-44,family,comfortable,1,2024-10-02
u0004150,food-first,Gujarat,west,22.2394,68.9678,55+,couple,comfortable,1,2025-09-06
u0004151,beach-and-slow,Uttarakhand,north,30.4598,78.0644,55+,couple,shoestring,1,2024-07-22
u0004152,mountain-walker,Andhra Pradesh,south,13.6288,79.4192,25-34,friends,moderate,1,2024-01-02
u0004153,beach-and-slow,Kerala,south,8.4004,76.9784,25-34,family,comfortable,1,2024-06-29
u0004154,mountain-walker,Delhi,north,28.6139,77.209,55+,family,shoestring,10,2024-09-28
u0004155,beach-and-slow,Tamil Nadu,south,11.0168,76.9558,25-34,family,moderate,1,2025-06-04
u0004156,heritage-seeker,Karnataka,south,12.9716,77.5946,35-44,couple,comfortable,1,2024-08-09
u0004157,mountain-walker,Uttarakhand,north,27.4924,77.6737,25-34,couple,premium,2,2024-10-29
u0004158,beach-and-slow,Kerala,south,8.5241,76.9366,25-34,family,moderate,1,2024-12-10
u0004159,weekend-escaper,Karnataka,south,12.9141,74.856,18-24,solo,premium,3,2025-02-24
u0004160,beach-and-slow,Kerala,south,9.9312,76.2673,25-34,couple,shoestring,1,2024-08-23
u0004161,mountain-walker,Kerala,south,9.9312,76.2673,55+,couple,premium,1,2025-05-13
u0004162,weekend-escaper,Madhya Pradesh,central,26.2183,78.1828,45-54,couple,premium,1,2024-11-19
u0004163,heritage-seeker,Uttar Pradesh,central,25.3176,82.9739,25-34,friends,moderate,1,2024-02-29
u0004164,food-first,Tripura,northeast,23.8315,91.2868,35-44,family,moderate,1,2024-12-17
u0004165,beach-and-slow,Andaman and Nicobar Islands,south,11.6234,92.7265,55+,friends,moderate,4,2024-11-25
u0004166,family-holiday,Karnataka,south,13.3161,75.772,55+,couple,moderate,2,2025-04-28
u0004167,mountain-walker,Jharkhand,east,23.3441,85.3096,25-34,couple,comfortable,7,2024-05-05
u0004168,heritage-seeker,Uttar Pradesh,central,26.4499,80.3319,18-24,family,moderate,1,2024-05-20
u0004169,mountain-walker,Gujarat,west,20.888,70.401,55+,couple,comfortable,2,2024-04-17
u0004170,heritage-seeker,Karnataka,south,13.3409,74.7421,55+,friends,comfortable,1,2024-11-17
u0004171,food-first,Meghalaya,northeast,25.5788,91.8933,35-44,couple,comfortable,1,2024-08-02
u0004172,weekend-escaper,Uttarakhand,north,29.53,78.7747,45-54,solo,premium,1,2024-10-24
u0004173,food-first,Gujarat,west,21.1702,72.8311,18-24,couple,moderate,1,2025-01-11
u0004174,weekend-escaper,Kerala,south,10.0889,77.0595,35-44,solo,shoestring,1,2025-04-18
u0004175,weekend-escaper,West Bengal,east,26.7271,88.3953,55+,friends,comfortable,1,2024-01-09
u0004176,weekend-escaper,Uttar Pradesh,central,25.3176,82.9739,25-34,solo,comfortable,1,2024-07-20
u0004177,food-first,Rajasthan,north,26.9157,70.9083,35-44,couple,moderate,1,2024-04-20
u0004178,family-holiday,Maharashtra,west,21.1458,79.0882,55+,friends,shoestring,1,2024-07-20
u0004179,food-first,Himachal Pradesh,north,32.01,77.3152,18-24,couple,premium,7,2024-05-15
u0004180,mountain-walker,Himachal Pradesh,north,32.5387,75.9707,18-24,couple,premium,4,2024-08-25
u0004181,pilgrim,Uttar Pradesh,central,26.7922,82.1998,25-34,family,premium,1,2025-03-08
u0004182,mountain-walker,Himachal Pradesh,north,32.01,77.3152,55+,solo,comfortable,1,2025-01-17
u0004183,beach-and-slow,Madhya Pradesh,central,23.4794,77.7392,55+,couple,shoestring,1,2025-07-11
u0004184,beach-and-slow,Uttar Pradesh,central,25.3176,82.9739,18-24,family,comfortable,1,2024-02-28
u0004185,pilgrim,Uttar Pradesh,central,26.4499,80.3319,55+,couple,shoestring,7,2024-07-20
u0004186,heritage-seeker,Rajasthan,north,26.4899,74.5511,45-54,couple,comfortable,2,2025-03-06
u0004187,family-holiday,Kerala,south,9.9312,76.2673,35-44,solo,shoestring,2,2024-04-12
u0004188,mountain-walker,Madhya Pradesh,central,23.2599,77.4126,18-24,solo,shoestring,1,2025-01-23
u0004189,heritage-seeker,Andhra Pradesh,south,17.6868,83.2185,18-24,couple,moderate,1,2024-04-16
u0004190,mountain-walker,Manipur,northeast,24.817,93.9368,55+,family,moderate,1,2024-03-06
u0004191,food-first,Kerala,south,9.5916,77.1603,55+,family,comfortable,1,2025-05-11
u0004192,mountain-walker,Odisha,east,19.8876,86.0945,35-44,solo,shoestring,3,2024-09-15
u0004193,food-first,Uttarakhand,north,29.3803,79.4636,18-24,family,shoestring,2,2024-10-10
u0004194,beach-and-slow,Rajasthan,north,26.838,70.9,55+,family,moderate,1,2025-03-21
u0004195,beach-and-slow,Madhya Pradesh,central,22.7196,75.8577,35-44,family,comfortable,1,2025-01-29
u0004196,pilgrim,Rajasthan,north,26.2389,73.0243,25-34,solo,comfortable,1,2025-01-31
u0004197,heritage-seeker,Madhya Pradesh,central,23.1815,79.9864,25-34,couple,premium,1,2024-03-25
u0004198,family-holiday,Madhya Pradesh,central,23.4794,77.7392,25-34,family,shoestring,7,2025-04-05
u0004199,food-first,Kerala,south,9.4981,76.3388,25-34,solo,comfortable,9,2024-05-07
u0004200,family-holiday,Karnataka,south,12.9141,74.856,25-34,friends,moderate,1,2025-02-09
u0004201,mountain-walker,Bihar,east,25.5941,85.1376,35-44,family,premium,1,2025-09-29
u0004202,family-holiday,West Bengal,east,27.06,88.47,25-34,couple,moderate,1,2024-09-03
u0004203,pilgrim,Kerala,south,9.5916,77.1603,18-24,solo,moderate,6,2025-04-28
u0004204,family-holiday,Ladakh,north,34.1526,77.5771,55+,friends,premium,1,2025-03-28
u0004205,food-first,Himachal Pradesh,north,32.2464,78.0349,55+,solo,premium,2,2024-12-03
u0004206,family-holiday,Uttar Pradesh,central,26.4499,80.3319,25-34,couple,moderate,1,2024-06-02
u0004207,family-holiday,Rajasthan,north,25.4305,75.6499,45-54,friends,shoestring,1,2024-12-12
u0004208,heritage-seeker,Uttar Pradesh,central,27.5806,77.7006,25-34,solo,moderate,2,2025-07-29
u0004209,mountain-walker,Bihar,east,25.5941,85.1376,35-44,solo,moderate,2,2025-06-16
u0004210,family-holiday,Karnataka,south,12.3375,75.8069,45-54,friends,premium,1,2024-04-27
u0004211,weekend-escaper,Uttarakhand,north,30.529,79.5666,45-54,solo,moderate,2,2024-01-18
u0004212,pilgrim,West Bengal,east,22.5726,88.3639,55+,friends,premium,1,2024-06-06
u0004213,weekend-escaper,Meghalaya,northeast,25.27,91.732,45-54,couple,shoestring,2,2024-07-19
u0004214,weekend-escaper,Gujarat,west,21.1702,72.8311,55+,couple,comfortable,2,2025-09-22
u0004215,weekend-escaper,Rajasthan,north,26.9157,70.9083,55+,solo,moderate,2,2024-12-04
u0004216,beach-and-slow,Tamil Nadu,south,12.6269,80.1927,55+,couple,comfortable,1,2024-02-08
u0004217,family-holiday,Maharashtra,west,19.076,72.8777,55+,family,shoestring,2,2025-02-23
u0004218,family-holiday,Himachal Pradesh,north,32.2464,78.0349,55+,friends,moderate,6,2024-08-24
u0004219,weekend-escaper,Karnataka,south,14.5479,74.3188,18-24,couple,moderate,1,2025-04-12
u0004220,pilgrim,Madhya Pradesh,central,25.3518,78.6417,35-44,couple,moderate,1,2024-01-08
u0004221,food-first,Uttar Pradesh,central,26.4499,80.3319,45-54,couple,moderate,1,2024-08-26
u0004222,mountain-walker,Tamil Nadu,south,11.4102,76.695,55+,family,shoestring,1,2025-08-24
u0004223,heritage-seeker,Rajasthan,north,26.4499,74.6399,25-34,friends,moderate,3,2025-02-14
u0004224,family-holiday,Kerala,south,8.7379,76.7163,25-34,friends,comfortable,4,2025-08-25
u0004225,weekend-escaper,Gujarat,west,23.2156,72.6369,35-44,solo,shoestring,7,2024-06-26
u0004226,beach-and-slow,Odisha,east,19.8135,85.8312,55+,family,shoestring,1,2024-06-24
u0004227,beach-and-slow,Kerala,south,10.0889,77.0595,18-24,family,comfortable,1,2024-11-23
u0004228,pilgrim,Jammu and Kashmir,north,32.7266,74.857,25-34,couple,premium,1,2025-09-02
u0004229,beach-and-slow,Uttarakhand,north,30.4598,78.0644,35-44,family,shoestring,1,2025-08-05
u0004230,beach-and-slow,Andaman and Nicobar Islands,south,11.6234,92.7265,55+,couple,shoestring,1,2024-02-07
u0004231,beach-and-slow,Mizoram,northeast,23.7271,92.7176,35-44,solo,shoestring,3,2025-01-12
u0004232,food-first,Maharashtra,west,18.7546,73.4062,45-54,friends,moderate,2,2024-08-10
u0004233,family-holiday,Maharashtra,west,19.9975,73.7898,35-44,friends,moderate,7,2024-10-29
u0004234,heritage-seeker,Kerala,south,11.6854,76.132,25-34,solo,comfortable,1,2025-06-20
u0004235,food-first,Uttar Pradesh,central,27.1767,78.0081,55+,friends,premium,3,2025-07-21
u0004236,weekend-escaper,Andhra Pradesh,south,17.6868,83.2185,18-24,couple,moderate,18,2024-11-07
u0004237,family-holiday,Uttar Pradesh,central,26.8467,80.9462,25-34,solo,moderate,1,2024-02-12
u0004238,weekend-escaper,Jammu and Kashmir,north,34.0837,74.7973,35-44,family,comfortable,1,2025-05-21
u0004239,beach-and-slow,Gujarat,west,21.1702,72.8311,25-34,friends,moderate,1,2024-10-06
u0004240,family-holiday,West Bengal,east,27.06,88.47,35-44,family,moderate,2,2025-06-08
u0004241,heritage-seeker,Himachal Pradesh,north,32.2464,78.0349,25-34,family,shoestring,1,2024-08-23
u0004242,beach-and-slow,Rajasthan,north,24.5926,72.7156,35-44,family,premium,1,2025-05-05
u0004243,mountain-walker,Tamil Nadu,south,12.6269,80.1927,25-34,couple,comfortable,1,2024-03-18
u0004244,heritage-seeker,Chandigarh,north,30.7333,76.7794,18-24,friends,moderate,1,2024-08-22
u0004245,heritage-seeker,Tamil Nadu,south,11.4102,76.695,35-44,family,moderate,1,2024-01-07
u0004246,beach-and-slow,Karnataka,south,12.9141,74.856,35-44,solo,moderate,4,2024-06-06
u0004247,family-holiday,Kerala,south,9.9312,76.2673,55+,family,premium,2,2024-10-22
u0004248,weekend-escaper,Madhya Pradesh,central,24.8318,79.9199,18-24,solo,moderate,1,2024-02-13
u0004249,weekend-escaper,Bihar,east,25.5941,85.1376,45-54,couple,premium,27,2024-08-01
u0004250,beach-and-slow,Gujarat,west,23.0225,72.5714,18-24,friends,moderate,1,2024-09-17
u0004251,family-holiday,Karnataka,south,13.3161,75.772,45-54,couple,moderate,3,2024-10-27
u0004252,heritage-seeker,Madhya Pradesh,central,23.1815,79.9864,18-24,couple,moderate,1,2024-11-18
u0004253,family-holiday,Madhya Pradesh,central,24.8318,79.9199,25-34,friends,comfortable,2,2024-01-13
u0004254,food-first,Tamil Nadu,south,12.6269,80.1927,45-54,solo,premium,2,2024-08-29
u0004255,mountain-walker,Tamil Nadu,south,13.0827,80.2707,25-34,couple,comfortable,7,2024-03-01
u0004256,mountain-walker,Himachal Pradesh,north,32.5387,75.9707,55+,family,comfortable,1,2024-10-16
u0004257,pilgrim,Meghalaya,northeast,25.27,91.732,18-24,family,moderate,1,2024-05-29
u0004258,pilgrim,West Bengal,east,22.5726,88.3639,35-44,solo,moderate,1,2025-06-15
u0004259,family-holiday,Madhya Pradesh,central,22.7196,75.8577,35-44,family,comfortable,1,2024-10-16
u0004260,pilgrim,Himachal Pradesh,north,32.2432,77.1892,55+,solo,moderate,1,2025-04-13
u0004261,family-holiday,Rajasthan,north,26.838,70.9,35-44,family,shoestring,1,2025-03-23
u0004262,food-first,Tamil Nadu,south,12.6269,80.1927,18-24,solo,comfortable,1,2025-07-21
u0004263,food-first,Arunachal Pradesh,northeast,27.0844,93.6053,45-54,family,premium,1,2025-01-02
u0004264,family-holiday,Tamil Nadu,south,10.787,79.1378,25-34,friends,shoestring,1,2024-06-02
u0004265,heritage-seeker,Rajasthan,north,26.4499,74.6399,35-44,family,moderate,9,2024-03-26
u0004266,mountain-walker,Kerala,south,9.5916,77.1603,25-34,family,premium,1,2025-04-05
u0004267,weekend-escaper,Tamil Nadu,south,13.0827,80.2707,25-34,family,moderate,1,2024-11-23
u0004268,weekend-escaper,Gujarat,west,22.2394,68.9678,18-24,family,moderate,1,2024-12-17
u0004269,mountain-walker,Kerala,south,9.5916,77.1603,18-24,family,moderate,1,2024-04-19
u0004270,food-first,Karnataka,south,13.3409,74.7421,45-54,friends,moderate,1,2025-09-22
u0004271,heritage-seeker,Uttarakhand,north,30.529,79.5666,18-24,family,shoestring,2,2024-08-05
u0004272,weekend-escaper,Madhya Pradesh,central,23.1815,79.9864,35-44,friends,shoestring,1,2025-01-26
u0004273,mountain-walker,Karnataka,south,12.2958,76.6394,18-24,friends,premium,1,2024-12-04
u0004274,food-first,Odisha,east,20.2961,85.8245,45-54,friends,moderate,2,2025-08-16
u0004275,beach-and-slow,Meghalaya,northeast,25.5788,91.8933,55+,couple,comfortable,3,2024-04-27
u0004276,pilgrim,West Bengal,east,27.06,88.47,25-34,family,premium,1,2025-06-02
u0004277,pilgrim,Mizoram,northeast,23.7271,92.7176,18-24,family,shoestring,1,2024-06-15
u0004278,pilgrim,Rajasthan,north,28.0229,73.3119,55+,solo,shoestring,1,2024-09-14
u0004279,heritage-seeker,Madhya Pradesh,central,23.1815,79.9864,18-24,couple,moderate,1,2024-01-19
u0004280,weekend-escaper,Gujarat,west,22.2394,68.9678,35-44,friends,premium,16,2024-01-26
u0004281,family-holiday,Maharashtra,west,19.076,72.8777,35-44,couple,moderate,1,2024-09-28
u0004282,beach-and-slow,Bihar,east,25.5941,85.1376,35-44,couple,moderate,1,2025-01-18
u0004283,beach-and-slow,Himachal Pradesh,north,32.01,77.3152,55+,family,shoestring,33,2024-08-01
u0004284,mountain-walker,Tripura,northeast,23.8315,91.2868,18-24,solo,shoestring,1,2025-01-15
u0004285,pilgrim,Karnataka,south,12.2958,76.6394,35-44,solo,comfortable,1,2024-08-21
u0004286,beach-and-slow,Uttarakhand,north,30.4598,78.0644,18-24,solo,comfortable,1,2025-03-07
u0004287,heritage-seeker,West Bengal,east,27.041,88.2663,45-54,solo,comfortable,4,2024-08-01
u0004288,beach-and-slow,Chhattisgarh,central,21.2514,81.6296,35-44,family,shoestring,1,2024-10-11
u0004289,pilgrim,Uttarakhand,north,29.53,78.7747,35-44,family,moderate,14,2024-02-24
u0004290,food-first,Tamil Nadu,south,13.0827,80.2707,25-34,friends,comfortable,3,2024-06-18
u0004291,heritage-seeker,Karnataka,south,12.3375,75.8069,25-34,friends,premium,1,2025-09-11
u0004292,mountain-walker,Maharashtra,west,17.9307,73.6477,55+,couple,moderate,1,2025-07-25
u0004293,mountain-walker,Nagaland,northeast,25.6751,94.11,18-24,family,moderate,1,2024-07-01
u0004294,pilgrim,West Bengal,east,26.7271,88.3953,18-24,friends,comfortable,1,2024-05-07
u0004295,beach-and-slow,Jharkhand,east,23.3441,85.3096,18-24,solo,shoestring,6,2024-03-31
u0004296,beach-and-slow,Gujarat,west,23.7333,69.8597,35-44,friends,shoestring,1,2024-08-04
u0004297,family-holiday,Rajasthan,north,26.2389,73.0243,18-24,solo,moderate,12,2024-06-16
u0004298,beach-and-slow,Himachal Pradesh,north,32.5387,75.9707,18-24,friends,comfortable,1,2024-07-14
u0004299,mountain-walker,Kerala,south,11.6854,76.132,25-34,solo,comfortable,1,2025-06-29
u0004300,mountain-walker,Punjab,north,31.634,74.8723,25-34,couple,moderate,1,2024-01-23
u0004301,pilgrim,Odisha,east,19.8135,85.8312,55+,couple,moderate,1,2024-11-16
u0004302,heritage-seeker,Kerala,south,9.9312,76.2673,18-24,family,shoestring,1,2024-10-07
u0004303,heritage-seeker,Ladakh,north,34.1526,77.5771,45-54,solo,shoestring,1,2024-01-22
u0004304,family-holiday,Karnataka,south,13.3409,74.7421,18-24,solo,comfortable,1,2024-10-27
u0004305,heritage-seeker,Manipur,northeast,24.817,93.9368,55+,family,comfortable,1,2025-06-16
u0004306,weekend-escaper,West Bengal,east,27.041,88.2663,45-54,solo,moderate,2,2024-03-20
u0004307,beach-and-slow,Rajasthan,north,26.838,70.9,45-54,couple,shoestring,1,2025-05-06
u0004308,mountain-walker,Rajasthan,north,26.9124,75.7873,18-24,family,comfortable,1,2024-07-15
u0004309,weekend-escaper,Bihar,east,24.6961,84.9911,18-24,solo,comfortable,1,2025-02-19
u0004310,pilgrim,Karnataka,south,12.9141,74.856,18-24,solo,moderate,1,2024-10-23
u0004311,mountain-walker,Gujarat,west,20.888,70.401,35-44,couple,premium,1,2024-10-25
u0004312,beach-and-slow,Arunachal Pradesh,northeast,27.0844,93.6053,18-24,solo,premium,2,2025-02-15
u0004313,beach-and-slow,Karnataka,south,14.5479,74.3188,18-24,friends,comfortable,1,2024-06-20
u0004314,pilgrim,Madhya Pradesh,central,22.7196,75.8577,55+,solo,moderate,2,2024-11-22
u0004315,food-first,Rajasthan,north,26.838,70.9,35-44,couple,premium,1,2025-03-26
u0004316,family-holiday,Bihar,east,24.6961,84.9911,55+,family,shoestring,1,2024-02-06
u0004317,food-first,Gujarat,west,23.7333,69.8597,45-54,solo,comfortable,1,2024-07-27
u0004318,weekend-escaper,Rajasthan,north,28.0229,73.3119,45-54,couple,moderate,38,2025-01-11
u0004319,weekend-escaper,Rajasthan,north,25.4305,75.6499,35-44,family,comfortable,1,2025-07-12
u0004320,beach-and-slow,Tamil Nadu,south,13.0827,80.2707,55+,couple,shoestring,1,2024-05-08
u0004321,family-holiday,Kerala,south,8.4004,76.9784,45-54,family,moderate,1,2024-04-09
u0004322,pilgrim,Madhya Pradesh,central,25.3518,78.6417,18-24,couple,premium,1,2024-06-30
u0004323,heritage-seeker,Bihar,east,24.6961,84.9911,45-54,couple,shoestring,1,2024-12-11
u0004324,family-holiday,Rajasthan,north,26.9124,75.7873,18-24,couple,comfortable,1,2024-09-26
u0004325,weekend-escaper,Kerala,south,10.0889,77.0595,55+,family,shoestring,1,2025-02-03
u0004326,weekend-escaper,Uttarakhand,north,29.9457,78.1642,18-24,family,comfortable,7,2025-04-20
u0004327,family-holiday,West Bengal,east,22.5726,88.3639,25-34,solo,comfortable,1,2024-06-12
u0004328,weekend-escaper,Rajasthan,north,26.838,70.9,25-34,family,comfortable,1,2025-08-11
u0004329,family-holiday,Maharashtra,west,19.076,72.8777,55+,friends,comfortable,1,2024-03-15
u0004330,heritage-seeker,Uttarakhand,north,29.9457,78.1642,18-24,family,comfortable,1,2024-09-12
u0004331,food-first,Kerala,south,9.5916,77.1603,25-34,solo,moderate,1,2025-05-08
u0004332,weekend-escaper,Uttarakhand,north,29.9457,78.1642,45-54,friends,moderate,13,2024-01-03
u0004333,weekend-escaper,Karnataka,south,12.9141,74.856,45-54,family,premium,1,2025-04-13
u0004334,pilgrim,Tripura,northeast,23.8315,91.2868,35-44,family,comfortable,2,2024-11-20
u0004335,family-holiday,Rajasthan,north,26.2389,73.0243,35-44,couple,premium,6,2024-02-29
u0004336,beach-and-slow,Meghalaya,northeast,25.27,91.732,55+,family,premium,11,2024-07-19
u0004337,food-first,Maharashtra,west,19.9975,73.7898,55+,family,moderate,6,2024-02-27
u0004338,heritage-seeker,Uttar Pradesh,central,27.5806,77.7006,45-54,solo,moderate,1,2024-12-11
u0004339,food-first,Puducherry,south,11.9416,79.8083,35-44,couple,shoestring,6,2024-02-01
u0004340,food-first,Maharashtra,west,19.8762,75.3433,35-44,family,moderate,3,2024-08-17
u0004341,mountain-walker,Nagaland,northeast,25.6751,94.11,45-54,couple,moderate,1,2024-10-30
u0004342,pilgrim,Maharashtra,west,19.7645,74.4762,55+,family,comfortable,3,2024-12-31
u0004343,beach-and-slow,Madhya Pradesh,central,23.4794,77.7392,18-24,friends,comfortable,1,2024-03-13
u0004344,pilgrim,Maharashtra,west,18.7546,73.4062,45-54,solo,comfortable,1,2024-02-14
u0004345,heritage-seeker,Odisha,east,19.8876,86.0945,35-44,family,moderate,10,2024-02-06
u0004346,pilgrim,Karnataka,south,12.3375,75.8069,55+,friends,moderate,1,2024-08-25
u0004347,mountain-walker,Maharashtra,west,21.1458,79.0882,45-54,family,premium,1,2024-08-10
u0004348,mountain-walker,Chhattisgarh,central,21.2514,81.6296,35-44,solo,moderate,3,2024-11-05
u0004349,heritage-seeker,Kerala,south,8.5241,76.9366,25-34,couple,shoestring,1,2024-07-04
u0004350,beach-and-slow,Kerala,south,9.5916,77.1603,45-54,couple,moderate,1,2024-12-18
u0004351,mountain-walker,Rajasthan,north,25.4305,75.6499,55+,family,premium,1,2025-02-22
u0004352,heritage-seeker,Tamil Nadu,south,11.0168,76.9558,35-44,friends,shoestring,2,2024-05-07
u0004353,pilgrim,Bihar,east,25.1367,85.4438,35-44,couple,premium,1,2025-09-24
u0004354,beach-and-slow,Uttarakhand,north,29.53,78.7747,45-54,couple,comfortable,1,2024-10-12
u0004355,weekend-escaper,Tamil Nadu,south,10.2381,77.4892,25-34,couple,moderate,3,2024-07-10
u0004356,beach-and-slow,Bihar,east,25.1367,85.4438,35-44,friends,comfortable,1,2024-03-07
u0004357,family-holiday,Karnataka,south,14.5479,74.3188,18-24,family,shoestring,1,2024-05-21
u0004358,food-first,Tamil Nadu,south,9.9252,78.1198,25-34,solo,shoestring,27,2024-03-01
u0004359,weekend-escaper,Rajasthan,north,26.2389,73.0243,18-24,friends,shoestring,2,2024-02-03
u0004360,heritage-seeker,Himachal Pradesh,north,32.01,77.3152,18-24,couple,shoestring,1,2024-02-05
u0004361,pilgrim,Madhya Pradesh,central,25.3518,78.6417,45-54,solo,moderate,1,2024-01-22
u0004362,mountain-walker,Maharashtra,west,19.9975,73.7898,55+,family,shoestring,1,2024-02-20
u0004363,beach-and-slow,Rajasthan,north,26.4499,74.6399,25-34,friends,premium,5,2024-11-21
u0004364,family-holiday,West Bengal,east,22.5726,88.3639,35-44,solo,premium,1,2024-02-14
u0004365,family-holiday,Andhra Pradesh,south,13.6288,79.4192,35-44,family,moderate,5,2024-02-14
u0004366,mountain-walker,Kerala,south,8.7379,76.7163,45-54,couple,moderate,2,2024-05-03
u0004367,food-first,Delhi,north,28.6139,77.209,55+,friends,premium,33,2024-01-03
u0004368,pilgrim,Assam,northeast,26.1445,91.7362,25-34,family,comfortable,3,2024-09-12
u0004369,heritage-seeker,Tamil Nadu,south,9.9252,78.1198,45-54,solo,shoestring,1,2024-10-10
u0004370,family-holiday,Maharashtra,west,19.076,72.8777,55+,friends,moderate,1,2024-07-27
u0004371,mountain-walker,Uttarakhand,north,29.3803,79.4636,55+,couple,moderate,1,2024-09-26
u0004372,food-first,Goa,west,15.4909,73.8278,35-44,family,shoestring,2,2024-11-12
u0004373,family-holiday,Telangana,south,17.385,78.4867,55+,couple,moderate,2,2024-02-17
u0004374,mountain-walker,Tamil Nadu,south,10.7905,78.7047,25-34,friends,comfortable,4,2024-04-10
u0004375,food-first,Delhi,north,28.6139,77.209,25-34,family,moderate,1,2024-09-09
u0004376,weekend-escaper,Odisha,east,20.2961,85.8245,18-24,couple,comfortable,2,2025-07-22
u0004377,weekend-escaper,Uttar Pradesh,central,25.4358,81.8463,35-44,solo,moderate,2,2024-08-07
u0004378,family-holiday,Karnataka,south,13.3409,74.7421,45-54,couple,moderate,1,2024-11-14
u0004379,mountain-walker,Tamil Nadu,south,12.6269,80.1927,25-34,family,shoestring,3,2024-05-14
u0004380,mountain-walker,Gujarat,west,21.1702,72.8311,45-54,family,comfortable,9,2024-01-05
u0004381,beach-and-slow,Mizoram,northeast,23.7271,92.7176,25-34,family,shoestring,1,2024-02-25
u0004382,heritage-seeker,Gujarat,west,23.0225,72.5714,45-54,couple,shoestring,1,2024-09-20
u0004383,pilgrim,Maharashtra,west,17.9307,73.6477,35-44,couple,comfortable,2,2024-05-20
u0004384,beach-and-slow,Uttarakhand,north,30.4598,78.0644,18-24,family,moderate,2,2025-03-08
u0004385,food-first,Uttarakhand,north,30.529,79.5666,35-44,couple,comfortable,8,2024-02-15
u0004386,weekend-escaper,Andhra Pradesh,south,13.6288,79.4192,18-24,couple,moderate,1,2025-02-18
u0004387,weekend-escaper,Jharkhand,east,23.3441,85.3096,18-24,couple,shoestring,1,2024-04-05
u0004388,family-holiday,Andhra Pradesh,south,13.6288,79.4192,35-44,couple,moderate,2,2024-10-29
u0004389,family-holiday,Maharashtra,west,18.7546,73.4062,35-44,couple,shoestring,2,2024-11-19
u0004390,family-holiday,Karnataka,south,12.2958,76.6394,18-24,friends,moderate,1,2025-03-26
u0004391,food-first,Tamil Nadu,south,10.2381,77.4892,18-24,couple,shoestring,1,2025-08-10
u0004392,family-holiday,Assam,northeast,26.95,94.17,25-34,family,comfortable,6,2025-06-02
u0004393,weekend-escaper,Kerala,south,8.4004,76.9784,45-54,couple,moderate,18,2024-08-06
u0004394,heritage-seeker,Tamil Nadu,south,10.787,79.1378,55+,family,moderate,3,2024-08-09
u0004395,beach-and-slow,Maharashtra,west,18.7546,73.4062,25-34,solo,shoestring,1,2024-12-24
u0004396,family-holiday,Tamil Nadu,south,10.2381,77.4892,35-44,family,premium,3,2025-02-02
u0004397,weekend-escaper,Ladakh,north,34.1526,77.5771,55+,couple,shoestring,1,2024-05-12
u0004398,beach-and-slow,Rajasthan,north,26.9124,75.7873,45-54,couple,premium,1,2024-11-20
u0004399,food-first,Assam,northeast,26.1445,91.7362,45-54,couple,comfortable,1,2025-07-05
u0004400,beach-and-slow,Gujarat,west,23.7333,69.8597,18-24,family,moderate,1,2024-11-01
u0004401,beach-and-slow,Jammu and Kashmir,north,34.0837,74.7973,18-24,friends,moderate,12,2024-09-26
u0004402,heritage-seeker,Maharashtra,west,18.6414,72.8722,55+,solo,shoestring,3,2024-08-20
u0004403,beach-and-slow,Goa,west,15.2993,74.124,55+,family,moderate,1,2024-01-06
u0004404,weekend-escaper,Himachal Pradesh,north,32.5387,75.9707,18-24,couple,shoestring,2,2024-07-15
u0004405,mountain-walker,Rajasthan,north,26.2389,73.0243,25-34,couple,premium,2,2024-10-13
u0004406,heritage-seeker,Uttar Pradesh,central,27.1767,78.0081,55+,family,moderate,1,2024-05-06
u0004407,food-first,Uttar Pradesh,central,27.1767,78.0081,45-54,solo,premium,2,2025-01-01
u0004408,beach-and-slow,Andaman and Nicobar Islands,south,11.6234,92.7265,18-24,family,moderate,4,2024-10-22
u0004409,family-holiday,Rajasthan,north,28.0229,73.3119,25-34,solo,comfortable,7,2024-01-21
u0004410,beach-and-slow,Maharashtra,west,19.076,72.8777,45-54,couple,shoestring,4,2024-05-29
u0004411,family-holiday,Madhya Pradesh,central,22.7196,75.8577,45-54,solo,shoestring,1,2024-08-17
u0004412,weekend-escaper,Rajasthan,north,24.5854,73.7125,55+,family,comfortable,1,2024-02-15
u0004413,food-first,Karnataka,south,12.2958,76.6394,25-34,family,comfortable,2,2024-03-16
u0004414,family-holiday,Rajasthan,north,28.0229,73.3119,55+,friends,shoestring,19,2025-02-11
u0004415,family-holiday,Tamil Nadu,south,8.0883,77.5385,35-44,couple,comfortable,2,2025-09-19
u0004416,mountain-walker,Uttarakhand,north,30.3165,78.0322,25-34,solo,comfortable,7,2025-02-12
u0004417,food-first,Uttarakhand,north,30.529,79.5666,55+,friends,shoestring,1,2024-10-30
u0004418,weekend-escaper,Rajasthan,north,26.9124,75.7873,45-54,family,moderate,1,2024-08-03
u0004419,family-holiday,Rajasthan,north,24.5926,72.7156,25-34,couple,premium,1,2025-04-29
u0004420,food-first,Uttar Pradesh,central,25.4358,81.8463,45-54,family,moderate,3,2025-08-31
u0004421,weekend-escaper,Nagaland,northeast,25.6751,94.11,45-54,solo,moderate,7,2025-07-07
u0004422,mountain-walker,Karnataka,south,15.918,75.685,25-34,couple,moderate,2,2024-07-30
u0004423,food-first,Andhra Pradesh,south,16.5062,80.648,55+,family,shoestring,8,2025-08-16
u0004424,weekend-escaper,Karnataka,south,14.5479,74.3188,55+,family,comfortable,4,2025-08-30
u0004425,beach-and-slow,Tripura,northeast,23.8315,91.2868,35-44,friends,shoestring,1,2024-01-29
u0004426,beach-and-slow,Bihar,east,24.6961,84.9911,18-24,solo,shoestring,8,2024-10-31
u0004427,weekend-escaper,Karnataka,south,13.3161,75.772,25-34,couple,comfortable,4,2024-11-12
u0004428,beach-and-slow,Sikkim,northeast,27.3314,88.6138,18-24,family,moderate,1,2024-03-12
u0004429,family-holiday,Uttar Pradesh,central,26.7922,82.1998,45-54,solo,moderate,2,2024-01-15
u0004430,food-first,Rajasthan,north,26.9124,75.7873,55+,solo,moderate,1,2024-09-18
u0004431,mountain-walker,Jammu and Kashmir,north,32.7266,74.857,25-34,couple,shoestring,1,2025-09-07
u0004432,weekend-escaper,Himachal Pradesh,north,32.2464,78.0349,25-34,couple,moderate,1,2025-08-30
u0004433,beach-and-slow,Himachal Pradesh,north,31.1048,77.1734,35-44,solo,moderate,1,2024-11-29
u0004434,beach-and-slow,West Bengal,east,27.06,88.47,25-34,couple,comfortable,1,2025-03-25
u0004435,heritage-seeker,Rajasthan,north,25.4305,75.6499,25-34,family,comfortable,1,2024-05-22
u0004436,weekend-escaper,Odisha,east,19.8135,85.8312,35-44,family,comfortable,1,2025-07-24
u0004437,heritage-seeker,Arunachal Pradesh,northeast,27.586,91.859,25-34,solo,shoestring,4,2024-02-07
u0004438,weekend-escaper,Gujarat,west,22.2394,68.9678,55+,friends,moderate,1,2025-03-14
u0004439,pilgrim,Jharkhand,east,23.3441,85.3096,18-24,couple,comfortable,1,2024-07-24
u0004440,heritage-seeker,Maharashtra,west,19.076,72.8777,55+,family,shoestring,10,2024-10-28
u0004441,mountain-walker,Sikkim,northeast,27.3314,88.6138,25-34,friends,moderate,3,2025-08-25
u0004442,family-holiday,Gujarat,west,21.1702,72.8311,45-54,solo,comfortable,1,2024-12-16
u0004443,family-holiday,Uttar Pradesh,central,26.7922,82.1998,18-24,solo,comfortable,1,2025-05-10
u0004444,weekend-escaper,Telangana,south,17.385,78.4867,35-44,couple,shoestring,1,2024-04-05
u0004445,heritage-seeker,Uttarakhand,north,30.529,79.5666,55+,family,moderate,2,2024-09-06
u0004446,food-first,Karnataka,south,13.3161,75.772,25-34,family,moderate,2,2024-03-17
u0004447,pilgrim,Maharashtra,west,19.8762,75.3433,18-24,family,moderate,1,2024-01-20
u0004448,beach-and-slow,Tamil Nadu,south,11.0168,76.9558,18-24,family,comfortable,2,2024-05-23
u0004449,family-holiday,Gujarat,west,23.0225,72.5714,35-44,solo,moderate,1,2024-05-19
u0004450,mountain-walker,Kerala,south,8.7379,76.7163,55+,friends,shoestring,3,2024-02-04
u0004451,family-holiday,Delhi,north,28.6139,77.209,18-24,friends,moderate,1,2024-03-19
u0004452,pilgrim,Punjab,north,31.634,74.8723,35-44,solo,shoestring,2,2024-11-03
u0004453,heritage-seeker,West Bengal,east,27.06,88.47,25-34,friends,shoestring,1,2025-02-10
u0004454,mountain-walker,Rajasthan,north,26.9157,70.9083,18-24,family,premium,1,2025-02-23
u0004455,pilgrim,Andhra Pradesh,south,16.5062,80.648,55+,family,comfortable,1,2025-05-04
u0004456,family-holiday,Chandigarh,north,30.7333,76.7794,45-54,family,shoestring,4,2025-05-19
u0004457,mountain-walker,Uttarakhand,north,27.4924,77.6737,45-54,couple,moderate,1,2025-03-25
u0004458,food-first,Uttarakhand,north,29.53,78.7747,55+,solo,shoestring,1,2025-08-29
u0004459,family-holiday,Maharashtra,west,19.076,72.8777,18-24,couple,shoestring,1,2025-08-09
u0004460,weekend-escaper,West Bengal,east,22.5726,88.3639,55+,solo,shoestring,1,2024-10-08
u0004461,food-first,Delhi,north,28.6139,77.209,18-24,couple,premium,1,2024-01-06
u0004462,food-first,Rajasthan,north,24.5854,73.7125,35-44,solo,shoestring,2,2024-03-21
u0004463,mountain-walker,Gujarat,west,21.1702,72.8311,45-54,family,moderate,3,2024-02-25
u0004464,family-holiday,Tamil Nadu,south,11.3494,76.7956,25-34,solo,moderate,1,2025-08-31
u0004465,family-holiday,Telangana,south,17.385,78.4867,45-54,couple,moderate,4,2025-07-22
u0004466,food-first,Rajasthan,north,24.8887,74.6269,18-24,couple,shoestring,1,2025-05-21
u0004467,family-holiday,Tamil Nadu,south,11.4102,76.695,35-44,couple,shoestring,1,2025-02-12
u0004468,food-first,Himachal Pradesh,north,32.2432,77.1892,45-54,solo,comfortable,1,2025-02-26
u0004469,heritage-seeker,Jharkhand,east,23.3441,85.3096,25-34,couple,comfortable,1,2024-09-24
u0004470,beach-and-slow,Uttarakhand,north,30.4598,78.0644,25-34,couple,premium,1,2024-02-25
u0004471,heritage-seeker,Meghalaya,northeast,25.27,91.732,45-54,couple,comfortable,2,2024-07-17
u0004472,heritage-seeker,Gujarat,west,22.2394,68.9678,55+,friends,moderate,1,2025-02-17
u0004473,pilgrim,Karnataka,south,12.2958,76.6394,18-24,couple,comfortable,2,2024-08-10
u0004474,family-holiday,Chandigarh,north,30.7333,76.7794,45-54,couple,comfortable,1,2025-06-29
u0004475,weekend-escaper,Assam,northeast,26.1445,91.7362,35-44,friends,comfortable,1,2025-07-09
u0004476,weekend-escaper,Rajasthan,north,26.2389,73.0243,25-34,couple,premium,1,2024-12-21
u0004477,family-holiday,Karnataka,south,12.9716,77.5946,25-34,solo,premium,1,2025-05-10
u0004478,family-holiday,Goa,west,15.2993,74.124,55+,solo,shoestring,1,2025-07-09
u0004479,mountain-walker,Ladakh,north,34.1526,77.5771,25-34,solo,moderate,1,2024-10-06
u0004480,heritage-seeker,Tamil Nadu,south,11.4102,76.695,55+,friends,moderate,1,2024-12-08
u0004481,pilgrim,Tripura,northeast,23.8315,91.2868,18-24,family,comfortable,1,2024-04-11
u0004482,mountain-walker,West Bengal,east,22.5726,88.3639,45-54,friends,shoestring,4,2025-09-14
u0004483,beach-and-slow,Bihar,east,25.5941,85.1376,35-44,family,comfortable,3,2024-07-14
u0004484,family-holiday,West Bengal,east,27.06,88.47,45-54,family,moderate,1,2025-04-09
u0004485,beach-and-slow,Rajasthan,north,26.4899,74.5511,25-34,family,comfortable,1,2025-02-20
u0004486,family-holiday,Sikkim,northeast,27.3314,88.6138,45-54,couple,comfortable,1,2025-03-26
u0004487,food-first,Chandigarh,north,30.7333,76.7794,55+,couple,comfortable,1,2024-10-31
u0004488,mountain-walker,Maharashtra,west,18.5204,73.8567,18-24,friends,premium,1,2024-08-24
u0004489,family-holiday,Uttar Pradesh,central,26.8467,80.9462,18-24,family,moderate,28,2024-05-24
u0004490,family-holiday,West Bengal,east,27.06,88.47,18-24,couple,moderate,1,2024-06-23
u0004491,weekend-escaper,Uttar Pradesh,central,27.5806,77.7006,18-24,couple,premium,2,2024-08-08
u0004492,food-first,Maharashtra,west,21.1458,79.0882,55+,solo,premium,7,2025-08-07
u0004493,beach-and-slow,Punjab,north,31.634,74.8723,25-34,friends,moderate,1,2024-10-01
u0004494,heritage-seeker,Gujarat,west,22.3072,73.1812,35-44,family,shoestring,1,2024-08-02
u0004495,mountain-walker,Gujarat,west,22.3072,73.1812,45-54,family,moderate,1,2024-02-11
u0004496,food-first,Rajasthan,north,26.4499,74.6399,18-24,family,comfortable,4,2024-12-17
u0004497,weekend-escaper,Goa,west,15.4909,73.8278,45-54,solo,comfortable,11,2025-06-25
u0004498,weekend-escaper,Uttar Pradesh,central,25.4358,81.8463,25-34,couple,comfortable,1,2025-02-20
u0004499,heritage-seeker,Madhya Pradesh,central,23.1765,75.7885,18-24,couple,comfortable,1,2025-04-28
u0004500,beach-and-slow,Jharkhand,east,23.3441,85.3096,18-24,family,shoestring,2,2024-02-06
u0004501,mountain-walker,Arunachal Pradesh,northeast,27.586,91.859,18-24,couple,moderate,5,2025-05-01
u0004502,mountain-walker,Punjab,north,31.634,74.8723,18-24,family,shoestring,2,2025-08-18
u0004503,heritage-seeker,Gujarat,west,23.0225,72.5714,45-54,couple,moderate,10,2024-03-21
u0004504,beach-and-slow,Himachal Pradesh,north,31.1048,77.1734,45-54,solo,moderate,3,2024-05-02
u0004505,heritage-seeker,Bihar,east,25.1367,85.4438,18-24,solo,shoestring,1,2025-02-21
u0004506,mountain-walker,Uttar Pradesh,central,27.5806,77.7006,35-44,family,premium,1,2025-09-15
u0004507,pilgrim,Uttarakhand,north,27.4924,77.6737,25-34,solo,shoestring,4,2025-06-01
u0004508,food-first,Bihar,east,25.1367,85.4438,45-54,solo,comfortable,3,2024-09-19
u0004509,beach-and-slow,Karnataka,south,15.918,75.685,25-34,solo,shoestring,1,2025-09-04
u0004510,food-first,Himachal Pradesh,north,31.1048,77.1734,25-34,friends,moderate,1,2024-10-21
u0004511,beach-and-slow,Karnataka,south,15.335,76.46,35-44,solo,moderate,8,2024-05-21
u0004512,family-holiday,Himachal Pradesh,north,32.219,76.3234,25-34,family,comfortable,1,2025-07-03
u0004513,mountain-walker,Manipur,northeast,24.817,93.9368,55+,friends,comfortable,1,2024-03-04
u0004514,pilgrim,Gujarat,west,23.2156,72.6369,45-54,couple,moderate,1,2025-01-21
u0004515,mountain-walker,Jammu and Kashmir,north,34.0837,74.7973,25-34,couple,shoestring,3,2025-01-03
u0004516,pilgrim,West Bengal,east,26.7271,88.3953,55+,friends,premium,1,2024-12-05
u0004517,beach-and-slow,Tamil Nadu,south,8.0883,77.5385,18-24,friends,shoestring,4,2025-04-04
u0004518,weekend-escaper,Kerala,south,9.9312,76.2673,18-24,friends,shoestring,1,2024-01-29
u0004519,pilgrim,Bihar,east,25.5941,85.1376,45-54,couple,shoestring,1,2024-03-11
u0004520,heritage-seeker,Uttar Pradesh,central,25.3176,82.9739,35-44,couple,moderate,1,2025-02-23
u0004521,mountain-walker,Rajasthan,north,24.8887,74.6269,18-24,friends,comfortable,1,2024-03-11
u0004522,family-holiday,Rajasthan,north,26.4499,74.6399,25-34,family,moderate,1,2024-11-30
u0004523,heritage-seeker,West Bengal,east,27.06,88.47,35-44,couple,moderate,17,2024-11-01
u0004524,family-holiday,Rajasthan,north,24.5854,73.7125,35-44,family,moderate,1,2024-09-15
u0004525,beach-and-slow,Tamil Nadu,south,13.0827,80.2707,25-34,friends,moderate,1,2025-06-08
u0004526,weekend-escaper,Himachal Pradesh,north,31.1048,77.1734,45-54,solo,shoestring,1,2025-06-19
u0004527,weekend-escaper,Tamil Nadu,south,8.0883,77.5385,35-44,couple,moderate,1,2024-12-14
u0004528,food-first,Madhya Pradesh,central,23.2599,77.4126,35-44,couple,moderate,1,2025-08-04
u0004529,weekend-escaper,Uttarakhand,north,30.0869,78.2676,35-44,couple,comfortable,1,2024-10-08
u0004530,weekend-escaper,Himachal Pradesh,north,32.2432,77.1892,25-34,solo,moderate,1,2025-04-25
u0004531,beach-and-slow,Uttar Pradesh,central,25.3176,82.9739,45-54,solo,comfortable,2,2025-05-02
u0004532,pilgrim,Jammu and Kashmir,north,34.0837,74.7973,18-24,family,moderate,2,2025-04-05
u0004533,pilgrim,Maharashtra,west,19.076,72.8777,55+,family,comfortable,7,2024-08-04
u0004534,heritage-seeker,Madhya Pradesh,central,26.2183,78.1828,55+,family,moderate,4,2025-09-05
u0004535,pilgrim,Maharashtra,west,21.1458,79.0882,25-34,solo,shoestring,2,2025-04-29
u0004536,family-holiday,Maharashtra,west,19.7645,74.4762,45-54,couple,moderate,2,2024-09-10
u0004537,family-holiday,Uttar Pradesh,central,27.1767,78.0081,25-34,family,premium,3,2025-07-07
u0004538,beach-and-slow,Madhya Pradesh,central,23.1815,79.9864,35-44,solo,shoestring,2,2025-03-09
u0004539,mountain-walker,West Bengal,east,27.041,88.2663,55+,couple,shoestring,1,2024-06-25
u0004540,heritage-seeker,Rajasthan,north,24.8887,74.6269,25-34,couple,premium,2,2024-04-17
u0004541,heritage-seeker,Odisha,east,19.8876,86.0945,35-44,solo,moderate,29,2025-01-26
u0004542,beach-and-slow,Karnataka,south,12.9141,74.856,25-34,solo,moderate,1,2025-04-30
u0004543,food-first,Mizoram,northeast,23.7271,92.7176,35-44,couple,moderate,1,2024-06-22
u0004544,weekend-escaper,Jharkhand,east,23.3441,85.3096,25-34,friends,comfortable,1,2024-03-23
u0004545,food-first,Uttarakhand,north,29.9457,78.1642,55+,solo,comfortable,3,2024-01-15
u0004546,food-first,Uttarakhand,north,30.529,79.5666,45-54,family,moderate,4,2024-05-11
u0004547,family-holiday,Karnataka,south,12.9141,74.856,55+,friends,moderate,1,2024-03-16
u0004548,family-holiday,Madhya Pradesh,central,23.1765,75.7885,55+,couple,shoestring,1,2024-02-05
u0004549,family-holiday,Madhya Pradesh,central,22.7196,75.8577,18-24,solo,moderate,1,2025-02-13
u0004550,weekend-escaper,Kerala,south,8.5241,76.9366,35-44,family,moderate,1,2025-07-07
u0004551,family-holiday,Andhra Pradesh,south,16.5062,80.648,35-44,solo,comfortable,1,2025-06-17
u0004552,heritage-seeker,Puducherry,south,11.9416,79.8083,35-44,solo,moderate,3,2024-09-24
u0004553,family-holiday,Tamil Nadu,south,11.3494,76.7956,18-24,solo,shoestring,2,2024-04-23
u0004554,mountain-walker,Rajasthan,north,26.4499,74.6399,45-54,solo,moderate,1,2024-12-29
u0004555,food-first,Tamil Nadu,south,12.6269,80.1927,25-34,friends,comfortable,1,2024-10-10
u0004556,family-holiday,Uttarakhand,north,30.529,79.5666,45-54,couple,comfortable,1,2025-09-04
u0004557,heritage-seeker,Tamil Nadu,south,10.787,79.1378,35-44,solo,comfortable,1,2025-06-23
u0004558,pilgrim,Gujarat,west,20.888,70.401,45-54,friends,comfortable,1,2024-07-06
u0004559,mountain-walker,Uttar Pradesh,central,26.8467,80.9462,55+,family,moderate,1,2024-05-28
u0004560,heritage-seeker,Gujarat,west,23.7333,69.8597,45-54,couple,premium,1,2025-05-14
u0004561,weekend-escaper,Assam,northeast,26.1445,91.7362,18-24,friends,premium,1,2025-04-08
u0004562,food-first,Uttar Pradesh,central,25.4358,81.8463,45-54,solo,comfortable,1,2024-06-11
u0004563,weekend-escaper,Madhya Pradesh,central,23.4794,77.7392,25-34,couple,shoestring,1,2024-08-11
u0004564,family-holiday,Gujarat,west,23.2156,72.6369,18-24,family,moderate,1,2025-06-25
u0004565,food-first,Uttar Pradesh,central,27.5806,77.7006,25-34,solo,shoestring,1,2025-06-26
u0004566,mountain-walker,Himachal Pradesh,north,32.219,76.3234,45-54,couple,shoestring,2,2024-12-03
u0004567,mountain-walker,Tamil Nadu,south,11.4102,76.695,25-34,family,moderate,2,2024-09-29
u0004568,beach-and-slow,Rajasthan,north,24.5854,73.7125,18-24,family,premium,1,2024-09-10
u0004569,heritage-seeker,Uttar Pradesh,central,26.7922,82.1998,35-44,solo,shoestring,1,2025-03-28
u0004570,pilgrim,West Bengal,east,27.041,88.2663,55+,couple,premium,1,2025-03-20
u0004571,family-holiday,Bihar,east,25.1367,85.4438,25-34,friends,shoestring,2,2024-11-07
u0004572,heritage-seeker,Tamil Nadu,south,11.3494,76.7956,18-24,couple,moderate,1,2024-09-11
u0004573,family-holiday,Uttarakhand,north,30.4598,78.0644,45-54,family,moderate,1,2025-09-10
u0004574,beach-and-slow,Andaman and Nicobar Islands,south,11.6234,92.7265,55+,couple,shoestring,1,2025-05-03
u0004575,heritage-seeker,Mizoram,northeast,23.7271,92.7176,35-44,solo,premium,1,2024-08-04
u0004576,heritage-seeker,Manipur,northeast,24.817,93.9368,25-34,couple,shoestring,9,2024-08-04
u0004577,heritage-seeker,Uttarakhand,north,29.3803,79.4636,55+,family,comfortable,9,2024-07-24
u0004578,weekend-escaper,Maharashtra,west,18.6414,72.8722,25-34,family,premium,2,2024-08-04
u0004579,weekend-escaper,Sikkim,northeast,27.3314,88.6138,45-54,couple,comfortable,1,2024-12-12
u0004580,family-holiday,Bihar,east,25.5941,85.1376,25-34,couple,shoestring,1,2025-06-17
u0004581,heritage-seeker,Odisha,east,19.8135,85.8312,55+,couple,comfortable,1,2025-07-05
u0004582,heritage-seeker,Meghalaya,northeast,25.27,91.732,25-34,family,shoestring,1,2025-08-31
u0004583,heritage-seeker,Maharashtra,west,18.5204,73.8567,25-34,family,moderate,1,2025-04-28
u0004584,mountain-walker,Kerala,south,8.7379,76.7163,25-34,friends,moderate,1,2025-06-18
u0004585,pilgrim,Maharashtra,west,19.9975,73.7898,18-24,family,moderate,5,2024-06-24
u0004586,weekend-escaper,Rajasthan,north,26.4899,74.5511,18-24,family,comfortable,1,2024-05-30
u0004587,mountain-walker,Andhra Pradesh,south,16.5062,80.648,35-44,family,comfortable,2,2024-11-07
u0004588,beach-and-slow,Kerala,south,8.5241,76.9366,18-24,couple,shoestring,1,2025-02-22
u0004589,beach-and-slow,Tamil Nadu,south,12.6269,80.1927,55+,family,moderate,2,2024-04-29
u0004590,food-first,Andhra Pradesh,south,16.5062,80.648,55+,couple,moderate,22,2024-08-28
u0004591,family-holiday,Delhi,north,28.6139,77.209,55+,friends,moderate,1,2025-07-20
u0004592,mountain-walker,Odisha,east,19.8876,86.0945,25-34,solo,comfortable,3,2024-01-06
u0004593,weekend-escaper,Tamil Nadu,south,10.7905,78.7047,55+,couple,moderate,2,2024-11-15
u0004594,mountain-walker,Karnataka,south,15.335,76.46,18-24,solo,comfortable,1,2025-02-16
u0004595,pilgrim,Arunachal Pradesh,northeast,27.586,91.859,35-44,family,shoestring,1,2025-09-14
u0004596,beach-and-slow,Uttarakhand,north,30.0869,78.2676,55+,friends,moderate,1,2025-03-28
u0004597,beach-and-slow,Tamil Nadu,south,11.0168,76.9558,35-44,solo,shoestring,1,2024-01-19
u0004598,beach-and-slow,Maharashtra,west,18.6414,72.8722,18-24,friends,shoestring,1,2024-06-13
u0004599,beach-and-slow,Rajasthan,north,26.9157,70.9083,18-24,couple,moderate,25,2024-06-05
u0004600,heritage-seeker,Kerala,south,8.5241,76.9366,25-34,friends,shoestring,1,2024-08-22
u0004601,beach-and-slow,Uttar Pradesh,central,27.1767,78.0081,18-24,couple,comfortable,1,2025-02-15
u0004602,food-first,Maharashtra,west,19.8762,75.3433,45-54,solo,comfortable,1,2025-02-01
u0004603,family-holiday,Rajasthan,north,28.0229,73.3119,25-34,couple,premium,1,2024-06-22
u0004604,weekend-escaper,Goa,west,15.2993,74.124,35-44,family,comfortable,2,2024-06-04
u0004605,mountain-walker,Karnataka,south,15.335,76.46,18-24,solo,comfortable,1,2024-10-25
u0004606,pilgrim,West Bengal,east,27.041,88.2663,55+,family,moderate,3,2025-02-18
u0004607,food-first,Tamil Nadu,south,10.2381,77.4892,45-54,friends,moderate,1,2024-03-09
u0004608,weekend-escaper,Kerala,south,11.6854,76.132,45-54,friends,moderate,2,2024-04-25
u0004609,heritage-seeker,Karnataka,south,12.9141,74.856,55+,family,comfortable,1,2025-07-09
u0004610,pilgrim,Odisha,east,20.2961,85.8245,45-54,friends,shoestring,2,2024-09-22
u0004611,heritage-seeker,Uttarakhand,north,27.4924,77.6737,45-54,couple,comfortable,1,2025-01-05
u0004612,beach-and-slow,Ladakh,north,34.6868,77.5619,55+,couple,shoestring,10,2025-01-13
u0004613,food-first,Madhya Pradesh,central,23.1765,75.7885,35-44,family,moderate,1,2025-09-02
u0004614,weekend-escaper,Delhi,north,28.6139,77.209,35-44,family,moderate,1,2024-04-05
u0004615,weekend-escaper,Maharashtra,west,19.7645,74.4762,18-24,couple,moderate,2,2025-08-04
u0004616,mountain-walker,Himachal Pradesh,north,32.2464,78.0349,25-34,friends,comfortable,4,2024-03-04
u0004617,family-holiday,Rajasthan,north,24.5854,73.7125,35-44,couple,comfortable,1,2024-10-30
u0004618,heritage-seeker,Tamil Nadu,south,10.787,79.1378,55+,couple,moderate,4,2025-09-20
u0004619,mountain-walker,Meghalaya,northeast,25.27,91.732,45-54,solo,premium,1,2024-07-27
u0004620,weekend-escaper,Tamil Nadu,south,13.0827,80.2707,55+,solo,moderate,2,2025-08-27
u0004621,weekend-escaper,Uttar Pradesh,central,27.5806,77.7006,18-24,solo,comfortable,1,2025-08-15
u0004622,beach-and-slow,Madhya Pradesh,central,23.1815,79.9864,45-54,couple,comfortable,2,2024-02-13
u0004623,mountain-walker,Gujarat,west,22.2394,68.9678,55+,couple,moderate,2,2024-03-06
u0004624,heritage-seeker,Uttar Pradesh,central,26.7922,82.1998,18-24,friends,moderate,1,2025-09-28
u0004625,pilgrim,Karnataka,south,12.9141,74.856,45-54,couple,premium,2,2025-09-11
u0004626,weekend-escaper,Maharashtra,west,18.7546,73.4062,25-34,family,moderate,1,2025-06-24
u0004627,family-holiday,Uttarakhand,north,30.529,79.5666,18-24,solo,premium,1,2025-01-15
u0004628,beach-and-slow,Karnataka,south,12.9141,74.856,45-54,solo,comfortable,1,2025-01-15
u0004629,mountain-walker,Kerala,south,9.5916,77.1603,55+,family,comfortable,4,2024-09-11
u0004630,beach-and-slow,Rajasthan,north,26.2389,73.0243,55+,couple,shoestring,1,2025-09-29
u0004631,heritage-seeker,Nagaland,northeast,25.6751,94.11,25-34,couple,shoestring,2,2024-02-11
u0004632,family-holiday,Puducherry,south,11.9416,79.8083,45-54,couple,premium,1,2024-07-20
u0004633,food-first,Rajasthan,north,26.4899,74.5511,25-34,family,comfortable,2,2024-04-05
u0004634,heritage-seeker,Madhya Pradesh,central,23.1765,75.7885,35-44,family,shoestring,1,2024-10-05
u0004635,weekend-escaper,West Bengal,east,27.06,88.47,45-54,friends,moderate,1,2024-03-08
u0004636,beach-and-slow,Madhya Pradesh,central,24.8318,79.9199,45-54,solo,premium,2,2025-04-15
u0004637,family-holiday,Uttar Pradesh,central,26.7922,82.1998,35-44,family,moderate,2,2024-12-23
u0004638,heritage-seeker,Uttar Pradesh,central,26.4499,80.3319,35-44,couple,moderate,1,2025-01-18
u0004639,weekend-escaper,Rajasthan,north,28.0229,73.3119,35-44,friends,moderate,1,2025-06-04
u0004640,weekend-escaper,Maharashtra,west,19.8762,75.3433,55+,couple,moderate,1,2024-08-29
u0004641,mountain-walker,Maharashtra,west,19.7645,74.4762,45-54,family,comfortable,2,2024-09-07
u0004642,food-first,Kerala,south,9.4981,76.3388,18-24,couple,shoestring,1,2024-08-14
u0004643,pilgrim,Kerala,south,11.6854,76.132,45-54,couple,comfortable,1,2024-05-02
u0004644,weekend-escaper,Maharashtra,west,19.9975,73.7898,45-54,friends,moderate,1,2024-07-22
u0004645,mountain-walker,Rajasthan,north,26.4899,74.5511,45-54,family,premium,1,2024-05-14
u0004646,weekend-escaper,Tripura,northeast,23.8315,91.2868,55+,family,shoestring,2,2025-04-26
u0004647,beach-and-slow,Odisha,east,19.8135,85.8312,35-44,couple,comfortable,1,2024-03-05
u0004648,beach-and-slow,Tamil Nadu,south,13.0827,80.2707,45-54,solo,moderate,1,2024-02-01
u0004649,beach-and-slow,Karnataka,south,15.2689,76.3909,55+,family,comfortable,2,2025-06-04
u0004650,family-holiday,Tamil Nadu,south,10.2381,77.4892,35-44,family,moderate,1,2025-01-05
u0004651,beach-and-slow,Sikkim,northeast,27.3314,88.6138,25-34,couple,shoestring,3,2024-04-29
u0004652,mountain-walker,Tamil Nadu,south,8.0883,77.5385,45-54,solo,moderate,2,2025-01-20
u0004653,mountain-walker,Odisha,east,19.8135,85.8312,45-54,couple,moderate,2,2024-04-02
u0004654,pilgrim,Gujarat,west,23.2156,72.6369,55+,couple,moderate,2,2025-09-16
u0004655,heritage-seeker,Gujarat,west,20.888,70.401,18-24,friends,moderate,11,2024-11-06
u0004656,mountain-walker,Kerala,south,10.0889,77.0595,35-44,couple,moderate,1,2024-08-25
u0004657,mountain-walker,Delhi,north,28.6139,77.209,35-44,couple,premium,1,2025-02-21
u0004658,food-first,Karnataka,south,15.918,75.685,55+,solo,premium,1,2024-08-12
u0004659,family-holiday,Nagaland,northeast,25.6751,94.11,18-24,couple,shoestring,1,2024-08-01
u0004660,heritage-seeker,Goa,west,15.2993,74.124,35-44,couple,premium,1,2024-12-18
u0004661,family-holiday,Maharashtra,west,18.7546,73.4062,18-24,family,moderate,2,2025-04-15
u0004662,heritage-seeker,Uttar Pradesh,central,27.5806,77.7006,35-44,family,shoestring,1,2024-06-03
u0004663,beach-and-slow,Tamil Nadu,south,8.0883,77.5385,25-34,solo,comfortable,1,2025-05-10
u0004664,food-first,Karnataka,south,12.3375,75.8069,45-54,family,shoestring,1,2024-05-22
u0004665,beach-and-slow,Rajasthan,north,26.838,70.9,45-54,family,moderate,7,2024-11-04
u0004666,beach-and-slow,Rajasthan,north,24.5854,73.7125,45-54,friends,moderate,3,2024-12-03
u0004667,beach-and-slow,Rajasthan,north,26.4899,74.5511,35-44,couple,premium,1,2024-12-19
u0004668,family-holiday,Rajasthan,north,26.838,70.9,55+,solo,shoestring,2,2024-04-23
u0004669,mountain-walker,Uttarakhand,north,29.9457,78.1642,55+,family,comfortable,2,2024-04-24
u0004670,weekend-escaper,Rajasthan,north,24.5926,72.7156,35-44,solo,premium,1,2025-08-06
u0004671,family-holiday,Karnataka,south,15.2689,76.3909,45-54,solo,moderate,1,2025-03-29
u0004672,food-first,Uttarakhand,north,30.0869,78.2676,35-44,solo,comfortable,1,2024-08-24
u0004673,weekend-escaper,West Bengal,east,27.06,88.47,18-24,solo,shoestring,1,2024-01-16
u0004674,mountain-walker,Andhra Pradesh,south,17.6868,83.2185,55+,solo,shoestring,1,2024-05-03
u0004675,beach-and-slow,Jammu and Kashmir,north,32.7266,74.857,18-24,solo,moderate,1,2024-10-31
u0004676,pilgrim,Odisha,east,19.8876,86.0945,18-24,family,moderate,1,2024-06-16
u0004677,family-holiday,Himachal Pradesh,north,32.01,77.3152,45-54,couple,shoestring,2,2024-01-09
u0004678,weekend-escaper,Tamil Nadu,south,11.4102,76.695,25-34,family,comfortable,2,2025-01-11
u0004679,food-first,Jammu and Kashmir,north,32.7266,74.857,35-44,friends,comfortable,1,2025-06-27
u0004680,pilgrim,Rajasthan,north,26.9157,70.9083,25-34,couple,moderate,1,2024-07-24
u0004681,mountain-walker,Odisha,east,20.2961,85.8245,25-34,friends,moderate,17,2024-11-25
u0004682,family-holiday,Kerala,south,11.2588,75.7804,45-54,solo,moderate,31,2024-10-03
u0004683,family-holiday,Madhya Pradesh,central,22.7196,75.8577,25-34,solo,comfortable,1,2025-09-29
u0004684,weekend-escaper,Meghalaya,northeast,25.5788,91.8933,18-24,friends,comfortable,10,2024-04-20
u0004685,food-first,Himachal Pradesh,north,32.2464,78.0349,55+,family,comfortable,14,2024-05-31
u0004686,beach-and-slow,Madhya Pradesh,central,22.7196,75.8577,35-44,friends,comfortable,1,2025-07-05
u0004687,pilgrim,Nagaland,northeast,25.6751,94.11,18-24,family,shoestring,1,2025-04-11
u0004688,weekend-escaper,Meghalaya,northeast,25.5788,91.8933,18-24,friends,moderate,2,2024-04-29
u0004689,weekend-escaper,Rajasthan,north,26.9124,75.7873,35-44,solo,moderate,2,2024-04-16
u0004690,heritage-seeker,Telangana,south,17.385,78.4867,25-34,friends,moderate,5,2025-08-21
u0004691,food-first,Kerala,south,11.6854,76.132,18-24,couple,premium,8,2024-12-18
u0004692,heritage-seeker,Meghalaya,northeast,25.5788,91.8933,45-54,solo,comfortable,1,2025-06-04
u0004693,beach-and-slow,Maharashtra,west,18.7546,73.4062,25-34,couple,shoestring,3,2025-04-28
u0004694,weekend-escaper,Maharashtra,west,19.9975,73.7898,18-24,solo,moderate,2,2024-05-13
u0004695,beach-and-slow,Tamil Nadu,south,10.7905,78.7047,18-24,solo,comfortable,1,2025-07-18
u0004696,heritage-seeker,Tamil Nadu,south,11.0168,76.9558,25-34,couple,moderate,1,2024-03-09
u0004697,pilgrim,Uttar Pradesh,central,26.7922,82.1998,45-54,couple,premium,1,2024-08-09
u0004698,family-holiday,Uttar Pradesh,central,27.1767,78.0081,25-34,couple,premium,1,2024-10-24
u0004699,family-holiday,Karnataka,south,12.3375,75.8069,55+,friends,moderate,1,2024-07-20
u0004700,food-first,Uttar Pradesh,central,25.4358,81.8463,55+,solo,moderate,1,2024-09-26
u0004701,heritage-seeker,Uttarakhand,north,30.529,79.5666,25-34,family,premium,1,2025-06-29
u0004702,food-first,Andhra Pradesh,south,16.5062,80.648,18-24,couple,moderate,1,2024-06-10
u0004703,pilgrim,Arunachal Pradesh,northeast,27.586,91.859,35-44,solo,moderate,28,2024-09-10
u0004704,food-first,Tamil Nadu,south,12.6269,80.1927,25-34,family,moderate,1,2024-02-13
u0004705,weekend-escaper,Maharashtra,west,19.9975,73.7898,45-54,friends,premium,1,2025-03-21
u0004706,pilgrim,Odisha,east,19.8135,85.8312,45-54,family,shoestring,2,2025-02-18
u0004707,heritage-seeker,Gujarat,west,23.7333,69.8597,35-44,couple,premium,1,2024-04-05
u0004708,mountain-walker,Uttarakhand,north,27.4924,77.6737,18-24,friends,comfortable,1,2024-05-28
u0004709,weekend-escaper,Uttarakhand,north,27.4924,77.6737,45-54,friends,shoestring,3,2024-08-26
u0004710,food-first,Andhra Pradesh,south,16.5062,80.648,55+,friends,moderate,1,2024-02-22
u0004711,pilgrim,Tamil Nadu,south,8.0883,77.5385,45-54,couple,shoestring,4,2025-01-15
u0004712,food-first,Karnataka,south,12.9141,74.856,55+,family,shoestring,1,2024-01-07
u0004713,family-holiday,Maharashtra,west,21.1458,79.0882,25-34,friends,moderate,1,2024-07-18
u0004714,heritage-seeker,Uttar Pradesh,central,26.4499,80.3319,45-54,solo,moderate,1,2025-07-14
u0004715,mountain-walker,Gujarat,west,22.3072,73.1812,18-24,family,comfortable,4,2024-07-21
u0004716,weekend-escaper,Himachal Pradesh,north,32.2432,77.1892,55+,solo,comfortable,1,2024-02-06
u0004717,pilgrim,Telangana,south,17.385,78.4867,55+,solo,premium,2,2024-03-30
u0004718,pilgrim,Gujarat,west,23.0225,72.5714,35-44,friends,moderate,1,2025-04-09
u0004719,family-holiday,Andhra Pradesh,south,13.6288,79.4192,45-54,solo,comfortable,1,2024-07-20
u0004720,heritage-seeker,Madhya Pradesh,central,23.1765,75.7885,18-24,couple,shoestring,1,2024-04-18
u0004721,beach-and-slow,Uttar Pradesh,central,27.5806,77.7006,18-24,friends,moderate,2,2025-07-06
u0004722,family-holiday,Assam,northeast,26.1445,91.7362,35-44,solo,comfortable,7,2025-01-15
u0004723,food-first,West Bengal,east,27.06,88.47,35-44,couple,moderate,1,2024-02-13
u0004724,weekend-escaper,Ladakh,north,34.1526,77.5771,25-34,solo,moderate,4,2024-07-26
u0004725,beach-and-slow,Uttarakhand,north,29.53,78.7747,18-24,solo,comfortable,1,2024-05-28
u0004726,mountain-walker,Bihar,east,25.5941,85.1376,35-44,couple,comfortable,1,2024-09-23
u0004727,heritage-seeker,Rajasthan,north,24.8887,74.6269,35-44,couple,moderate,1,2025-02-23
u0004728,weekend-escaper,Uttarakhand,north,30.0869,78.2676,18-24,couple,premium,1,2024-05-19
u0004729,family-holiday,West Bengal,east,21.627,87.509,35-44,couple,moderate,25,2024-09-21
u0004730,weekend-escaper,Goa,west,15.2993,74.124,35-44,family,moderate,1,2025-09-08
u0004731,weekend-escaper,Gujarat,west,23.2156,72.6369,25-34,solo,shoestring,1,2024-05-06
u0004732,beach-and-slow,Kerala,south,11.2588,75.7804,55+,family,moderate,1,2024-11-08
u0004733,pilgrim,Ladakh,north,34.1526,77.5771,55+,friends,shoestring,1,2025-03-21
u0004734,beach-and-slow,Karnataka,south,15.918,75.685,25-34,couple,moderate,3,2024-10-08
u0004735,beach-and-slow,Delhi,north,28.6139,77.209,25-34,solo,premium,4,2024-08-17
u0004736,weekend-escaper,Puducherry,south,11.9416,79.8083,35-44,couple,moderate,1,2024-08-18
u0004737,food-first,Uttarakhand,north,27.4924,77.6737,25-34,friends,shoestring,1,2025-07-29
u0004738,food-first,Uttarakhand,north,29.53,78.7747,35-44,couple,comfortable,1,2025-07-27
u0004739,food-first,Bihar,east,25.5941,85.1376,25-34,solo,comfortable,1,2025-09-06
u0004740,food-first,Madhya Pradesh,central,26.2183,78.1828,25-34,couple,comfortable,1,2025-05-09
u0004741,family-holiday,Kerala,south,10.0889,77.0595,18-24,friends,comfortable,1,2024-02-21
u0004742,family-holiday,Himachal Pradesh,north,31.1048,77.1734,18-24,friends,moderate,1,2024-01-15
u0004743,weekend-escaper,Tripura,northeast,23.8315,91.2868,25-34,couple,moderate,19,2024-07-15
u0004744,pilgrim,Bihar,east,24.6961,84.9911,35-44,family,shoestring,26,2024-11-05
u0004745,family-holiday,Uttar Pradesh,central,25.4358,81.8463,45-54,family,moderate,1,2025-08-17
u0004746,family-holiday,Andhra Pradesh,south,17.6868,83.2185,35-44,friends,comfortable,1,2024-11-11
u0004747,heritage-seeker,West Bengal,east,27.06,88.47,45-54,solo,comfortable,27,2025-01-01
u0004748,heritage-seeker,Tripura,northeast,23.8315,91.2868,45-54,friends,comfortable,2,2025-06-06
u0004749,heritage-seeker,Rajasthan,north,24.5926,72.7156,45-54,solo,shoestring,1,2024-01-02
u0004750,family-holiday,Odisha,east,19.8876,86.0945,45-54,family,comfortable,2,2025-06-27
u0004751,family-holiday,Tripura,northeast,23.8315,91.2868,25-34,couple,comfortable,1,2024-02-14
u0004752,mountain-walker,Tamil Nadu,south,11.4102,76.695,45-54,family,moderate,3,2025-06-05
u0004753,family-holiday,Kerala,south,8.4004,76.9784,35-44,solo,moderate,1,2025-03-11
u0004754,mountain-walker,Uttarakhand,north,29.3803,79.4636,55+,couple,moderate,1,2025-06-27
u0004755,pilgrim,Madhya Pradesh,central,25.3518,78.6417,55+,friends,moderate,4,2024-08-11
u0004756,mountain-walker,Karnataka,south,15.335,76.46,45-54,family,moderate,4,2024-06-26
u0004757,weekend-escaper,Puducherry,south,11.9416,79.8083,35-44,friends,moderate,7,2025-01-24
u0004758,mountain-walker,Sikkim,northeast,27.3,88.24,55+,family,shoestring,1,2025-05-27
u0004759,mountain-walker,Himachal Pradesh,north,32.2464,78.0349,55+,couple,comfortable,1,2024-02-04
u0004760,family-holiday,Maharashtra,west,21.1458,79.0882,45-54,family,moderate,1,2025-05-26
u0004761,food-first,Maharashtra,west,18.7546,73.4062,25-34,family,comfortable,3,2025-07-30
u0004762,beach-and-slow,Tamil Nadu,south,10.7905,78.7047,45-54,couple,moderate,1,2024-02-24
u0004763,family-holiday,Kerala,south,9.9312,76.2673,18-24,solo,comfortable,1,2024-05-05
u0004764,family-holiday,Madhya Pradesh,central,23.2599,77.4126,35-44,solo,shoestring,7,2024-06-24
u0004765,weekend-escaper,Meghalaya,northeast,25.27,91.732,45-54,friends,moderate,1,2025-02-15
u0004766,family-holiday,Delhi,north,28.6139,77.209,35-44,couple,comfortable,1,2025-01-29
u0004767,mountain-walker,Rajasthan,north,28.0229,73.3119,35-44,solo,shoestring,8,2025-07-17
u0004768,weekend-escaper,Himachal Pradesh,north,32.5387,75.9707,35-44,family,moderate,1,2024-01-18
u0004769,heritage-seeker,Karnataka,south,12.3375,75.8069,25-34,couple,moderate,3,2024-12-04
u0004770,beach-and-slow,Uttarakhand,north,30.0869,78.2676,18-24,friends,comfortable,1,2025-08-02
u0004771,beach-and-slow,Uttarakhand,north,30.4598,78.0644,25-34,couple,premium,4,2025-09-29
u0004772,heritage-seeker,Tamil Nadu,south,10.2381,77.4892,18-24,couple,moderate,1,2024-08-27
u0004773,heritage-seeker,Uttarakhand,north,27.4924,77.6737,55+,couple,comfortable,1,2024-02-14
u0004774,weekend-escaper,Manipur,northeast,24.817,93.9368,25-34,friends,moderate,3,2024-08-16
u0004775,mountain-walker,Ladakh,north,34.1526,77.5771,55+,family,moderate,8,2025-03-15
u0004776,heritage-seeker,Kerala,south,8.5241,76.9366,45-54,couple,shoestring,26,2024-04-22
u0004777,mountain-walker,Odisha,east,20.2961,85.8245,35-44,family,shoestring,1,2024-10-31
u0004778,weekend-escaper,Rajasthan,north,26.4899,74.5511,25-34,solo,moderate,1,2025-03-06
u0004779,food-first,Uttarakhand,north,30.4598,78.0644,45-54,solo,moderate,1,2025-02-12
u0004780,food-first,Nagaland,northeast,25.6751,94.11,35-44,family,premium,5,2025-04-16
u0004781,weekend-escaper,Kerala,south,8.4004,76.9784,45-54,couple,moderate,104,2024-03-14
u0004782,beach-and-slow,Uttar Pradesh,central,26.4499,80.3319,25-34,couple,premium,1,2024-06-21
u0004783,heritage-seeker,Telangana,south,17.385,78.4867,25-34,family,premium,1,2024-08-12
u0004784,family-holiday,Jharkhand,east,23.3441,85.3096,35-44,solo,moderate,1,2024-07-09
u0004785,pilgrim,Rajasthan,north,24.5854,73.7125,55+,family,moderate,4,2024-10-02
u0004786,heritage-seeker,Tamil Nadu,south,12.6269,80.1927,55+,couple,shoestring,1,2024-07-19
u0004787,pilgrim,Uttarakhand,north,30.4598,78.0644,18-24,solo,comfortable,2,2025-03-19
u0004788,beach-and-slow,Karnataka,south,12.2958,76.6394,18-24,solo,premium,1,2025-05-09
u0004789,heritage-seeker,Maharashtra,west,19.8762,75.3433,55+,couple,moderate,1,2025-03-08
u0004790,family-holiday,Tamil Nadu,south,10.787,79.1378,35-44,couple,shoestring,1,2024-09-27
u0004791,heritage-seeker,Maharashtra,west,19.9975,73.7898,18-24,friends,comfortable,1,2024-04-07
u0004792,weekend-escaper,Rajasthan,north,26.838,70.9,25-34,friends,comfortable,2,2024-01-07
u0004793,food-first,Uttar Pradesh,central,26.7922,82.1998,55+,friends,premium,1,2024-03-07
u0004794,pilgrim,Odisha,east,19.8135,85.8312,18-24,couple,moderate,1,2024-03-01
u0004795,weekend-escaper,Tamil Nadu,south,11.3494,76.7956,45-54,couple,moderate,9,2025-02-05
u0004796,beach-and-slow,West Bengal,east,26.7271,88.3953,35-44,family,shoestring,1,2024-01-15
u0004797,heritage-seeker,Nagaland,northeast,25.6751,94.11,55+,family,comfortable,1,2025-04-02
u0004798,weekend-escaper,Gujarat,west,20.888,70.401,45-54,family,comfortable,13,2024-05-25
u0004799,food-first,Meghalaya,northeast,25.27,91.732,18-24,family,premium,3,2025-04-23
u0004800,heritage-seeker,West Bengal,east,27.041,88.2663,25-34,solo,premium,1,2025-03-25
u0004801,family-holiday,Kerala,south,8.4004,76.9784,35-44,family,comfortable,1,2024-04-14
u0004802,weekend-escaper,Assam,northeast,26.5775,93.1711,18-24,solo,shoestring,1,2024-10-20
u0004803,food-first,Odisha,east,19.8876,86.0945,18-24,solo,comfortable,1,2024-11-04
u0004804,food-first,Maharashtra,west,17.9307,73.6477,35-44,solo,comfortable,1,2024-09-02
u0004805,mountain-walker,Chandigarh,north,30.7333,76.7794,55+,couple,shoestring,1,2025-03-10
u0004806,heritage-seeker,Chandigarh,north,30.7333,76.7794,55+,friends,comfortable,1,2025-02-04
u0004807,food-first,Andhra Pradesh,south,13.6288,79.4192,35-44,couple,comfortable,1,2024-06-30
u0004808,food-first,Uttar Pradesh,central,25.4358,81.8463,55+,family,moderate,1,2025-02-07
u0004809,family-holiday,Sikkim,northeast,27.3,88.24,45-54,friends,comfortable,1,2025-04-12
u0004810,mountain-walker,Gujarat,west,23.7333,69.8597,35-44,family,comfortable,1,2025-04-03
u0004811,heritage-seeker,Andhra Pradesh,south,17.6868,83.2185,45-54,couple,moderate,1,2025-05-31
u0004812,mountain-walker,Sikkim,northeast,27.3,88.24,18-24,solo,moderate,1,2025-09-28
u0004813,family-holiday,Tamil Nadu,south,10.2381,77.4892,45-54,couple,moderate,5,2024-09-08
u0004814,mountain-walker,West Bengal,east,27.041,88.2663,18-24,family,comfortable,2,2025-04-13
u0004815,mountain-walker,Gujarat,west,23.0225,72.5714,25-34,friends,comfortable,1,2024-01-04
u0004816,heritage-seeker,Uttarakhand,north,27.4924,77.6737,55+,family,moderate,1,2025-04-27
u0004817,mountain-walker,Jammu and Kashmir,north,32.7266,74.857,35-44,couple,moderate,1,2024-05-31
u0004818,food-first,Madhya Pradesh,central,23.2599,77.4126,18-24,family,moderate,1,2024-01-14
u0004819,food-first,Gujarat,west,22.2394,68.9678,25-34,friends,moderate,1,2024-12-14
u0004820,weekend-escaper,Karnataka,south,15.918,75.685,55+,couple,comfortable,1,2024-10-10
u0004821,food-first,Tamil Nadu,south,12.6269,80.1927,45-54,family,moderate,2,2024-01-16
u0004822,heritage-seeker,Himachal Pradesh,north,32.01,77.3152,55+,friends,moderate,2,2025-07-30
u0004823,weekend-escaper,Gujarat,west,23.7333,69.8597,35-44,family,shoestring,2,2024-09-23
u0004824,beach-and-slow,Sikkim,northeast,27.3314,88.6138,25-34,solo,moderate,1,2024-04-05
u0004825,mountain-walker,Maharashtra,west,19.8762,75.3433,55+,family,comfortable,7,2025-09-29
u0004826,weekend-escaper,Uttar Pradesh,central,27.1767,78.0081,25-34,solo,moderate,9,2025-03-16
u0004827,weekend-escaper,Uttarakhand,north,27.4924,77.6737,35-44,family,shoestring,1,2025-06-10
u0004828,weekend-escaper,Himachal Pradesh,north,32.01,77.3152,55+,solo,moderate,2,2024-11-19
u0004829,family-holiday,Tamil Nadu,south,12.6269,80.1927,35-44,couple,comfortable,2,2025-06-30
u0004830,family-holiday,Kerala,south,9.5916,77.1603,25-34,family,shoestring,4,2024-01-10
u0004831,family-holiday,Rajasthan,north,28.0229,73.3119,18-24,friends,comfortable,1,2024-10-20
u0004832,family-holiday,Uttarakhand,north,30.0869,78.2676,55+,solo,shoestring,1,2025-01-02
u0004833,family-holiday,Rajasthan,north,26.4499,74.6399,45-54,solo,comfortable,1,2025-02-10
u0004834,beach-and-slow,Tamil Nadu,south,8.0883,77.5385,25-34,solo,moderate,74,2024-02-19
u0004835,pilgrim,Kerala,south,8.7379,76.7163,25-34,couple,comfortable,1,2024-07-10
u0004836,family-holiday,Kerala,south,9.9312,76.2673,25-34,couple,moderate,3,2024-05-23
u0004837,weekend-escaper,Jharkhand,east,23.3441,85.3096,25-34,family,moderate,1,2024-10-22
u0004838,food-first,Himachal Pradesh,north,32.219,76.3234,25-34,solo,moderate,3,2025-02-26
u0004839,heritage-seeker,Bihar,east,24.6961,84.9911,35-44,family,moderate,1,2025-04-15
u0004840,pilgrim,Kerala,south,8.7379,76.7163,25-34,couple,moderate,10,2024-04-19
u0004841,heritage-seeker,Madhya Pradesh,central,23.4794,77.7392,18-24,couple,moderate,1,2024-06-07
u0004842,beach-and-slow,Jammu and Kashmir,north,32.7266,74.857,18-24,couple,shoestring,1,2025-01-19
u0004843,food-first,Odisha,east,20.2961,85.8245,35-44,family,comfortable,1,2024-12-26
u0004844,heritage-seeker,Kerala,south,8.5241,76.9366,18-24,couple,moderate,2,2024-10-31
u0004845,heritage-seeker,Kerala,south,8.4004,76.9784,55+,couple,shoestring,1,2024-04-08
u0004846,pilgrim,Sikkim,northeast,27.3,88.24,18-24,couple,shoestring,1,2025-03-04
u0004847,family-holiday,Arunachal Pradesh,northeast,27.0844,93.6053,55+,couple,comfortable,1,2024-05-29
u0004848,heritage-seeker,Rajasthan,north,24.8887,74.6269,45-54,solo,comfortable,1,2025-01-12
u0004849,family-holiday,Rajasthan,north,26.9124,75.7873,55+,family,shoestring,1,2025-03-04
u0004850,heritage-seeker,Rajasthan,north,25.4305,75.6499,18-24,couple,comfortable,2,2025-04-25
u0004851,weekend-escaper,Karnataka,south,14.5479,74.3188,35-44,family,shoestring,11,2025-05-26
u0004852,weekend-escaper,Tamil Nadu,south,10.787,79.1378,25-34,family,moderate,1,2025-06-09
u0004853,mountain-walker,Rajasthan,north,24.5926,72.7156,35-44,solo,comfortable,1,2024-03-09
u0004854,weekend-escaper,Karnataka,south,15.918,75.685,55+,family,moderate,3,2024-06-08
u0004855,food-first,Telangana,south,17.385,78.4867,25-34,couple,moderate,2,2024-07-24
u0004856,food-first,Kerala,south,8.5241,76.9366,35-44,family,premium,48,2025-01-31
u0004857,weekend-escaper,Tamil Nadu,south,11.0168,76.9558,18-24,family,premium,1,2024-06-23
u0004858,beach-and-slow,West Bengal,east,21.627,87.509,18-24,couple,premium,1,2025-09-02
u0004859,weekend-escaper,Assam,northeast,26.5775,93.1711,45-54,couple,premium,1,2025-05-07
u0004860,beach-and-slow,Kerala,south,8.7379,76.7163,18-24,family,shoestring,2,2025-04-28
u0004861,heritage-seeker,Himachal Pradesh,north,32.5387,75.9707,18-24,family,comfortable,1,2024-10-23
u0004862,pilgrim,Assam,northeast,26.95,94.17,35-44,solo,moderate,1,2024-03-10
u0004863,beach-and-slow,West Bengal,east,22.5726,88.3639,18-24,family,moderate,4,2024-08-16
u0004864,heritage-seeker,Gujarat,west,23.0225,72.5714,18-24,couple,shoestring,1,2024-11-13
u0004865,mountain-walker,Rajasthan,north,26.838,70.9,45-54,friends,moderate,6,2024-05-22
u0004866,weekend-escaper,Sikkim,northeast,27.3,88.24,25-34,family,comfortable,2,2024-12-29
u0004867,family-holiday,Andhra Pradesh,south,17.6868,83.2185,25-34,couple,moderate,2,2024-11-27
u0004868,weekend-escaper,Kerala,south,9.9312,76.2673,55+,solo,shoestring,2,2024-08-20
u0004869,mountain-walker,Delhi,north,28.6139,77.209,45-54,couple,moderate,1,2025-07-14
u0004870,beach-and-slow,Tripura,northeast,23.8315,91.2868,55+,solo,shoestring,1,2024-05-20
u0004871,heritage-seeker,Karnataka,south,12.9141,74.856,25-34,friends,moderate,1,2025-01-12
u0004872,food-first,Sikkim,northeast,27.3,88.24,25-34,family,moderate,1,2025-03-10
u0004873,food-first,Meghalaya,northeast,25.27,91.732,35-44,friends,moderate,1,2025-05-26
u0004874,family-holiday,Tamil Nadu,south,8.0883,77.5385,55+,solo,moderate,1,2025-07-03
u0004875,mountain-walker,Goa,west,15.4909,73.8278,35-44,couple,comfortable,1,2025-05-19
u0004876,weekend-escaper,Karnataka,south,14.5479,74.3188,35-44,family,premium,1,2024-06-11
u0004877,weekend-escaper,Gujarat,west,22.3072,73.1812,55+,couple,moderate,1,2024-02-24
u0004878,family-holiday,Uttarakhand,north,30.0869,78.2676,25-34,friends,premium,1,2024-11-27
u0004879,family-holiday,Karnataka,south,12.2958,76.6394,45-54,couple,moderate,10,2024-11-09
u0004880,food-first,Tamil Nadu,south,9.9252,78.1198,55+,family,comfortable,2,2024-10-04
u0004881,family-holiday,Himachal Pradesh,north,32.5387,75.9707,45-54,family,premium,1,2024-02-24
u0004882,pilgrim,Nagaland,northeast,25.6751,94.11,25-34,solo,comfortable,6,2024-05-13
u0004883,beach-and-slow,Rajasthan,north,26.9124,75.7873,25-34,couple,shoestring,1,2025-09-17
u0004884,pilgrim,Uttarakhand,north,27.4924,77.6737,45-54,friends,moderate,1,2024-12-23
u0004885,weekend-escaper,Rajasthan,north,26.4499,74.6399,25-34,solo,moderate,1,2024-10-15
u0004886,weekend-escaper,Jammu and Kashmir,north,32.7266,74.857,55+,solo,moderate,1,2025-08-23
u0004887,heritage-seeker,Rajasthan,north,26.2389,73.0243,25-34,couple,moderate,1,2024-11-01
u0004888,pilgrim,Meghalaya,northeast,25.5788,91.8933,25-34,solo,moderate,11,2024-06-27
u0004889,beach-and-slow,Maharashtra,west,18.6414,72.8722,35-44,couple,comfortable,1,2024-06-02
u0004890,family-holiday,Uttar Pradesh,central,27.5806,77.7006,18-24,couple,premium,1,2025-08-21
u0004891,pilgrim,Maharashtra,west,18.6414,72.8722,18-24,couple,shoestring,2,2024-08-21
u0004892,beach-and-slow,Jammu and Kashmir,north,32.7266,74.857,18-24,couple,shoestring,3,2025-09-10
u0004893,mountain-walker,Uttarakhand,north,30.529,79.5666,25-34,solo,moderate,1,2024-02-03
u0004894,family-holiday,Uttarakhand,north,29.3803,79.4636,25-34,couple,moderate,1,2025-07-16
u0004895,weekend-escaper,West Bengal,east,26.7271,88.3953,55+,couple,comfortable,2,2025-04-16
u0004896,beach-and-slow,Uttarakhand,north,29.9457,78.1642,25-34,solo,moderate,2,2025-01-20
u0004897,beach-and-slow,Delhi,north,28.6139,77.209,25-34,family,shoestring,1,2025-02-16
u0004898,mountain-walker,West Bengal,east,21.627,87.509,45-54,solo,comfortable,1,2024-05-04
u0004899,food-first,Uttarakhand,north,29.53,78.7747,25-34,couple,moderate,1,2025-03-28
u0004900,pilgrim,Tamil Nadu,south,11.3494,76.7956,25-34,family,comfortable,4,2024-01-20
u0004901,heritage-seeker,Uttarakhand,north,27.4924,77.6737,25-34,couple,moderate,2,2025-01-10
u0004902,mountain-walker,Gujarat,west,22.2394,68.9678,55+,couple,moderate,3,2024-10-21
u0004903,heritage-seeker,Jammu and Kashmir,north,34.0837,74.7973,18-24,couple,comfortable,1,2025-09-04
u0004904,weekend-escaper,Uttarakhand,north,30.4598,78.0644,35-44,couple,shoestring,1,2024-03-28
u0004905,pilgrim,Rajasthan,north,28.0229,73.3119,35-44,friends,comfortable,1,2025-05-30
u0004906,mountain-walker,Tamil Nadu,south,11.0168,76.9558,35-44,solo,comfortable,1,2024-09-10
u0004907,mountain-walker,Kerala,south,8.4004,76.9784,25-34,couple,moderate,3,2024-04-16
u0004908,heritage-seeker,West Bengal,east,26.7271,88.3953,45-54,solo,premium,1,2025-04-24
u0004909,pilgrim,Maharashtra,west,19.7645,74.4762,55+,family,shoestring,1,2025-01-04
u0004910,food-first,Uttar Pradesh,central,26.4499,80.3319,35-44,solo,shoestring,3,2025-03-15
u0004911,beach-and-slow,Karnataka,south,13.3409,74.7421,55+,couple,comfortable,2,2024-03-31
u0004912,family-holiday,Himachal Pradesh,north,31.1048,77.1734,25-34,couple,premium,2,2025-06-16
u0004913,mountain-walker,Karnataka,south,15.918,75.685,45-54,couple,shoestring,5,2024-11-22
u0004914,pilgrim,Tamil Nadu,south,10.7905,78.7047,35-44,family,premium,2,2024-07-16
u0004915,weekend-escaper,Meghalaya,northeast,25.27,91.732,35-44,solo,moderate,1,2024-02-27
u0004916,weekend-escaper,West Bengal,east,27.041,88.2663,45-54,friends,shoestring,1,2024-02-14
u0004917,food-first,Andhra Pradesh,south,13.6288,79.4192,25-34,couple,moderate,1,2024-03-14
u0004918,heritage-seeker,Rajasthan,north,26.9157,70.9083,35-44,friends,shoestring,1,2025-06-09
u0004919,family-holiday,Maharashtra,west,19.9975,73.7898,25-34,family,comfortable,1,2024-01-07
u0004920,food-first,Maharashtra,west,19.9975,73.7898,18-24,couple,comfortable,1,2024-10-30
u0004921,pilgrim,Meghalaya,northeast,25.27,91.732,45-54,family,shoestring,13,2025-09-09
u0004922,weekend-escaper,Madhya Pradesh,central,23.1815,79.9864,45-54,friends,moderate,2,2025-09-10
u0004923,heritage-seeker,Tripura,northeast,23.8315,91.2868,35-44,solo,moderate,1,2025-03-22
u0004924,heritage-seeker,Karnataka,south,12.3375,75.8069,55+,friends,shoestring,5,2024-02-18
u0004925,mountain-walker,Uttarakhand,north,27.4924,77.6737,35-44,family,comfortable,1,2024-09-24
u0004926,family-holiday,Maharashtra,west,18.6414,72.8722,35-44,couple,comfortable,47,2024-01-19
u0004927,weekend-escaper,Rajasthan,north,26.838,70.9,45-54,couple,shoestring,3,2025-09-21
u0004928,heritage-seeker,West Bengal,east,26.7271,88.3953,35-44,family,shoestring,1,2024-12-08
u0004929,food-first,Kerala,south,9.9312,76.2673,18-24,family,comfortable,1,2024-04-05
u0004930,family-holiday,West Bengal,east,22.5726,88.3639,35-44,couple,shoestring,12,2024-01-14
u0004931,mountain-walker,Nagaland,northeast,25.6751,94.11,45-54,friends,moderate,1,2025-02-04
u0004932,beach-and-slow,Assam,northeast,26.1445,91.7362,25-34,couple,comfortable,2,2024-12-11
u0004933,pilgrim,Telangana,south,17.385,78.4867,45-54,couple,moderate,1,2024-11-18
u0004934,family-holiday,Arunachal Pradesh,northeast,27.586,91.859,55+,solo,shoestring,1,2024-05-17
u0004935,pilgrim,Rajasthan,north,24.8887,74.6269,35-44,family,comfortable,1,2024-10-22
u0004936,weekend-escaper,Karnataka,south,12.9141,74.856,45-54,family,comfortable,1,2025-03-12
u0004937,heritage-seeker,Kerala,south,9.9312,76.2673,18-24,family,moderate,1,2024-09-26
u0004938,food-first,Karnataka,south,15.335,76.46,45-54,family,moderate,1,2025-04-04
u0004939,family-holiday,Madhya Pradesh,central,23.4794,77.7392,55+,solo,shoestring,6,2024-08-05
u0004940,pilgrim,Odisha,east,19.8876,86.0945,18-24,solo,comfortable,1,2025-02-28
u0004941,pilgrim,Bihar,east,25.5941,85.1376,45-54,family,moderate,1,2024-10-06
u0004942,weekend-escaper,Goa,west,15.2993,74.124,55+,family,comfortable,1,2024-12-19
u0004943,heritage-seeker,Gujarat,west,23.0225,72.5714,55+,solo,comfortable,1,2024-04-26
u0004944,family-holiday,Gujarat,west,23.7333,69.8597,45-54,couple,shoestring,1,2024-08-05
u0004945,mountain-walker,Gujarat,west,23.7333,69.8597,18-24,family,shoestring,1,2024-05-20
u0004946,mountain-walker,Maharashtra,west,18.6414,72.8722,25-34,solo,moderate,1,2024-12-05
u0004947,weekend-escaper,Uttar Pradesh,central,27.5806,77.7006,35-44,couple,shoestring,6,2025-05-27
u0004948,beach-and-slow,Meghalaya,northeast,25.27,91.732,35-44,couple,comfortable,1,2025-08-02
u0004949,pilgrim,Goa,west,15.4909,73.8278,35-44,couple,premium,1,2024-07-26
u0004950,mountain-walker,Nagaland,northeast,25.6751,94.11,18-24,friends,shoestring,3,2025-02-11
u0004951,heritage-seeker,Punjab,north,31.634,74.8723,35-44,family,comfortable,1,2024-09-13
u0004952,beach-and-slow,Bihar,east,25.1367,85.4438,45-54,friends,shoestring,1,2024-07-31
u0004953,weekend-escaper,Tamil Nadu,south,10.7905,78.7047,55+,friends,moderate,1,2024-10-04
u0004954,family-holiday,Chandigarh,north,30.7333,76.7794,55+,friends,moderate,1,2024-12-15
u0004955,food-first,Bihar,east,25.5941,85.1376,18-24,family,moderate,1,2024-01-01
u0004956,heritage-seeker,Rajasthan,north,24.5926,72.7156,45-54,friends,shoestring,3,2024-12-28
u0004957,family-holiday,Goa,west,15.2993,74.124,18-24,couple,shoestring,3,2024-10-28
u0004958,heritage-seeker,West Bengal,east,22.5726,88.3639,45-54,solo,moderate,1,2024-05-06
u0004959,beach-and-slow,Delhi,north,28.6139,77.209,45-54,family,shoestring,1,2025-05-12
u0004960,weekend-escaper,Delhi,north,28.6139,77.209,35-44,family,comfortable,1,2024-09-09
u0004961,mountain-walker,Uttarakhand,north,29.53,78.7747,35-44,family,premium,1,2025-08-24
u0004962,mountain-walker,Kerala,south,8.5241,76.9366,45-54,family,shoestring,1,2024-08-06
u0004963,beach-and-slow,Maharashtra,west,18.6414,72.8722,35-44,solo,moderate,1,2025-01-08
u0004964,mountain-walker,Himachal Pradesh,north,32.5387,75.9707,55+,friends,premium,3,2025-03-01
u0004965,weekend-escaper,Madhya Pradesh,central,23.1765,75.7885,35-44,friends,shoestring,2,2024-03-28
u0004966,pilgrim,Uttar Pradesh,central,25.3176,82.9739,35-44,family,comfortable,1,2024-02-23
u0004967,weekend-escaper,Karnataka,south,14.5479,74.3188,25-34,friends,comfortable,7,2024-10-09
u0004968,heritage-seeker,Arunachal Pradesh,northeast,27.586,91.859,45-54,family,moderate,1,2024-07-12
u0004969,family-holiday,Maharashtra,west,21.1458,79.0882,45-54,couple,moderate,1,2024-10-24
u0004970,food-first,Gujarat,west,23.2156,72.6369,25-34,family,comfortable,1,2024-06-18
u0004971,mountain-walker,Himachal Pradesh,north,32.2464,78.0349,35-44,couple,comfortable,1,2025-01-18
u0004972,weekend-escaper,Madhya Pradesh,central,23.1765,75.7885,45-54,family,comfortable,3,2024-01-06
u0004973,beach-and-slow,Himachal Pradesh,north,32.2464,78.0349,35-44,solo,moderate,1,2025-06-10
u0004974,heritage-seeker,Jammu and Kashmir,north,32.7266,74.857,35-44,couple,premium,6,2024-01-18
u0004975,food-first,Telangana,south,17.385,78.4867,25-34,solo,comfortable,1,2025-08-16
u0004976,mountain-walker,Karnataka,south,14.5479,74.3188,45-54,solo,comfortable,1,2025-05-05
u0004977,mountain-walker,Assam,northeast,26.95,94.17,25-34,friends,comfortable,2,2024-04-10
u0004978,pilgrim,Rajasthan,north,26.9157,70.9083,45-54,family,shoestring,1,2025-01-23
u0004979,heritage-seeker,Bihar,east,25.5941,85.1376,35-44,couple,moderate,1,2024-12-27
u0004980,weekend-escaper,Jammu and Kashmir,north,34.0837,74.7973,55+,friends,shoestring,1,2024-07-14
u0004981,weekend-escaper,Uttar Pradesh,central,26.4499,80.3319,35-44,family,comfortable,1,2025-09-10
u0004982,family-holiday,Kerala,south,10.0889,77.0595,18-24,couple,moderate,1,2024-05-06
u0004983,family-holiday,Himachal Pradesh,north,32.219,76.3234,55+,solo,shoestring,1,2025-03-25
u0004984,food-first,Rajasthan,north,24.8887,74.6269,35-44,solo,moderate,1,2024-02-17
u0004985,heritage-seeker,Meghalaya,northeast,25.27,91.732,45-54,solo,shoestring,3,2025-04-16
u0004986,mountain-walker,Madhya Pradesh,central,22.7196,75.8577,25-34,solo,comfortable,1,2024-10-11
u0004987,mountain-walker,Maharashtra,west,17.9307,73.6477,45-54,couple,comfortable,3,2024-10-23
u0004988,family-holiday,Tamil Nadu,south,10.7905,78.7047,18-24,friends,premium,1,2024-11-06
u0004989,mountain-walker,West Bengal,east,26.7271,88.3953,25-34,couple,comfortable,2,2025-04-22
u0004990,family-holiday,Telangana,south,17.385,78.4867,45-54,solo,moderate,1,2025-05-26
u0004991,family-holiday,Tamil Nadu,south,11.4102,76.695,45-54,family,comfortable,2,2025-07-15
u0004992,food-first,Assam,northeast,26.1445,91.7362,45-54,solo,moderate,1,2025-04-21
u0004993,pilgrim,Odisha,east,19.8876,86.0945,35-44,couple,comfortable,1,2025-05-15
u0004994,weekend-escaper,Gujarat,west,23.7333,69.8597,18-24,family,moderate,6,2025-05-15
u0004995,heritage-seeker,Gujarat,west,20.888,70.401,55+,family,comfortable,3,2024-05-25
u0004996,heritage-seeker,Maharashtra,west,19.9975,73.7898,35-44,family,shoestring,14,2024-03-28
u0004997,weekend-escaper,Tamil Nadu,south,11.0168,76.9558,45-54,couple,premium,10,2025-05-20
u0004998,beach-and-slow,Rajasthan,north,24.5854,73.7125,45-54,couple,moderate,1,2024-05-08
u0004999,weekend-escaper,Rajasthan,north,26.9124,75.7873,55+,family,shoestring,2,2025-08-04
u0005000,heritage-seeker,Tamil Nadu,south,10.787,79.1378,25-34,solo,moderate,4,2024-10-17
u0005001,food-first,Himachal Pradesh,north,31.1048,77.1734,45-54,couple,moderate,1,2025-03-06
u0005002,pilgrim,Tamil Nadu,south,11.0168,76.9558,35-44,couple,premium,1,2025-08-26
u0005003,family-holiday,Karnataka,south,12.9716,77.5946,25-34,family,comfortable,1,2024-04-10
u0005004,food-first,West Bengal,east,26.7271,88.3953,25-34,family,comfortable,13,2025-02-21
u0005005,family-holiday,Madhya Pradesh,central,26.2183,78.1828,45-54,friends,moderate,2,2025-02-06
u0005006,family-holiday,Tamil Nadu,south,10.787,79.1378,18-24,friends,moderate,1,2024-08-05
u0005007,pilgrim,Maharashtra,west,19.9975,73.7898,18-24,solo,shoestring,1,2025-03-25
u0005008,pilgrim,Uttarakhand,north,30.529,79.5666,18-24,couple,moderate,1,2025-05-18
u0005009,family-holiday,Arunachal Pradesh,northeast,27.586,91.859,25-34,couple,shoestring,1,2025-03-14
u0005010,weekend-escaper,Gujarat,west,23.7333,69.8597,18-24,family,moderate,17,2025-05-28
u0005011,mountain-walker,West Bengal,east,22.5726,88.3639,25-34,couple,moderate,1,2024-02-15
u0005012,mountain-walker,Jammu and Kashmir,north,32.7266,74.857,35-44,couple,moderate,1,2024-10-11
u0005013,mountain-walker,Kerala,south,8.5241,76.9366,45-54,couple,comfortable,3,2024-07-06
u0005014,heritage-seeker,West Bengal,east,26.7271,88.3953,18-24,couple,premium,2,2024-09-26
u0005015,food-first,Chandigarh,north,30.7333,76.7794,18-24,family,moderate,4,2025-02-28
u0005016,mountain-walker,Bihar,east,25.1367,85.4438,45-54,friends,premium,1,2024-01-04
u0005017,weekend-escaper,West Bengal,east,27.041,88.2663,35-44,couple,comfortable,2,2025-02-23
u0005018,family-holiday,Madhya Pradesh,central,25.3518,78.6417,35-44,couple,comfortable,1,2024-04-05
u0005019,heritage-seeker,Andhra Pradesh,south,13.6288,79.4192,35-44,couple,comfortable,1,2025-04-09
u0005020,mountain-walker,Assam,northeast,26.95,94.17,35-44,family,moderate,1,2025-07-07
u0005021,pilgrim,Kerala,south,11.6854,76.132,35-44,couple,premium,2,2025-09-01
u0005022,pilgrim,Gujarat,west,23.2156,72.6369,55+,couple,comfortable,1,2025-02-22
u0005023,food-first,Gujarat,west,23.2156,72.6369,25-34,family,shoestring,3,2024-03-30
u0005024,beach-and-slow,Uttarakhand,north,30.0869,78.2676,35-44,solo,moderate,2,2024-03-06
u0005025,food-first,Tamil Nadu,south,10.7905,78.7047,55+,couple,premium,2,2025-08-10
u0005026,mountain-walker,Uttar Pradesh,central,27.5806,77.7006,45-54,solo,comfortable,1,2025-03-18
u0005027,beach-and-slow,Chhattisgarh,central,21.2514,81.6296,45-54,solo,comfortable,5,2025-03-24
u0005028,family-holiday,Maharashtra,west,18.6414,72.8722,18-24,solo,comfortable,1,2024-07-16
u0005029,weekend-escaper,Maharashtra,west,19.9975,73.7898,25-34,couple,moderate,8,2025-09-18
u0005030,weekend-escaper,Goa,west,15.2993,74.124,45-54,couple,moderate,1,2025-09-23
u0005031,beach-and-slow,Chandigarh,north,30.7333,76.7794,45-54,solo,premium,1,2025-04-20
u0005032,mountain-walker,Karnataka,south,12.9716,77.5946,55+,couple,comfortable,2,2025-09-26
u0005033,heritage-seeker,Rajasthan,north,24.5854,73.7125,25-34,solo,comfortable,1,2024-07-25
u0005034,mountain-walker,Andhra Pradesh,south,17.6868,83.2185,18-24,solo,premium,1,2025-06-09
u0005035,heritage-seeker,Tamil Nadu,south,8.0883,77.5385,55+,family,shoestring,1,2025-04-25
u0005036,beach-and-slow,Goa,west,15.4909,73.8278,35-44,family,comfortable,2,2025-04-06
u0005037,family-holiday,Uttar Pradesh,central,25.4358,81.8463,18-24,couple,moderate,2,2025-09-08
u0005038,heritage-seeker,Telangana,south,17.385,78.4867,25-34,friends,moderate,1,2025-09-20
u0005039,heritage-seeker,Gujarat,west,21.1702,72.8311,35-44,solo,premium,1,2025-09-03
u0005040,weekend-escaper,Uttarakhand,north,29.3803,79.4636,18-24,solo,shoestring,5,2025-08-27
u0005041,weekend-escaper,Gujarat,west,23.7333,69.8597,18-24,friends,moderate,1,2024-05-08
u0005042,mountain-walker,Arunachal Pradesh,northeast,27.0844,93.6053,35-44,family,moderate,2,2024-07-20
u0005043,family-holiday,Madhya Pradesh,central,23.4794,77.7392,45-54,couple,moderate,5,2024-02-06
u0005044,family-holiday,Kerala,south,10.0889,77.0595,25-34,friends,premium,1,2025-01-30
u0005045,pilgrim,Assam,northeast,26.95,94.17,18-24,friends,moderate,15,2025-08-25
u0005046,family-holiday,Uttar Pradesh,central,27.1767,78.0081,18-24,couple,comfortable,1,2024-03-23
u0005047,weekend-escaper,Uttarakhand,north,27.4924,77.6737,45-54,family,comfortable,8,2024-05-28
u0005048,food-first,Himachal Pradesh,north,32.01,77.3152,25-34,family,moderate,1,2024-04-22
u0005049,beach-and-slow,Uttar Pradesh,central,26.4499,80.3319,55+,family,moderate,1,2024-08-17
u0005050,pilgrim,Sikkim,northeast,27.3314,88.6138,18-24,family,moderate,1,2025-07-10
u0005051,mountain-walker,Uttarakhand,north,30.529,79.5666,55+,solo,comfortable,1,2025-07-25
u0005052,weekend-escaper,Maharashtra,west,19.8762,75.3433,55+,couple,shoestring,2,2024-08-13
u0005053,mountain-walker,Madhya Pradesh,central,23.1765,75.7885,25-34,family,comfortable,5,2025-08-16
u0005054,family-holiday,Chandigarh,north,30.7333,76.7794,35-44,family,comfortable,10,2024-10-18
u0005055,food-first,Rajasthan,north,26.4899,74.5511,25-34,solo,premium,3,2024-06-07
u0005056,food-first,Himachal Pradesh,north,32.219,76.3234,25-34,solo,comfortable,1,2025-02-16
u0005057,pilgrim,Assam,northeast,26.1445,91.7362,25-34,couple,moderate,1,2024-05-28
u0005058,mountain-walker,Karnataka,south,14.5479,74.3188,25-34,couple,shoestring,1,2025-09-27
u0005059,mountain-walker,Uttar Pradesh,central,25.4358,81.8463,45-54,family,shoestring,1,2025-08-02
u0005060,food-first,Maharashtra,west,19.7645,74.4762,25-34,solo,moderate,1,2025-07-11
u0005061,weekend-escaper,Uttarakhand,north,30.3165,78.0322,55+,family,comfortable,1,2024-02-19
u0005062,family-holiday,Tamil Nadu,south,11.3494,76.7956,45-54,friends,moderate,1,2024-03-31
u0005063,mountain-walker,Tamil Nadu,south,12.6269,80.1927,35-44,couple,comfortable,1,2024-07-31
u0005064,family-holiday,Madhya Pradesh,central,23.1815,79.9864,18-24,couple,moderate,5,2025-08-12
u0005065,beach-and-slow,Himachal Pradesh,north,32.2464,78.0349,25-34,couple,moderate,2,2024-05-12
u0005066,food-first,Andaman and Nicobar Islands,south,11.6234,92.7265,45-54,couple,moderate,5,2025-01-24
u0005067,mountain-walker,Bihar,east,25.5941,85.1376,18-24,couple,comfortable,1,2024-09-01
u0005068,beach-and-slow,Rajasthan,north,26.838,70.9,25-34,family,comfortable,1,2024-07-26
u0005069,heritage-seeker,Karnataka,south,14.5479,74.3188,18-24,family,moderate,1,2024-10-09
u0005070,family-holiday,Uttarakhand,north,29.3803,79.4636,18-24,solo,premium,1,2024-12-02
u0005071,family-holiday,Rajasthan,north,26.838,70.9,55+,family,moderate,3,2024-12-07
u0005072,pilgrim,Maharashtra,west,19.076,72.8777,45-54,couple,moderate,1,2024-06-17
u0005073,family-holiday,Kerala,south,9.5916,77.1603,25-34,solo,moderate,2,2024-03-07
u0005074,weekend-escaper,Rajasthan,north,28.0229,73.3119,45-54,solo,moderate,1,2025-07-01
u0005075,weekend-escaper,West Bengal,east,26.7271,88.3953,45-54,family,comfortable,5,2024-05-26
u0005076,beach-and-slow,Karnataka,south,14.5479,74.3188,25-34,couple,comfortable,1,2024-09-06
u0005077,family-holiday,Karnataka,south,13.3409,74.7421,18-24,couple,moderate,1,2024-05-22
u0005078,pilgrim,Tamil Nadu,south,10.787,79.1378,25-34,couple,shoestring,1,2024-09-19
u0005079,family-holiday,Tripura,northeast,23.8315,91.2868,55+,friends,shoestring,10,2025-02-17
u0005080,heritage-seeker,Bihar,east,24.6961,84.9911,55+,solo,shoestring,2,2024-02-15
u0005081,pilgrim,Kerala,south,9.5916,77.1603,25-34,couple,comfortable,1,2024-11-15
u0005082,family-holiday,Himachal Pradesh,north,32.5387,75.9707,45-54,friends,shoestring,2,2024-12-29
u0005083,family-holiday,Tamil Nadu,south,8.0883,77.5385,55+,couple,premium,1,2024-05-31
u0005084,heritage-seeker,Maharashtra,west,21.1458,79.0882,35-44,friends,shoestring,2,2025-04-05
u0005085,pilgrim,Assam,northeast,26.5775,93.1711,35-44,couple,moderate,1,2024-05-09
u0005086,mountain-walker,Gujarat,west,22.3072,73.1812,18-24,family,comfortable,1,2024-06-04
u0005087,mountain-walker,Odisha,east,19.8135,85.8312,55+,solo,moderate,2,2025-06-06
u0005088,weekend-escaper,Madhya Pradesh,central,23.2599,77.4126,35-44,couple,comfortable,3,2024-06-12
u0005089,food-first,Kerala,south,10.0889,77.0595,35-44,couple,shoestring,1,2024-12-31
u0005090,weekend-escaper,Himachal Pradesh,north,32.2464,78.0349,55+,solo,moderate,1,2024-04-26
u0005091,mountain-walker,Himachal Pradesh,north,31.1048,77.1734,25-34,couple,moderate,9,2025-05-12
u0005092,food-first,Uttar Pradesh,central,25.3176,82.9739,18-24,solo,comfortable,1,2025-07-26
u0005093,heritage-seeker,Rajasthan,north,26.9157,70.9083,35-44,solo,comfortable,1,2024-03-03
u0005094,weekend-escaper,Kerala,south,9.9312,76.2673,45-54,family,moderate,1,2025-08-08
u0005095,heritage-seeker,Himachal Pradesh,north,32.2432,77.1892,35-44,family,shoestring,1,2024-02-10
u0005096,weekend-escaper,Tamil Nadu,south,10.787,79.1378,35-44,family,premium,1,2024-12-27
u0005097,heritage-seeker,Assam,northeast,26.95,94.17,35-44,couple,premium,1,2024-12-25
u0005098,family-holiday,Madhya Pradesh,central,23.2599,77.4126,55+,couple,moderate,2,2024-05-05
u0005099,food-first,Uttarakhand,north,29.9457,78.1642,55+,solo,moderate,1,2024-12-23
u0005100,mountain-walker,Rajasthan,north,26.838,70.9,18-24,couple,shoestring,1,2025-07-20
u0005101,weekend-escaper,Madhya Pradesh,central,26.2183,78.1828,45-54,couple,comfortable,1,2024-11-28
u0005102,food-first,Karnataka,south,15.918,75.685,25-34,friends,shoestring,1,2024-11-08
u0005103,weekend-escaper,Rajasthan,north,26.4899,74.5511,25-34,couple,premium,2,2025-03-08
u0005104,pilgrim,Uttarakhand,north,29.3803,79.4636,55+,solo,shoestring,3,2024-09-22
u0005105,mountain-walker,Maharashtra,west,18.6414,72.8722,35-44,family,premium,1,2025-09-24
u0005106,beach-and-slow,Gujarat,west,23.7333,69.8597,45-54,solo,moderate,1,2025-01-09
u0005107,family-holiday,Odisha,east,19.8135,85.8312,55+,couple,shoestring,1,2024-03-29
u0005108,mountain-walker,Rajasthan,north,24.8887,74.6269,18-24,couple,premium,1,2024-10-22
u0005109,weekend-escaper,Andhra Pradesh,south,13.6288,79.4192,25-34,friends,moderate,1,2025-02-15
u0005110,family-holiday,Rajasthan,north,24.5926,72.7156,55+,solo,premium,2,2025-03-21
u0005111,heritage-seeker,Karnataka,south,12.9716,77.5946,18-24,family,moderate,1,2025-06-10
u0005112,pilgrim,Himachal Pradesh,north,32.2464,78.0349,55+,solo,premium,1,2025-01-29
u0005113,heritage-seeker,Uttar Pradesh,central,27.5806,77.7006,25-34,family,premium,1,2025-01-04
u0005114,heritage-seeker,Uttarakhand,north,29.9457,78.1642,18-24,friends,moderate,1,2024-09-23
u0005115,family-holiday,Delhi,north,28.6139,77.209,18-24,solo,shoestring,1,2024-05-07
u0005116,mountain-walker,Maharashtra,west,17.9307,73.6477,18-24,couple,shoestring,1,2024-10-22
u0005117,mountain-walker,Rajasthan,north,26.9157,70.9083,45-54,solo,comfortable,2,2024-03-16
u0005118,weekend-escaper,Madhya Pradesh,central,22.7196,75.8577,35-44,solo,moderate,1,2024-07-11
u0005119,pilgrim,Kerala,south,11.2588,75.7804,45-54,couple,comfortable,1,2025-08-10
u0005120,beach-and-slow,Kerala,south,10.0889,77.0595,25-34,couple,moderate,2,2024-02-26
u0005121,family-holiday,Himachal Pradesh,north,32.01,77.3152,18-24,couple,moderate,3,2024-03-17
u0005122,beach-and-slow,Jharkhand,east,23.3441,85.3096,35-44,family,comfortable,1,2024-08-03
u0005123,food-first,Chandigarh,north,30.7333,76.7794,25-34,family,premium,3,2024-08-14
u0005124,family-holiday,Madhya Pradesh,central,23.1765,75.7885,45-54,solo,shoestring,3,2024-05-21
u0005125,family-holiday,Rajasthan,north,26.2389,73.0243,45-54,solo,premium,1,2025-01-02
u0005126,beach-and-slow,Ladakh,north,34.1526,77.5771,25-34,solo,comfortable,1,2024-05-13
u0005127,heritage-seeker,Uttarakhand,north,30.4598,78.0644,18-24,solo,comfortable,1,2025-02-21
u0005128,weekend-escaper,Himachal Pradesh,north,32.2432,77.1892,45-54,family,comfortable,1,2025-09-20
u0005129,food-first,Meghalaya,northeast,25.5788,91.8933,45-54,couple,comfortable,2,2024-10-04
u0005130,heritage-seeker,Andhra Pradesh,south,17.6868,83.2185,55+,friends,moderate,2,2024-07-06
u0005131,beach-and-slow,Maharashtra,west,19.9975,73.7898,45-54,couple,moderate,4,2025-01-08
u0005132,food-first,Bihar,east,25.1367,85.4438,25-34,couple,premium,1,2024-10-03
u0005133,pilgrim,Karnataka,south,12.3375,75.8069,45-54,solo,moderate,1,2024-09-12
u0005134,heritage-seeker,Maharashtra,west,18.5204,73.8567,25-34,family,comfortable,3,2024-08-03
u0005135,food-first,Uttarakhand,north,29.3803,79.4636,35-44,family,premium,1,2024-06-20
u0005136,heritage-seeker,Himachal Pradesh,north,32.219,76.3234,18-24,solo,comfortable,4,2024-07-28
u0005137,pilgrim,Maharashtra,west,19.8762,75.3433,35-44,couple,shoestring,1,2024-10-17
u0005138,family-holiday,Goa,west,15.2993,74.124,55+,solo,comfortable,1,2024-04-20
u0005139,beach-and-slow,West Bengal,east,21.627,87.509,45-54,friends,moderate,2,2024-06-29
u0005140,weekend-escaper,Maharashtra,west,18.6414,72.8722,45-54,family,moderate,1,2025-04-06
u0005141,food-first,Maharashtra,west,21.1458,79.0882,18-24,couple,premium,2,2025-05-12
u0005142,beach-and-slow,Ladakh,north,34.6868,77.5619,25-34,family,comfortable,1,2024-04-15
u0005143,food-first,Assam,northeast,26.95,94.17,55+,family,shoestring,12,2024-02-24
u0005144,mountain-walker,Madhya Pradesh,central,25.3518,78.6417,55+,family,comfortable,1,2025-01-24
u0005145,food-first,Karnataka,south,15.918,75.685,18-24,couple,moderate,1,2024-12-10
u0005146,beach-and-slow,Kerala,south,8.7379,76.7163,35-44,friends,premium,2,2025-09-05
u0005147,family-holiday,Kerala,south,11.6854,76.132,25-34,friends,moderate,4,2025-03-09
u0005148,family-holiday,Gujarat,west,22.2394,68.9678,55+,friends,comfortable,3,2024-08-06
u0005149,food-first,Tamil Nadu,south,10.787,79.1378,25-34,solo,comfortable,3,2024-07-11
u0005150,heritage-seeker,Uttarakhand,north,29.3803,79.4636,35-44,couple,premium,2,2024-08-02
u0005151,food-first,Assam,northeast,26.95,94.17,45-54,couple,shoestring,7,2025-02-19
u0005152,beach-and-slow,Maharashtra,west,19.9975,73.7898,55+,couple,moderate,2,2025-08-09
u0005153,weekend-escaper,Madhya Pradesh,central,23.4794,77.7392,25-34,friends,comfortable,1,2024-02-05
u0005154,food-first,Maharashtra,west,17.9307,73.6477,55+,couple,comfortable,1,2024-12-01
u0005155,family-holiday,Tamil Nadu,south,8.0883,77.5385,45-54,friends,shoestring,1,2024-08-05
u0005156,weekend-escaper,Himachal Pradesh,north,32.5387,75.9707,35-44,solo,comfortable,5,2024-02-15
u0005157,heritage-seeker,Himachal Pradesh,north,32.2464,78.0349,45-54,couple,comfortable,1,2024-06-14
u0005158,mountain-walker,Assam,northeast,26.5775,93.1711,55+,family,moderate,3,2024-08-02
u0005159,heritage-seeker,Puducherry,south,11.9416,79.8083,25-34,couple,moderate,1,2025-02-25
u0005160,pilgrim,Telangana,south,17.385,78.4867,25-34,couple,premium,1,2024-01-06
u0005161,family-holiday,Gujarat,west,22.2394,68.9678,55+,solo,premium,3,2024-08-08
u0005162,mountain-walker,Uttarakhand,north,29.53,78.7747,35-44,solo,moderate,4,2024-05-30
u0005163,pilgrim,Rajasthan,north,26.9124,75.7873,55+,family,shoestring,2,2025-08-13
u0005164,pilgrim,Goa,west,15.4909,73.8278,55+,solo,moderate,1,2025-06-02
u0005165,heritage-seeker,Sikkim,northeast,27.3314,88.6138,18-24,solo,shoestring,6,2024-06-22
u0005166,weekend-escaper,Andaman and Nicobar Islands,south,11.6234,92.7265,25-34,friends,shoestring,5,2024-07-05
u0005167,heritage-seeker,Karnataka,south,13.3161,75.772,35-44,couple,moderate,2,2024-02-17
u0005168,heritage-seeker,West Bengal,east,27.06,88.47,25-34,couple,moderate,2,2024-04-23
u0005169,weekend-escaper,Rajasthan,north,26.4899,74.5511,45-54,family,shoestring,1,2025-05-21
u0005170,pilgrim,Maharashtra,west,19.7645,74.4762,35-44,couple,comfortable,1,2024-09-12
u0005171,family-holiday,Gujarat,west,22.2394,68.9678,35-44,couple,moderate,1,2024-05-01
u0005172,weekend-escaper,Karnataka,south,12.9141,74.856,25-34,family,comfortable,1,2025-07-01
u0005173,family-holiday,Kerala,south,8.4004,76.9784,35-44,couple,comfortable,1,2025-01-12
u0005174,family-holiday,Himachal Pradesh,north,32.01,77.3152,18-24,friends,premium,1,2024-08-22
u0005175,weekend-escaper,Sikkim,northeast,27.3,88.24,45-54,couple,comfortable,3,2025-01-18
u0005176,mountain-walker,Gujarat,west,21.1702,72.8311,55+,solo,premium,1,2024-09-18
u0005177,beach-and-slow,Odisha,east,19.8135,85.8312,35-44,couple,shoestring,1,2024-09-13
u0005178,family-holiday,Rajasthan,north,26.9124,75.7873,55+,couple,comfortable,3,2024-10-27
u0005179,weekend-escaper,Himachal Pradesh,north,32.2432,77.1892,55+,family,comfortable,2,2025-07-15
u0005180,family-holiday,Odisha,east,19.8876,86.0945,25-34,friends,shoestring,1,2025-02-01
u0005181,mountain-walker,Kerala,south,9.5916,77.1603,55+,solo,shoestring,1,2025-06-23
u0005182,weekend-escaper,Himachal Pradesh,north,32.5387,75.9707,18-24,family,shoestring,1,2024-06-24
u0005183,family-holiday,Kerala,south,11.6854,76.132,55+,couple,comfortable,3,2024-08-24
u0005184,family-holiday,Uttarakhand,north,29.53,78.7747,25-34,couple,moderate,4,2024-12-30
u0005185,heritage-seeker,Bihar,east,24.6961,84.9911,35-44,solo,moderate,2,2025-04-12
u0005186,mountain-walker,Uttarakhand,north,30.4598,78.0644,55+,solo,moderate,1,2024-09-17
u0005187,mountain-walker,West Bengal,east,27.041,88.2663,18-24,family,shoestring,9,2024-09-22
u0005188,pilgrim,Telangana,south,17.385,78.4867,55+,solo,moderate,1,2024-12-18
u0005189,beach-and-slow,Rajasthan,north,24.8887,74.6269,55+,family,shoestring,1,2024-10-29
u0005190,mountain-walker,Chandigarh,north,30.7333,76.7794,18-24,solo,shoestring,1,2025-03-07
u0005191,food-first,Andhra Pradesh,south,17.6868,83.2185,45-54,solo,shoestring,1,2024-10-24
u0005192,beach-and-slow,Jammu and Kashmir,north,34.0837,74.7973,35-44,friends,moderate,2,2025-03-20
u0005193,weekend-escaper,Assam,northeast,26.5775,93.1711,55+,couple,shoestring,2,2024-01-17
u0005194,heritage-seeker,Uttarakhand,north,29.53,78.7747,45-54,family,shoestring,1,2025-03-04
u0005195,family-holiday,Kerala,south,11.6854,76.132,45-54,friends,shoestring,1,2024-09-24
u0005196,beach-and-slow,Uttarakhand,north,30.529,79.5666,55+,solo,moderate,1,2024-01-26
u0005197,family-holiday,Maharashtra,west,18.5204,73.8567,55+,solo,shoestring,1,2024-04-15
u0005198,heritage-seeker,Gujarat,west,20.888,70.401,35-44,couple,moderate,2,2025-06-17
u0005199,mountain-walker,Ladakh,north,34.6868,77.5619,35-44,couple,premium,6,2024-08-10
u0005200,food-first,Madhya Pradesh,central,23.1815,79.9864,25-34,couple,moderate,4,2024-11-06
u0005201,heritage-seeker,Karnataka,south,12.9716,77.5946,35-44,solo,comfortable,1,2024-05-09
u0005202,weekend-escaper,Nagaland,northeast,25.6751,94.11,18-24,solo,comfortable,1,2024-02-22
u0005203,mountain-walker,Gujarat,west,20.888,70.401,55+,friends,comfortable,1,2025-01-14
u0005204,weekend-escaper,Uttar Pradesh,central,25.3176,82.9739,25-34,couple,shoestring,2,2024-07-08
u0005205,family-holiday,Madhya Pradesh,central,23.1815,79.9864,55+,couple,moderate,1,2024-09-21
u0005206,family-holiday,Kerala,south,9.9312,76.2673,25-34,family,moderate,1,2024-04-28
u0005207,food-first,Kerala,south,11.2588,75.7804,45-54,family,moderate,2,2025-02-28
u0005208,mountain-walker,Uttarakhand,north,29.3803,79.4636,18-24,couple,moderate,1,2024-11-22
u0005209,heritage-seeker,Assam,northeast,26.95,94.17,55+,couple,moderate,1,2024-06-03
u0005210,mountain-walker,West Bengal,east,27.041,88.2663,55+,couple,moderate,13,2024-02-16
u0005211,family-holiday,West Bengal,east,27.06,88.47,25-34,family,moderate,1,2025-02-04
u0005212,mountain-walker,West Bengal,east,21.627,87.509,18-24,solo,moderate,4,2024-02-22
u0005213,pilgrim,Uttarakhand,north,29.53,78.7747,18-24,couple,premium,1,2025-09-28
u0005214,food-first,Karnataka,south,12.9716,77.5946,35-44,couple,shoestring,2,2025-02-20
u0005215,food-first,Himachal Pradesh,north,31.1048,77.1734,25-34,couple,comfortable,1,2024-04-26
u0005216,weekend-escaper,Tamil Nadu,south,8.0883,77.5385,55+,couple,moderate,1,2025-01-09
u0005217,heritage-seeker,West Bengal,east,27.06,88.47,25-34,couple,comfortable,4,2025-05-24
u0005218,food-first,Karnataka,south,13.3161,75.772,45-54,couple,comfortable,4,2024-06-11
u0005219,heritage-seeker,Mizoram,northeast,23.7271,92.7176,55+,solo,comfortable,3,2024-05-24
u0005220,family-holiday,Ladakh,north,34.1526,77.5771,55+,solo,moderate,1,2024-07-05
u0005221,weekend-escaper,Rajasthan,north,26.4899,74.5511,35-44,friends,moderate,1,2024-01-08
u0005222,mountain-walker,Himachal Pradesh,north,31.1048,77.1734,25-34,family,moderate,2,2024-01-29
u0005223,pilgrim,Karnataka,south,12.9716,77.5946,18-24,solo,shoestring,1,2024-11-09
u0005224,food-first,Tamil Nadu,south,11.3494,76.7956,55+,couple,shoestring,2,2024-10-31
u0005225,beach-and-slow,Karnataka,south,12.3375,75.8069,45-54,solo,comfortable,2,2025-07-01
u0005226,family-holiday,Chandigarh,north,30.7333,76.7794,18-24,family,moderate,8,2025-02-20
u0005227,food-first,Gujarat,west,23.0225,72.5714,18-24,friends,comfortable,1,2025-02-10
u0005228,mountain-walker,Puducherry,south,11.9416,79.8083,25-34,friends,moderate,2,2025-01-18
u0005229,weekend-escaper,Karnataka,south,13.3409,74.7421,45-54,couple,comfortable,1,2025-09-25
u0005230,beach-and-slow,Uttarakhand,north,29.9457,78.1642,55+,solo,moderate,1,2025-07-22
u0005231,heritage-seeker,Tamil Nadu,south,11.3494,76.7956,35-44,solo,premium,3,2024-10-31
u0005232,pilgrim,Andhra Pradesh,south,16.5062,80.648,55+,solo,shoestring,1,2024-08-18
u0005233,weekend-escaper,Rajasthan,north,24.5854,73.7125,35-44,solo,comfortable,2,2024-01-02
u0005234,weekend-escaper,Madhya Pradesh,central,25.3518,78.6417,55+,friends,shoestring,1,2025-08-01
u0005235,family-holiday,Uttar Pradesh,central,25.3176,82.9739,35-44,couple,shoestring,2,2025-05-07
u0005236,pilgrim,Kerala,south,11.6854,76.132,18-24,solo,moderate,1,2024-09-05
u0005237,food-first,Rajasthan,north,24.8887,74.6269,45-54,friends,moderate,1,2024-08-04
u0005238,pilgrim,Rajasthan,north,25.4305,75.6499,25-34,friends,comfortable,3,2024-04-13
u0005239,heritage-seeker,Rajasthan,north,26.4899,74.5511,18-24,couple,moderate,2,2024-03-30
u0005240,family-holiday,Ladakh,north,34.1526,77.5771,55+,family,moderate,1,2024-06-03
u0005241,heritage-seeker,Madhya Pradesh,central,22.7196,75.8577,18-24,couple,premium,1,2025-08-29
u0005242,food-first,Uttar Pradesh,central,25.3176,82.9739,55+,couple,shoestring,1,2024-01-15
u0005243,mountain-walker,Maharashtra,west,19.076,72.8777,35-44,couple,comfortable,1,2024-12-20
u0005244,weekend-escaper,Gujarat,west,22.2394,68.9678,25-34,family,moderate,11,2025-03-09
u0005245,family-holiday,Uttar Pradesh,central,25.3176,82.9739,18-24,friends,comfortable,1,2024-06-23
u0005246,weekend-escaper,Tamil Nadu,south,9.9252,78.1198,18-24,couple,shoestring,1,2025-04-21
u0005247,family-holiday,Gujarat,west,22.3072,73.1812,18-24,family,shoestring,3,2025-09-26
u0005248,weekend-escaper,Gujarat,west,22.2394,68.9678,25-34,couple,moderate,1,2024-11-26
u0005249,weekend-escaper,Tamil Nadu,south,8.0883,77.5385,25-34,couple,shoestring,3,2024-04-22
u0005250,heritage-seeker,Maharashtra,west,18.5204,73.8567,35-44,solo,shoestring,1,2025-04-18
u0005251,heritage-seeker,Meghalaya,northeast,25.27,91.732,45-54,friends,comfortable,2,2025-05-31
u0005252,food-first,Himachal Pradesh,north,32.5387,75.9707,55+,couple,moderate,1,2024-10-23
u0005253,beach-and-slow,Uttarakhand,north,29.53,78.7747,45-54,couple,moderate,1,2024-05-31
u0005254,family-holiday,Uttarakhand,north,30.0869,78.2676,25-34,couple,moderate,1,2025-04-19
u0005255,weekend-escaper,Uttar Pradesh,central,25.4358,81.8463,18-24,solo,moderate,5,2024-10-16
u0005256,mountain-walker,Rajasthan,north,25.4305,75.6499,25-34,couple,comfortable,1,2025-06-19
u0005257,heritage-seeker,Meghalaya,northeast,25.27,91.732,18-24,family,comfortable,1,2024-03-18
u0005258,mountain-walker,Himachal Pradesh,north,32.219,76.3234,45-54,family,moderate,1,2024-12-25
u0005259,food-first,Assam,northeast,26.95,94.17,25-34,couple,shoestring,1,2024-07-20
u0005260,family-holiday,Madhya Pradesh,central,23.2599,77.4126,55+,solo,shoestring,2,2025-08-03
u0005261,family-holiday,Himachal Pradesh,north,32.2432,77.1892,18-24,solo,shoestring,1,2024-01-31
u0005262,weekend-escaper,Karnataka,south,13.3161,75.772,55+,solo,shoestring,3,2025-03-01
u0005263,mountain-walker,Andhra Pradesh,south,16.5062,80.648,45-54,family,moderate,1,2025-08-07
u0005264,heritage-seeker,Chandigarh,north,30.7333,76.7794,45-54,couple,premium,2,2024-06-22
u0005265,heritage-seeker,Sikkim,northeast,27.3314,88.6138,18-24,solo,moderate,3,2025-05-30
u0005266,family-holiday,Nagaland,northeast,25.6751,94.11,25-34,family,comfortable,4,2025-02-10
u0005267,food-first,Karnataka,south,14.5479,74.3188,45-54,friends,moderate,4,2025-08-24
u0005268,pilgrim,Gujarat,west,21.1702,72.8311,18-24,friends,shoestring,1,2024-08-10
u0005269,heritage-seeker,Kerala,south,9.9312,76.2673,18-24,solo,shoestring,3,2024-05-29
u0005270,mountain-walker,Meghalaya,northeast,25.27,91.732,18-24,family,moderate,20,2024-11-10
u0005271,food-first,Maharashtra,west,19.076,72.8777,25-34,family,comfortable,1,2024-10-25
u0005272,pilgrim,Uttarakhand,north,27.4924,77.6737,45-54,family,premium,1,2024-06-07
u0005273,family-holiday,Karnataka,south,14.5479,74.3188,35-44,family,shoestring,2,2024-10-27
u0005274,weekend-escaper,Andhra Pradesh,south,16.5062,80.648,45-54,couple,moderate,1,2024-11-21
u0005275,food-first,Andaman and Nicobar Islands,south,11.6234,92.7265,45-54,friends,shoestring,1,2025-09-14
u0005276,family-holiday,Karnataka,south,15.2689,76.3909,45-54,couple,comfortable,1,2024-04-26
u0005277,weekend-escaper,Madhya Pradesh,central,23.2599,77.4126,45-54,couple,moderate,4,2024-11-14
u0005278,heritage-seeker,West Bengal,east,22.5726,88.3639,25-34,family,shoestring,1,2024-09-06
u0005279,weekend-escaper,Uttar Pradesh,central,26.4499,80.3319,45-54,family,comfortable,4,2025-07-19
u0005280,beach-and-slow,Odisha,east,19.8135,85.8312,35-44,solo,shoestring,5,2025-07-06
u0005281,mountain-walker,Jammu and Kashmir,north,34.0837,74.7973,35-44,couple,shoestring,3,2025-02-14
u0005282,weekend-escaper,Jammu and Kashmir,north,32.7266,74.857,35-44,couple,premium,4,2024-11-15
u0005283,heritage-seeker,Karnataka,south,12.2958,76.6394,55+,solo,moderate,2,2025-02-04
u0005284,family-holiday,Maharashtra,west,18.7546,73.4062,25-34,family,comfortable,1,2024-06-17
u0005285,mountain-walker,Uttarakhand,north,30.3165,78.0322,45-54,couple,moderate,16,2025-06-08
u0005286,mountain-walker,Tamil Nadu,south,11.3494,76.7956,18-24,solo,moderate,6,2025-07-16
u0005287,heritage-seeker,Kerala,south,9.9312,76.2673,25-34,couple,moderate,1,2025-08-23
u0005288,mountain-walker,Kerala,south,11.6854,76.132,45-54,friends,moderate,12,2024-05-01
u0005289,heritage-seeker,Rajasthan,north,24.5926,72.7156,45-54,family,comfortable,1,2025-08-31
u0005290,food-first,Madhya Pradesh,central,23.1765,75.7885,45-54,family,comfortable,1,2024-11-09
u0005291,beach-and-slow,Andhra Pradesh,south,16.5062,80.648,25-34,solo,shoestring,1,2024-06-04
u0005292,beach-and-slow,Kerala,south,8.5241,76.9366,18-24,family,comfortable,2,2025-09-03
u0005293,food-first,Uttar Pradesh,central,26.4499,80.3319,18-24,solo,moderate,1,2025-05-05
u0005294,food-first,Himachal Pradesh,north,32.01,77.3152,45-54,family,comfortable,3,2024-03-27
u0005295,family-holiday,Maharashtra,west,19.076,72.8777,45-54,couple,comfortable,1,2025-06-20
u0005296,beach-and-slow,Tamil Nadu,south,11.0168,76.9558,18-24,couple,shoestring,1,2025-04-14
u0005297,weekend-escaper,Jammu and Kashmir,north,32.7266,74.857,35-44,couple,premium,1,2024-11-28
u0005298,food-first,Kerala,south,9.4981,76.3388,55+,couple,comfortable,1,2025-09-27
u0005299,food-first,Karnataka,south,12.9716,77.5946,55+,solo,comfortable,1,2025-02-12
u0005300,pilgrim,Karnataka,south,12.9716,77.5946,18-24,solo,comfortable,2,2024-04-16
u0005301,food-first,Bihar,east,25.1367,85.4438,35-44,friends,premium,1,2024-09-28
u0005302,family-holiday,Rajasthan,north,24.5854,73.7125,25-34,family,comfortable,31,2025-09-10
u0005303,family-holiday,Nagaland,northeast,25.6751,94.11,18-24,couple,moderate,2,2024-06-12
u0005304,heritage-seeker,Andaman and Nicobar Islands,south,11.6234,92.7265,18-24,solo,premium,12,2024-09-19
u0005305,heritage-seeker,Odisha,east,20.2961,85.8245,45-54,family,moderate,2,2024-09-18
u0005306,mountain-walker,Himachal Pradesh,north,32.5387,75.9707,18-24,solo,shoestring,1,2024-07-28
u0005307,food-first,Maharashtra,west,18.7546,73.4062,45-54,solo,shoestring,1,2025-03-01
u0005308,weekend-escaper,Karnataka,south,12.3375,75.8069,18-24,family,moderate,13,2024-12-08
u0005309,food-first,Bihar,east,24.6961,84.9911,35-44,friends,moderate,1,2024-09-28
u0005310,heritage-seeker,Chandigarh,north,30.7333,76.7794,55+,friends,moderate,7,2025-01-21
u0005311,beach-and-slow,Uttarakhand,north,29.53,78.7747,35-44,family,comfortable,1,2025-05-11
u0005312,heritage-seeker,Uttar Pradesh,central,25.4358,81.8463,35-44,family,moderate,4,2025-08-14
u0005313,family-holiday,Uttarakhand,north,29.53,78.7747,55+,couple,moderate,7,2024-11-28
u0005314,beach-and-slow,Karnataka,south,12.2958,76.6394,35-44,friends,premium,6,2024-04-09
u0005315,family-holiday,Tamil Nadu,south,10.2381,77.4892,35-44,solo,moderate,1,2024-09-20
u0005316,weekend-escaper,Tamil Nadu,south,11.3494,76.7956,45-54,couple,moderate,6,2025-01-05
u0005317,weekend-escaper,Tamil Nadu,south,8.0883,77.5385,45-54,couple,shoestring,1,2024-11-11
u0005318,weekend-escaper,Uttar Pradesh,central,26.4499,80.3319,18-24,family,premium,1,2024-04-11
u0005319,heritage-seeker,Karnataka,south,12.3375,75.8069,55+,family,shoestring,1,2024-05-14
u0005320,family-holiday,Madhya Pradesh,central,23.2599,77.4126,25-34,solo,shoestring,3,2025-08-19
u0005321,weekend-escaper,Maharashtra,west,18.6414,72.8722,45-54,couple,shoestring,1,2025-05-05
u0005322,heritage-seeker,Andhra Pradesh,south,13.6288,79.4192,45-54,couple,moderate,1,2025-05-07
u0005323,food-first,Karnataka,south,13.3161,75.772,18-24,couple,moderate,2,2024-09-02
u0005324,food-first,Uttarakhand,north,27.4924,77.6737,35-44,solo,premium,1,2025-04-10
u0005325,beach-and-slow,Bihar,east,25.1367,85.4438,25-34,solo,comfortable,5,2025-04-15
u0005326,pilgrim,Tamil Nadu,south,11.0168,76.9558,55+,solo,comfortable,3,2025-05-30
u0005327,mountain-walker,Rajasthan,north,26.9157,70.9083,35-44,family,moderate,2,2024-09-22
u0005328,family-holiday,Tamil Nadu,south,8.0883,77.5385,18-24,couple,comfortable,1,2024-08-22
u0005329,beach-and-slow,Himachal Pradesh,north,31.1048,77.1734,45-54,family,moderate,2,2024-07-15
u0005330,weekend-escaper,Uttarakhand,north,30.3165,78.0322,18-24,couple,moderate,1,2024-08-16
u0005331,family-holiday,Rajasthan,north,28.0229,73.3119,35-44,family,comfortable,4,2024-10-21
u0005332,weekend-escaper,Ladakh,north,34.6868,77.5619,45-54,family,shoestring,11,2024-12-01
u0005333,family-holiday,Maharashtra,west,19.9975,73.7898,25-34,family,comfortable,3,2025-01-26
u0005334,weekend-escaper,Karnataka,south,15.918,75.685,18-24,family,comfortable,6,2024-11-08
u0005335,mountain-walker,Ladakh,north,34.1526,77.5771,55+,family,moderate,1,2024-08-23
u0005336,food-first,Madhya Pradesh,central,25.3518,78.6417,25-34,solo,moderate,1,2025-09-12
u0005337,food-first,West Bengal,east,27.06,88.47,25-34,solo,moderate,1,2024-06-28
u0005338,mountain-walker,Maharashtra,west,18.7546,73.4062,55+,couple,moderate,2,2024-04-01
u0005339,beach-and-slow,Odisha,east,20.2961,85.8245,18-24,family,shoestring,1,2024-04-28
u0005340,mountain-walker,Kerala,south,9.4981,76.3388,18-24,solo,premium,3,2024-01-25
u0005341,weekend-escaper,Maharashtra,west,19.076,72.8777,45-54,solo,comfortable,1,2024-07-31
u0005342,food-first,Andhra Pradesh,south,13.6288,79.4192,55+,solo,premium,8,2024-07-26
u0005343,weekend-escaper,Gujarat,west,22.2394,68.9678,18-24,couple,moderate,3,2025-02-02
u0005344,heritage-seeker,Uttarakhand,north,30.3165,78.0322,35-44,family,moderate,54,2025-08-23
u0005345,mountain-walker,Himachal Pradesh,north,31.1048,77.1734,25-34,solo,moderate,3,2024-10-05
u0005346,family-holiday,Himachal Pradesh,north,32.2464,78.0349,25-34,couple,moderate,1,2024-05-23
u0005347,weekend-escaper,West Bengal,east,26.7271,88.3953,45-54,friends,premium,1,2025-01-02
u0005348,heritage-seeker,Jammu and Kashmir,north,32.7266,74.857,45-54,couple,premium,2,2024-10-23
u0005349,heritage-seeker,Assam,northeast,26.5775,93.1711,45-54,friends,comfortable,2,2024-07-08
u0005350,heritage-seeker,Uttarakhand,north,30.3165,78.0322,55+,couple,shoestring,1,2025-01-05
u0005351,heritage-seeker,Meghalaya,northeast,25.27,91.732,18-24,couple,shoestring,1,2024-08-17
u0005352,family-holiday,Uttarakhand,north,30.0869,78.2676,45-54,friends,premium,1,2024-02-23
u0005353,weekend-escaper,Maharashtra,west,19.076,72.8777,18-24,solo,moderate,2,2024-06-11
u0005354,weekend-escaper,Uttarakhand,north,30.3165,78.0322,18-24,friends,premium,1,2025-01-28
u0005355,beach-and-slow,Uttar Pradesh,central,27.5806,77.7006,18-24,family,premium,1,2024-06-08
u0005356,pilgrim,Himachal Pradesh,north,32.219,76.3234,55+,family,moderate,2,2024-03-25
u0005357,food-first,Sikkim,northeast,27.3314,88.6138,35-44,family,premium,2,2025-06-02
u0005358,food-first,Bihar,east,24.6961,84.9911,55+,friends,moderate,2,2025-02-11
u0005359,family-holiday,Tripura,northeast,23.8315,91.2868,35-44,couple,moderate,1,2025-04-26
u0005360,family-holiday,Andhra Pradesh,south,17.6868,83.2185,45-54,couple,moderate,1,2025-04-22
u0005361,pilgrim,Rajasthan,north,26.838,70.9,45-54,solo,comfortable,1,2024-12-14
u0005362,weekend-escaper,Andaman and Nicobar Islands,south,11.6234,92.7265,45-54,couple,shoestring,3,2024-05-11
u0005363,family-holiday,Madhya Pradesh,central,23.1765,75.7885,18-24,couple,moderate,1,2025-05-02
u0005364,pilgrim,Uttarakhand,north,30.529,79.5666,35-44,couple,comfortable,2,2025-07-08
u0005365,heritage-seeker,Himachal Pradesh,north,32.01,77.3152,35-44,family,premium,1,2025-07-02
u0005366,heritage-seeker,Tamil Nadu,south,10.2381,77.4892,45-54,family,moderate,1,2025-04-06
u0005367,beach-and-slow,Bihar,east,24.6961,84.9911,45-54,solo,shoestring,2,2025-01-12
u0005368,mountain-walker,Himachal Pradesh,north,32.2432,77.1892,45-54,couple,moderate,2,2025-01-27
u0005369,heritage-seeker,Jammu and Kashmir,north,34.0837,74.7973,35-44,friends,comfortable,1,2024-07-08
u0005370,heritage-seeker,Delhi,north,28.6139,77.209,18-24,solo,moderate,1,2025-03-30
u0005371,family-holiday,Tamil Nadu,south,10.7905,78.7047,25-34,couple,moderate,1,2025-03-21
u0005372,family-holiday,Himachal Pradesh,north,32.2432,77.1892,35-44,solo,premium,2,2024-01-26
u0005373,weekend-escaper,West Bengal,east,21.627,87.509,45-54,couple,premium,1,2024-11-11
u0005374,family-holiday,Himachal Pradesh,north,32.2464,78.0349,55+,couple,comfortable,1,2025-01-22
u0005375,food-first,Uttar Pradesh,central,26.4499,80.3319,35-44,solo,moderate,1,2024-04-21
u0005376,family-holiday,Himachal Pradesh,north,32.5387,75.9707,18-24,solo,shoestring,4,2024-01-04
u0005377,heritage-seeker,Maharashtra,west,21.1458,79.0882,35-44,family,comfortable,1,2024-02-22
u0005378,weekend-escaper,Ladakh,north,34.1526,77.5771,55+,solo,moderate,1,2024-06-08
u0005379,family-holiday,Puducherry,south,11.9416,79.8083,45-54,couple,shoestring,2,2024-10-03
u0005380,weekend-escaper,Maharashtra,west,19.9975,73.7898,55+,couple,moderate,1,2024-08-12
u0005381,heritage-seeker,Madhya Pradesh,central,25.3518,78.6417,55+,friends,moderate,1,2025-05-26
u0005382,heritage-seeker,Gujarat,west,21.1702,72.8311,35-44,couple,comfortable,5,2024-04-26
u0005383,food-first,Uttar Pradesh,central,26.4499,80.3319,45-54,friends,premium,1,2024-02-20
u0005384,weekend-escaper,Uttarakhand,north,30.3165,78.0322,45-54,family,moderate,1,2024-09-18
u0005385,food-first,Maharashtra,west,18.5204,73.8567,45-54,family,comfortable,2,2024-11-18
u0005386,family-holiday,Andhra Pradesh,south,17.6868,83.2185,35-44,friends,moderate,4,2024-11-26
u0005387,heritage-seeker,Karnataka,south,13.3161,75.772,35-44,solo,comfortable,2,2025-08-27
u0005388,weekend-escaper,Goa,west,15.4909,73.8278,25-34,solo,premium,1,2024-03-26
u0005389,heritage-seeker,Assam,northeast,26.95,94.17,25-34,family,shoestring,2,2025-03-25
u0005390,family-holiday,Maharashtra,west,19.7645,74.4762,55+,family,moderate,1,2024-06-02
u0005391,family-holiday,Karnataka,south,14.5479,74.3188,25-34,couple,moderate,2,2025-07-08
u0005392,weekend-escaper,Uttar Pradesh,central,25.3176,82.9739,45-54,family,moderate,3,2024-06-10
u0005393,pilgrim,Odisha,east,20.2961,85.8245,55+,solo,comfortable,1,2025-05-17
u0005394,beach-and-slow,Uttar Pradesh,central,27.5806,77.7006,18-24,couple,comfortable,1,2024-03-28
u0005395,pilgrim,Ladakh,north,34.6868,77.5619,35-44,couple,comfortable,1,2024-06-21
u0005396,heritage-seeker,West Bengal,east,21.627,87.509,55+,couple,premium,1,2025-07-07
u0005397,beach-and-slow,Kerala,south,11.2588,75.7804,55+,family,shoestring,2,2024-06-28
u0005398,pilgrim,Kerala,south,10.0889,77.0595,18-24,couple,moderate,1,2024-06-15
u0005399,heritage-seeker,Tamil Nadu,south,10.2381,77.4892,35-44,couple,moderate,1,2025-04-04
u0005400,weekend-escaper,Uttar Pradesh,central,27.5806,77.7006,18-24,friends,comfortable,1,2025-03-13
u0005401,family-holiday,Assam,northeast,26.5775,93.1711,35-44,solo,moderate,1,2024-01-03
u0005402,heritage-seeker,Madhya Pradesh,central,26.2183,78.1828,45-54,couple,shoestring,2,2025-03-16
u0005403,food-first,Bihar,east,25.5941,85.1376,35-44,family,moderate,1,2024-10-17
u0005404,pilgrim,Rajasthan,north,24.8887,74.6269,55+,friends,moderate,4,2025-01-26
u0005405,food-first,Odisha,east,19.8135,85.8312,55+,family,shoestring,4,2024-05-07
u0005406,beach-and-slow,Goa,west,15.4909,73.8278,18-24,couple,shoestring,5,2024-06-02
u0005407,beach-and-slow,Uttar Pradesh,central,26.7922,82.1998,45-54,family,shoestring,1,2025-06-11
u0005408,beach-and-slow,Gujarat,west,22.3072,73.1812,55+,couple,comfortable,1,2024-07-09
u0005409,heritage-seeker,Uttarakhand,north,30.529,79.5666,45-54,family,moderate,1,2024-10-04
u0005410,pilgrim,Madhya Pradesh,central,24.8318,79.9199,18-24,family,comfortable,1,2024-04-30
u0005411,weekend-escaper,Maharashtra,west,18.5204,73.8567,55+,couple,shoestring,3,2025-05-10
u0005412,food-first,Uttar Pradesh,central,25.3176,82.9739,45-54,couple,moderate,3,2024-11-17
u0005413,family-holiday,Gujarat,west,22.3072,73.1812,18-24,friends,shoestring,3,2025-06-01
u0005414,mountain-walker,Uttar Pradesh,central,26.8467,80.9462,25-34,family,premium,1,2024-01-13
u0005415,heritage-seeker,Tamil Nadu,south,11.0168,76.9558,35-44,solo,moderate,1,2024-12-21
u0005416,mountain-walker,Manipur,northeast,24.817,93.9368,35-44,solo,shoestring,1,2024-02-10
u0005417,weekend-escaper,Arunachal Pradesh,northeast,27.0844,93.6053,35-44,family,shoestring,5,2024-05-21
u0005418,heritage-seeker,Uttarakhand,north,30.3165,78.0322,45-54,couple,moderate,1,2024-12-12
u0005419,mountain-walker,Karnataka,south,12.9141,74.856,25-34,family,comfortable,1,2024-10-25
u0005420,food-first,Arunachal Pradesh,northeast,27.0844,93.6053,55+,family,moderate,2,2025-05-17
u0005421,weekend-escaper,Kerala,south,9.5916,77.1603,35-44,friends,shoestring,2,2024-03-11
u0005422,mountain-walker,West Bengal,east,21.627,87.509,35-44,friends,comfortable,3,2024-10-01
u0005423,beach-and-slow,Kerala,south,9.5916,77.1603,18-24,friends,shoestring,2,2025-01-26
u0005424,weekend-escaper,Tamil Nadu,south,10.2381,77.4892,55+,family,shoestring,1,2024-02-25
u0005425,mountain-walker,Odisha,east,19.8876,86.0945,18-24,family,comfortable,2,2025-06-20
u0005426,family-holiday,Uttar Pradesh,central,25.3176,82.9739,18-24,family,shoestring,1,2024-10-20
u0005427,beach-and-slow,Himachal Pradesh,north,32.219,76.3234,25-34,solo,comfortable,1,2025-07-01
u0005428,weekend-escaper,Maharashtra,west,18.7546,73.4062,45-54,family,shoestring,1,2025-03-18
u0005429,heritage-seeker,Odisha,east,19.8876,86.0945,55+,solo,shoestring,1,2024-03-08
u0005430,beach-and-slow,Bihar,east,25.1367,85.4438,45-54,couple,moderate,2,2024-10-24
u0005431,beach-and-slow,Gujarat,west,21.1702,72.8311,18-24,solo,premium,2,2025-03-12
u0005432,weekend-escaper,Uttar Pradesh,central,26.8467,80.9462,18-24,family,moderate,1,2025-05-30
u0005433,weekend-escaper,Karnataka,south,15.918,75.685,25-34,family,moderate,22,2024-02-20
u0005434,heritage-seeker,Karnataka,south,12.3375,75.8069,45-54,family,shoestring,1,2025-05-17
u0005435,weekend-escaper,Karnataka,south,15.335,76.46,55+,solo,comfortable,5,2024-10-03
u0005436,mountain-walker,West Bengal,east,26.7271,88.3953,55+,couple,moderate,1,2024-10-10
u0005437,food-first,Tamil Nadu,south,11.0168,76.9558,18-24,couple,shoestring,1,2024-06-28
u0005438,heritage-seeker,Gujarat,west,23.2156,72.6369,25-34,friends,shoestring,5,2025-07-29
u0005439,heritage-seeker,Rajasthan,north,26.9157,70.9083,45-54,friends,shoestring,1,2024-12-14
u0005440,heritage-seeker,Assam,northeast,26.1445,91.7362,55+,family,moderate,1,2025-01-01
u0005441,mountain-walker,Andhra Pradesh,south,13.6288,79.4192,45-54,couple,moderate,1,2025-05-16
u0005442,heritage-seeker,Goa,west,15.4909,73.8278,45-54,family,comfortable,4,2024-08-11
u0005443,food-first,Uttarakhand,north,30.4598,78.0644,55+,family,shoestring,3,2024-07-20
u0005444,heritage-seeker,Kerala,south,8.4004,76.9784,35-44,couple,moderate,1,2025-02-17
u0005445,food-first,Ladakh,north,34.1526,77.5771,18-24,friends,premium,2,2024-04-13
u0005446,weekend-escaper,Bihar,east,24.6961,84.9911,18-24,couple,comfortable,3,2024-02-23
u0005447,pilgrim,Ladakh,north,34.1526,77.5771,25-34,couple,premium,2,2025-06-17
u0005448,mountain-walker,West Bengal,east,27.041,88.2663,35-44,family,moderate,4,2025-01-15
u0005449,beach-and-slow,Bihar,east,25.1367,85.4438,55+,family,shoestring,1,2025-08-10
u0005450,weekend-escaper,Kerala,south,9.9312,76.2673,45-54,couple,moderate,1,2025-03-25
u0005451,mountain-walker,Odisha,east,20.2961,85.8245,45-54,couple,comfortable,1,2024-04-26
u0005452,heritage-seeker,West Bengal,east,27.041,88.2663,18-24,family,moderate,5,2025-09-11
u0005453,weekend-escaper,Uttarakhand,north,30.529,79.5666,35-44,couple,shoestring,5,2025-04-05
u0005454,weekend-escaper,Gujarat,west,22.2394,68.9678,55+,couple,moderate,2,2024-06-30
u0005455,beach-and-slow,Puducherry,south,11.9416,79.8083,18-24,solo,shoestring,12,2025-07-22
u0005456,weekend-escaper,Meghalaya,northeast,25.5788,91.8933,45-54,family,moderate,2,2025-08-12
u0005457,beach-and-slow,Mizoram,northeast,23.7271,92.7176,55+,family,premium,1,2025-06-15
u0005458,beach-and-slow,Himachal Pradesh,north,32.219,76.3234,45-54,couple,shoestring,2,2025-08-28
u0005459,heritage-seeker,Uttarakhand,north,29.3803,79.4636,18-24,solo,moderate,2,2025-05-16
u0005460,family-holiday,Andhra Pradesh,south,16.5062,80.648,45-54,couple,shoestring,1,2025-09-15
u0005461,heritage-seeker,Rajasthan,north,24.8887,74.6269,55+,couple,moderate,1,2025-05-26
u0005462,weekend-escaper,Rajasthan,north,26.9157,70.9083,55+,family,comfortable,1,2024-02-29
u0005463,heritage-seeker,Maharashtra,west,18.6414,72.8722,45-54,couple,shoestring,8,2024-05-14
u0005464,pilgrim,Uttar Pradesh,central,27.1767,78.0081,55+,solo,comfortable,2,2024-12-05
u0005465,food-first,Karnataka,south,13.3409,74.7421,18-24,couple,shoestring,1,2025-08-09
u0005466,weekend-escaper,Maharashtra,west,19.076,72.8777,55+,couple,moderate,3,2025-05-04
u0005467,food-first,West Bengal,east,21.627,87.509,18-24,solo,comfortable,1,2025-01-29
u0005468,food-first,Gujarat,west,22.2394,68.9678,18-24,couple,shoestring,1,2025-05-07
u0005469,mountain-walker,Rajasthan,north,26.4899,74.5511,18-24,solo,moderate,1,2024-09-24
u0005470,food-first,Madhya Pradesh,central,24.8318,79.9199,25-34,couple,moderate,1,2025-09-23
u0005471,heritage-seeker,Madhya Pradesh,central,22.7196,75.8577,35-44,solo,moderate,1,2025-07-04
u0005472,heritage-seeker,Chhattisgarh,central,21.2514,81.6296,55+,family,shoestring,1,2025-04-13
u0005473,mountain-walker,Uttarakhand,north,30.3165,78.0322,55+,couple,moderate,9,2025-05-24
u0005474,pilgrim,Rajasthan,north,26.4899,74.5511,35-44,friends,moderate,1,2025-06-09
u0005475,food-first,Jharkhand,east,23.3441,85.3096,55+,family,moderate,1,2025-08-18
u0005476,heritage-seeker,Andhra Pradesh,south,13.6288,79.4192,45-54,family,comfortable,1,2025-03-14
u0005477,weekend-escaper,Gujarat,west,23.0225,72.5714,25-34,solo,premium,1,2024-06-20
u0005478,family-holiday,Uttar Pradesh,central,25.4358,81.8463,55+,family,moderate,1,2025-03-08
u0005479,family-holiday,Tamil Nadu,south,9.9252,78.1198,35-44,solo,moderate,1,2025-05-27
u0005480,food-first,Kerala,south,8.7379,76.7163,25-34,solo,moderate,2,2024-07-16
u0005481,food-first,Gujarat,west,21.1702,72.8311,35-44,family,premium,1,2025-06-13
u0005482,weekend-escaper,Gujarat,west,23.2156,72.6369,25-34,couple,moderate,2,2025-06-02
u0005483,pilgrim,Maharashtra,west,17.9307,73.6477,25-34,couple,moderate,2,2025-05-06
u0005484,pilgrim,Arunachal Pradesh,northeast,27.586,91.859,25-34,friends,premium,6,2024-09-09
u0005485,mountain-walker,Tamil Nadu,south,10.2381,77.4892,25-34,solo,comfortable,3,2024-02-17
u0005486,weekend-escaper,Bihar,east,24.6961,84.9911,55+,couple,comfortable,1,2025-01-09
u0005487,beach-and-slow,Karnataka,south,12.3375,75.8069,55+,couple,shoestring,3,2024-03-01
u0005488,weekend-escaper,Himachal Pradesh,north,32.2464,78.0349,18-24,solo,comfortable,1,2024-12-31
u0005489,beach-and-slow,Maharashtra,west,17.9307,73.6477,35-44,family,comfortable,1,2024-06-26
u0005490,heritage-seeker,Tamil Nadu,south,11.3494,76.7956,45-54,couple,moderate,1,2024-12-21
u0005491,heritage-seeker,Uttarakhand,north,30.0869,78.2676,45-54,solo,moderate,1,2024-08-11
u0005492,weekend-escaper,Uttarakhand,north,29.9457,78.1642,25-34,friends,comfortable,1,2024-04-03
u0005493,heritage-seeker,Karnataka,south,14.5479,74.3188,55+,solo,moderate,1,2024-02-12
u0005494,food-first,Uttarakhand,north,29.53,78.7747,18-24,couple,comfortable,1,2024-03-11
u0005495,food-first,Tamil Nadu,south,10.2381,77.4892,55+,family,shoestring,1,2024-11-13
u0005496,heritage-seeker,Rajasthan,north,26.4899,74.5511,25-34,family,shoestring,2,2025-06-02
u0005497,mountain-walker,Karnataka,south,12.3375,75.8069,18-24,couple,moderate,4,2024-09-08
u0005498,heritage-seeker,Kerala,south,8.5241,76.9366,25-34,family,shoestring,1,2024-09-19
u0005499,heritage-seeker,Uttarakhand,north,30.0869,78.2676,55+,family,shoestring,1,2025-05-25
u0005500,family-holiday,Andhra Pradesh,south,17.6868,83.2185,35-44,friends,shoestring,3,2024-11-16
u0005501,heritage-seeker,Tamil Nadu,south,9.9252,78.1198,55+,couple,moderate,1,2024-07-31
u0005502,weekend-escaper,Maharashtra,west,18.5204,73.8567,55+,friends,comfortable,3,2025-09-06
u0005503,heritage-seeker,Tamil Nadu,south,12.6269,80.1927,45-54,couple,comfortable,6,2024-08-20
u0005504,heritage-seeker,Himachal Pradesh,north,32.2464,78.0349,18-24,family,shoestring,1,2024-12-26
u0005505,mountain-walker,Uttarakhand,north,29.9457,78.1642,55+,solo,comfortable,2,2025-01-24
u0005506,heritage-seeker,West Bengal,east,22.5726,88.3639,35-44,solo,comfortable,2,2025-06-02
u0005507,heritage-seeker,Himachal Pradesh,north,32.5387,75.9707,25-34,friends,moderate,5,2024-01-20
u0005508,heritage-seeker,Gujarat,west,23.2156,72.6369,25-34,solo,moderate,3,2024-04-24
u0005509,heritage-seeker,Kerala,south,10.0889,77.0595,35-44,solo,premium,1,2024-02-15
u0005510,pilgrim,Karnataka,south,12.3375,75.8069,45-54,solo,comfortable,1,2024-01-07
u0005511,mountain-walker,Tamil Nadu,south,11.4102,76.695,35-44,solo,shoestring,2,2025-06-13
u0005512,food-first,Mizoram,northeast,23.7271,92.7176,35-44,family,premium,1,2025-09-13
u0005513,food-first,Tamil Nadu,south,11.4102,76.695,45-54,family,moderate,1,2025-07-10
u0005514,weekend-escaper,Himachal Pradesh,north,31.1048,77.1734,35-44,friends,moderate,1,2025-02-05
u0005515,mountain-walker,Delhi,north,28.6139,77.209,25-34,couple,comfortable,1,2024-07-24
u0005516,family-holiday,Uttar Pradesh,central,27.5806,77.7006,18-24,couple,moderate,1,2024-02-22
u0005517,pilgrim,Uttar Pradesh,central,25.3176,82.9739,55+,friends,moderate,1,2024-03-01
u0005518,mountain-walker,West Bengal,east,22.5726,88.3639,35-44,couple,shoestring,1,2024-10-13
u0005519,family-holiday,Karnataka,south,15.2689,76.3909,25-34,couple,comfortable,4,2025-03-27
u0005520,beach-and-slow,Uttar Pradesh,central,25.3176,82.9739,55+,solo,comfortable,2,2024-01-23
u0005521,family-holiday,Kerala,south,8.7379,76.7163,35-44,family,shoestring,1,2024-12-25
u0005522,heritage-seeker,Tamil Nadu,south,8.0883,77.5385,35-44,couple,shoestring,12,2024-07-22
u0005523,family-holiday,Uttar Pradesh,central,26.7922,82.1998,35-44,couple,moderate,1,2025-03-27
u0005524,mountain-walker,Gujarat,west,20.888,70.401,55+,couple,premium,1,2025-06-07
u0005525,mountain-walker,Meghalaya,northeast,25.27,91.732,35-44,family,comfortable,1,2024-04-14
u0005526,family-holiday,West Bengal,east,22.5726,88.3639,25-34,couple,shoestring,4,2024-11-17
u0005527,beach-and-slow,Mizoram,northeast,23.7271,92.7176,45-54,solo,moderate,1,2025-07-12
u0005528,beach-and-slow,Chhattisgarh,central,21.2514,81.6296,18-24,solo,moderate,1,2024-08-05
u0005529,heritage-seeker,Tamil Nadu,south,10.787,79.1378,25-34,family,comfortable,2,2024-02-19
u0005530,family-holiday,Himachal Pradesh,north,32.01,77.3152,45-54,friends,shoestring,7,2024-05-31
u0005531,heritage-seeker,Andaman and Nicobar Islands,south,11.6234,92.7265,18-24,family,moderate,2,2024-11-30
u0005532,food-first,Uttarakhand,north,30.4598,78.0644,45-54,couple,shoestring,1,2025-07-29
u0005533,beach-and-slow,Uttarakhand,north,29.3803,79.4636,35-44,couple,moderate,1,2024-06-02
u0005534,family-holiday,Himachal Pradesh,north,31.1048,77.1734,45-54,solo,moderate,1,2025-03-15
u0005535,pilgrim,Karnataka,south,15.918,75.685,35-44,solo,shoestring,2,2024-05-02
u0005536,weekend-escaper,Madhya Pradesh,central,23.4794,77.7392,18-24,couple,moderate,1,2024-01-22
u0005537,family-holiday,Uttar Pradesh,central,25.4358,81.8463,55+,couple,comfortable,1,2024-03-13
u0005538,mountain-walker,Bihar,east,24.6961,84.9911,35-44,family,shoestring,2,2025-01-29
u0005539,heritage-seeker,Rajasthan,north,24.5854,73.7125,35-44,solo,comfortable,2,2024-05-19
u0005540,weekend-escaper,Karnataka,south,13.3409,74.7421,35-44,couple,premium,1,2025-06-05
u0005541,family-holiday,Jharkhand,east,23.3441,85.3096,55+,couple,moderate,6,2025-04-08
u0005542,family-holiday,Tamil Nadu,south,11.4102,76.695,45-54,couple,premium,2,2024-12-11
u0005543,weekend-escaper,Tamil Nadu,south,12.6269,80.1927,55+,family,shoestring,2,2025-08-15
u0005544,mountain-walker,Goa,west,15.2993,74.124,25-34,couple,moderate,2,2025-03-16
u0005545,mountain-walker,Maharashtra,west,18.6414,72.8722,35-44,couple,moderate,2,2024-10-04
u0005546,food-first,Rajasthan,north,26.838,70.9,25-34,family,shoestring,6,2024-03-27
u0005547,pilgrim,Maharashtra,west,21.1458,79.0882,18-24,couple,premium,1,2024-04-15
u0005548,weekend-escaper,Gujarat,west,23.0225,72.5714,18-24,family,comfortable,1,2025-08-28
u0005549,heritage-seeker,Maharashtra,west,18.5204,73.8567,45-54,friends,moderate,1,2025-07-08
u0005550,beach-and-slow,Tamil Nadu,south,8.0883,77.5385,18-24,couple,moderate,1,2025-03-06
u0005551,weekend-escaper,Uttar Pradesh,central,26.4499,80.3319,18-24,family,comfortable,1,2025-07-04
u0005552,pilgrim,Karnataka,south,15.918,75.685,55+,friends,comfortable,4,2025-03-26
u0005553,heritage-seeker,West Bengal,east,27.06,88.47,45-54,couple,comfortable,1,2024-02-17
u0005554,mountain-walker,Madhya Pradesh,central,23.2599,77.4126,18-24,solo,moderate,1,2024-11-13
u0005555,pilgrim,Uttar Pradesh,central,27.1767,78.0081,55+,family,shoestring,1,2024-08-25
u0005556,weekend-escaper,Tamil Nadu,south,13.0827,80.2707,35-44,couple,comfortable,2,2024-10-31
u0005557,weekend-escaper,Tripura,northeast,23.8315,91.2868,25-34,family,premium,1,2024-06-10
u0005558,heritage-seeker,Karnataka,south,15.918,75.685,25-34,couple,moderate,3,2024-12-13
u0005559,mountain-walker,Sikkim,northeast,27.3,88.24,25-34,friends,comfortable,3,2024-05-25
u0005560,beach-and-slow,Rajasthan,north,26.9124,75.7873,55+,family,comfortable,1,2024-05-12
u0005561,beach-and-slow,Karnataka,south,13.3161,75.772,25-34,family,shoestring,1,2024-06-30
u0005562,beach-and-slow,Himachal Pradesh,north,32.2432,77.1892,18-24,solo,moderate,4,2025-09-04
u0005563,weekend-escaper,Meghalaya,northeast,25.5788,91.8933,25-34,family,moderate,1,2024-09-03
u0005564,pilgrim,Odisha,east,19.8876,86.0945,18-24,couple,comfortable,1,2024-09-07
u0005565,food-first,Uttar Pradesh,central,27.5806,77.7006,25-34,solo,premium,1,2024-10-16
u0005566,food-first,Kerala,south,8.5241,76.9366,45-54,friends,premium,1,2025-09-16
u0005567,food-first,Himachal Pradesh,north,32.01,77.3152,45-54,solo,premium,1,2025-05-30
u0005568,weekend-escaper,Nagaland,northeast,25.6751,94.11,55+,friends,premium,2,2024-08-11
u0005569,family-holiday,Karnataka,south,15.918,75.685,35-44,solo,shoestring,1,2024-02-18
u0005570,heritage-seeker,Maharashtra,west,21.1458,79.0882,18-24,solo,shoestring,6,2025-01-13
u0005571,food-first,Himachal Pradesh,north,31.1048,77.1734,55+,family,shoestring,7,2025-06-04
u0005572,weekend-escaper,Uttar Pradesh,central,25.3176,82.9739,55+,family,comfortable,1,2025-01-21
u0005573,weekend-escaper,Meghalaya,northeast,25.5788,91.8933,35-44,couple,moderate,1,2025-01-18
u0005574,heritage-seeker,Karnataka,south,12.9716,77.5946,35-44,family,comfortable,11,2024-02-04
u0005575,heritage-seeker,Tamil Nadu,south,10.787,79.1378,25-34,couple,comfortable,1,2025-09-27
u0005576,pilgrim,Odisha,east,19.8876,86.0945,45-54,couple,comfortable,1,2024-05-28
u0005577,food-first,Tripura,northeast,23.8315,91.2868,35-44,friends,shoestring,1,2025-09-09
u0005578,food-first,Maharashtra,west,18.7546,73.4062,35-44,friends,moderate,1,2025-04-04
u0005579,weekend-escaper,Manipur,northeast,24.817,93.9368,45-54,solo,comfortable,3,2025-03-31
u0005580,heritage-seeker,Assam,northeast,26.95,94.17,45-54,family,moderate,5,2025-01-08
u0005581,food-first,Uttarakhand,north,30.0869,78.2676,55+,solo,moderate,1,2025-07-20
u0005582,pilgrim,Bihar,east,25.1367,85.4438,25-34,family,premium,1,2025-05-09
u0005583,pilgrim,Uttarakhand,north,30.0869,78.2676,35-44,family,moderate,1,2024-12-23
u0005584,family-holiday,Karnataka,south,15.335,76.46,18-24,family,shoestring,2,2024-05-03
u0005585,family-holiday,Tamil Nadu,south,10.787,79.1378,35-44,solo,moderate,2,2024-10-20
u0005586,heritage-seeker,Kerala,south,9.4981,76.3388,55+,friends,moderate,1,2025-08-19
u0005587,family-holiday,Jharkhand,east,23.3441,85.3096,35-44,solo,shoestring,3,2024-02-14
u0005588,pilgrim,Kerala,south,9.9312,76.2673,25-34,family,moderate,5,2024-11-10
u0005589,family-holiday,Maharashtra,west,19.076,72.8777,45-54,solo,shoestring,3,2024-05-27
u0005590,heritage-seeker,Karnataka,south,15.335,76.46,35-44,friends,moderate,1,2025-09-12
u0005591,pilgrim,Odisha,east,20.2961,85.8245,55+,couple,comfortable,1,2024-09-12
u0005592,family-holiday,Telangana,south,17.385,78.4867,45-54,friends,moderate,1,2024-06-25
u0005593,weekend-escaper,Assam,northeast,26.5775,93.1711,45-54,family,premium,1,2024-03-16
u0005594,beach-and-slow,West Bengal,east,26.7271,88.3953,55+,couple,moderate,1,2024-01-19
u0005595,heritage-seeker,Uttar Pradesh,central,26.4499,80.3319,45-54,family,premium,2,2025-02-26
u0005596,family-holiday,Madhya Pradesh,central,24.8318,79.9199,45-54,solo,moderate,19,2025-05-14
u0005597,beach-and-slow,Andhra Pradesh,south,17.6868,83.2185,18-24,couple,moderate,1,2025-04-28
u0005598,family-holiday,Gujarat,west,22.2394,68.9678,55+,solo,premium,1,2024-01-03
u0005599,pilgrim,West Bengal,east,27.041,88.2663,35-44,family,shoestring,1,2024-11-28
u0005600,food-first,Tamil Nadu,south,12.6269,80.1927,18-24,solo,moderate,3,2024-10-14
u0005601,beach-and-slow,Himachal Pradesh,north,32.2432,77.1892,25-34,family,comfortable,1,2024-02-13
u0005602,weekend-escaper,Rajasthan,north,26.838,70.9,45-54,family,moderate,2,2024-07-19
u0005603,pilgrim,Tamil Nadu,south,12.6269,80.1927,18-24,couple,shoestring,2,2024-07-03
u0005604,family-holiday,Himachal Pradesh,north,32.2432,77.1892,25-34,friends,premium,2,2025-05-14
u0005605,family-holiday,Himachal Pradesh,north,32.2464,78.0349,18-24,couple,shoestring,1,2025-08-04
u0005606,family-holiday,Kerala,south,10.0889,77.0595,55+,family,comfortable,5,2025-03-17
u0005607,weekend-escaper,Nagaland,northeast,25.6751,94.11,55+,solo,moderate,1,2024-11-26
u0005608,mountain-walker,Delhi,north,28.6139,77.209,55+,family,shoestring,3,2025-01-12
u0005609,heritage-seeker,Karnataka,south,12.9141,74.856,25-34,family,moderate,6,2024-02-10
u0005610,beach-and-slow,Maharashtra,west,21.1458,79.0882,55+,couple,shoestring,2,2024-08-31
u0005611,heritage-seeker,Kerala,south,9.9312,76.2673,35-44,couple,moderate,1,2024-09-29
u0005612,beach-and-slow,Rajasthan,north,25.4305,75.6499,45-54,couple,moderate,4,2025-08-26
u0005613,mountain-walker,Manipur,northeast,24.817,93.9368,25-34,friends,moderate,1,2024-07-28
u0005614,beach-and-slow,Uttar Pradesh,central,26.7922,82.1998,55+,solo,comfortable,1,2025-08-09
u0005615,beach-and-slow,Karnataka,south,13.3161,75.772,55+,family,shoestring,1,2025-04-22
u0005616,heritage-seeker,Puducherry,south,11.9416,79.8083,18-24,solo,premium,1,2024-10-03
u0005617,family-holiday,Gujarat,west,20.888,70.401,45-54,family,comfortable,1,2025-02-10
u0005618,food-first,Uttarakhand,north,29.9457,78.1642,35-44,family,comfortable,2,2024-11-26
u0005619,beach-and-slow,West Bengal,east,26.7271,88.3953,18-24,family,comfortable,1,2024-08-27
u0005620,family-holiday,Madhya Pradesh,central,22.7196,75.8577,35-44,couple,comfortable,1,2024-04-14
u0005621,heritage-seeker,Manipur,northeast,24.817,93.9368,25-34,family,comfortable,1,2024-03-26
u0005622,beach-and-slow,Maharashtra,west,18.7546,73.4062,18-24,friends,moderate,1,2025-02-14
u0005623,heritage-seeker,Rajasthan,north,24.8887,74.6269,55+,family,premium,1,2025-05-14
u0005624,mountain-walker,Karnataka,south,15.335,76.46,25-34,friends,comfortable,1,2025-06-12
u0005625,family-holiday,Chhattisgarh,central,21.2514,81.6296,55+,solo,comfortable,1,2025-05-26
u0005626,heritage-seeker,Rajasthan,north,26.2389,73.0243,25-34,family,shoestring,1,2024-06-03
u0005627,weekend-escaper,Kerala,south,9.5916,77.1603,18-24,friends,moderate,4,2025-05-04
u0005628,heritage-seeker,Uttarakhand,north,27.4924,77.6737,55+,family,premium,1,2025-09-03
u0005629,family-holiday,Rajasthan,north,26.4499,74.6399,25-34,couple,comfortable,1,2024-08-08
u0005630,family-holiday,Jammu and Kashmir,north,32.7266,74.857,25-34,family,premium,1,2024-03-25
u0005631,pilgrim,Jammu and Kashmir,north,34.0837,74.7973,18-24,family,premium,2,2025-04-06
u0005632,food-first,Himachal Pradesh,north,32.5387,75.9707,18-24,family,moderate,1,2024-03-26
u0005633,beach-and-slow,Rajasthan,north,24.5926,72.7156,35-44,solo,moderate,2,2024-02-21
u0005634,weekend-escaper,Maharashtra,west,18.5204,73.8567,25-34,family,moderate,2,2024-03-12
u0005635,mountain-walker,Goa,west,15.2993,74.124,35-44,solo,moderate,1,2024-11-26
u0005636,weekend-escaper,Gujarat,west,23.2156,72.6369,55+,friends,moderate,4,2025-02-18
u0005637,pilgrim,Odisha,east,20.2961,85.8245,25-34,friends,comfortable,1,2024-01-23
u0005638,mountain-walker,Chandigarh,north,30.7333,76.7794,25-34,solo,shoestring,1,2025-05-12
u0005639,food-first,Himachal Pradesh,north,32.01,77.3152,55+,family,moderate,1,2024-12-11
u0005640,heritage-seeker,Karnataka,south,13.3161,75.772,25-34,solo,premium,1,2024-09-06
u0005641,family-holiday,Goa,west,15.2993,74.124,55+,couple,shoestring,1,2025-07-08
u0005642,pilgrim,Assam,northeast,26.95,94.17,35-44,couple,moderate,1,2024-05-23
u0005643,weekend-escaper,Madhya Pradesh,central,24.8318,79.9199,18-24,family,moderate,1,2025-05-17
u0005644,mountain-walker,Gujarat,west,23.7333,69.8597,18-24,solo,moderate,1,2024-10-17
u0005645,beach-and-slow,Rajasthan,north,26.2389,73.0243,55+,family,moderate,3,2024-12-05
u0005646,mountain-walker,Kerala,south,8.5241,76.9366,18-24,solo,comfortable,2,2025-03-02
u0005647,heritage-seeker,Assam,northeast,26.95,94.17,25-34,family,moderate,1,2025-07-15
u0005648,heritage-seeker,Uttarakhand,north,27.4924,77.6737,25-34,family,moderate,7,2024-02-10
u0005649,heritage-seeker,Uttar Pradesh,central,26.8467,80.9462,55+,couple,moderate,1,2024-09-17
u0005650,mountain-walker,Uttarakhand,north,30.0869,78.2676,35-44,couple,comfortable,6,2024-07-29
u0005651,weekend-escaper,West Bengal,east,26.7271,88.3953,55+,solo,moderate,1,2024-01-20
u0005652,beach-and-slow,Manipur,northeast,24.817,93.9368,55+,friends,moderate,2,2025-05-03
u0005653,food-first,Uttarakhand,north,29.53,78.7747,25-34,friends,moderate,5,2024-08-21
u0005654,weekend-escaper,Maharashtra,west,18.7546,73.4062,25-34,friends,comfortable,3,2025-08-30
u0005655,heritage-seeker,Kerala,south,8.4004,76.9784,55+,solo,shoestring,1,2025-03-07
u0005656,family-holiday,Tripura,northeast,23.8315,91.2868,45-54,solo,shoestring,1,2024-12-18
u0005657,pilgrim,Maharashtra,west,17.9307,73.6477,25-34,family,comfortable,2,2024-10-02
u0005658,mountain-walker,Maharashtra,west,21.1458,79.0882,55+,solo,shoestring,3,2025-03-16
u0005659,family-holiday,Himachal Pradesh,north,32.5387,75.9707,18-24,friends,premium,2,2024-12-01
u0005660,food-first,Maharashtra,west,19.076,72.8777,18-24,solo,shoestring,1,2024-11-18
u0005661,beach-and-slow,Gujarat,west,22.2394,68.9678,55+,friends,moderate,1,2025-08-30
u0005662,heritage-seeker,Karnataka,south,14.5479,74.3188,55+,couple,shoestring,1,2024-06-22
u0005663,mountain-walker,Tamil Nadu,south,10.2381,77.4892,45-54,couple,comfortable,41,2024-05-16
u0005664,mountain-walker,Uttar Pradesh,central,26.7922,82.1998,45-54,solo,moderate,1,2025-01-04
u0005665,weekend-escaper,Uttarakhand,north,30.0869,78.2676,35-44,solo,premium,1,2025-06-06
u0005666,mountain-walker,Telangana,south,17.385,78.4867,35-44,couple,moderate,1,2024-10-03
u0005667,heritage-seeker,Gujarat,west,23.7333,69.8597,35-44,family,shoestring,1,2025-05-22
u0005668,family-holiday,Maharashtra,west,18.7546,73.4062,18-24,friends,shoestring,1,2025-09-07
u0005669,pilgrim,Goa,west,15.4909,73.8278,35-44,family,moderate,18,2024-02-19
u0005670,food-first,Ladakh,north,34.1526,77.5771,18-24,family,moderate,19,2024-05-13
u0005671,family-holiday,Odisha,east,20.2961,85.8245,25-34,couple,moderate,1,2025-09-14
u0005672,beach-and-slow,Kerala,south,9.5916,77.1603,18-24,couple,comfortable,1,2024-08-06
u0005673,heritage-seeker,Karnataka,south,12.9141,74.856,55+,family,comfortable,1,2024-04-26
u0005674,food-first,Sikkim,northeast,27.3314,88.6138,25-34,family,moderate,1,2024-09-10
u0005675,mountain-walker,Karnataka,south,12.9141,74.856,55+,solo,shoestring,3,2024-08-21
u0005676,beach-and-slow,Kerala,south,11.2588,75.7804,55+,solo,shoestring,33,2025-07-30
u0005677,weekend-escaper,Chandigarh,north,30.7333,76.7794,45-54,couple,premium,1,2024-07-27
u0005678,mountain-walker,Tamil Nadu,south,9.9252,78.1198,18-24,couple,moderate,1,2025-09-20
u0005679,beach-and-slow,Gujarat,west,22.3072,73.1812,55+,family,shoestring,2,2025-01-17
u0005680,mountain-walker,Madhya Pradesh,central,23.2599,77.4126,35-44,couple,shoestring,29,2025-05-19
u0005681,pilgrim,Kerala,south,9.4981,76.3388,18-24,friends,moderate,1,2025-05-17
u0005682,food-first,Odisha,east,19.8135,85.8312,45-54,friends,shoestring,1,2024-09-03
u0005683,pilgrim,Assam,northeast,26.95,94.17,35-44,couple,comfortable,2,2025-06-29
u0005684,heritage-seeker,Meghalaya,northeast,25.5788,91.8933,25-34,solo,shoestring,1,2025-01-22
u0005685,food-first,Ladakh,north,34.1526,77.5771,35-44,friends,moderate,1,2024-08-30
u0005686,weekend-escaper,Maharashtra,west,21.1458,79.0882,18-24,solo,comfortable,1,2024-03-22
u0005687,family-holiday,West Bengal,east,21.627,87.509,25-34,family,shoestring,2,2024-05-20
u0005688,food-first,Ladakh,north,34.1526,77.5771,18-24,couple,shoestring,4,2024-06-13
u0005689,mountain-walker,Nagaland,northeast,25.6751,94.11,45-54,solo,shoestring,1,2025-09-30
u0005690,weekend-escaper,West Bengal,east,27.06,88.47,25-34,family,premium,5,2024-09-08
u0005691,food-first,Madhya Pradesh,central,24.8318,79.9199,55+,family,moderate,2,2024-04-17
u0005692,heritage-seeker,Rajasthan,north,26.2389,73.0243,45-54,solo,moderate,2,2024-12-28
u0005693,food-first,Delhi,north,28.6139,77.209,55+,solo,comfortable,10,2024-01-28
u0005694,family-holiday,Goa,west,15.2993,74.124,35-44,solo,premium,1,2024-07-06
u0005695,heritage-seeker,Ladakh,north,34.6868,77.5619,45-54,couple,moderate,1,2024-11-20
u0005696,family-holiday,Meghalaya,northeast,25.27,91.732,25-34,friends,shoestring,1,2024-04-01
u0005697,pilgrim,Jharkhand,east,23.3441,85.3096,55+,solo,moderate,1,2025-08-01
u0005698,weekend-escaper,Himachal Pradesh,north,32.2432,77.1892,18-24,friends,premium,1,2024-04-07
u0005699,mountain-walker,Uttarakhand,north,29.53,78.7747,25-34,family,moderate,1,2024-01-02
u0005700,family-holiday,Madhya Pradesh,central,23.2599,77.4126,45-54,couple,moderate,1,2025-02-17
u0005701,heritage-seeker,Madhya Pradesh,central,23.1815,79.9864,45-54,family,premium,2,2024-02-05
u0005702,family-holiday,Bihar,east,24.6961,84.9911,25-34,family,shoestring,5,2024-11-01
u0005703,heritage-seeker,Madhya Pradesh,central,24.8318,79.9199,55+,solo,shoestring,1,2024-02-24
u0005704,beach-and-slow,Odisha,east,20.2961,85.8245,25-34,family,moderate,1,2024-05-13
u0005705,mountain-walker,Madhya Pradesh,central,24.8318,79.9199,55+,solo,moderate,1,2025-06-26
u0005706,weekend-escaper,Rajasthan,north,24.8887,74.6269,18-24,solo,moderate,1,2025-08-11
u0005707,heritage-seeker,Madhya Pradesh,central,23.2599,77.4126,18-24,family,shoestring,1,2025-01-09
u0005708,weekend-escaper,Karnataka,south,15.2689,76.3909,55+,solo,comfortable,18,2024-06-28
u0005709,family-holiday,Assam,northeast,26.95,94.17,25-34,family,shoestring,1,2025-07-28
u0005710,pilgrim,Arunachal Pradesh,northeast,27.0844,93.6053,35-44,family,shoestring,1,2024-06-02
u0005711,pilgrim,Meghalaya,northeast,25.5788,91.8933,45-54,couple,moderate,1,2024-11-24
u0005712,heritage-seeker,Uttar Pradesh,central,25.3176,82.9739,45-54,couple,comfortable,1,2024-07-31
u0005713,family-holiday,Karnataka,south,13.3161,75.772,25-34,couple,comfortable,1,2024-03-19
u0005714,pilgrim,Maharashtra,west,18.5204,73.8567,55+,family,comfortable,28,2024-06-30
u0005715,mountain-walker,Uttar Pradesh,central,26.4499,80.3319,25-34,family,premium,2,2025-05-30
u0005716,heritage-seeker,Gujarat,west,21.1702,72.8311,18-24,family,shoestring,2,2025-01-08
u0005717,family-holiday,Kerala,south,11.2588,75.7804,55+,family,moderate,1,2025-09-03
u0005718,beach-and-slow,Uttarakhand,north,29.3803,79.4636,35-44,solo,shoestring,1,2024-09-21
u0005719,mountain-walker,Jharkhand,east,23.3441,85.3096,25-34,couple,shoestring,1,2024-06-09
u0005720,heritage-seeker,Tamil Nadu,south,11.3494,76.7956,45-54,family,moderate,4,2024-01-27
u0005721,mountain-walker,West Bengal,east,26.7271,88.3953,55+,couple,shoestring,1,2024-05-01
u0005722,weekend-escaper,Madhya Pradesh,central,22.7196,75.8577,18-24,solo,moderate,1,2024-12-18
u0005723,pilgrim,Rajasthan,north,26.838,70.9,18-24,family,moderate,1,2024-12-11
u0005724,beach-and-slow,Tamil Nadu,south,11.3494,76.7956,25-34,solo,comfortable,1,2024-03-23
u0005725,heritage-seeker,Bihar,east,24.6961,84.9911,35-44,family,moderate,1,2024-01-02
u0005726,food-first,Tamil Nadu,south,11.3494,76.7956,45-54,family,moderate,2,2024-12-21
u0005727,heritage-seeker,West Bengal,east,27.06,88.47,55+,solo,shoestring,1,2025-07-27
u0005728,beach-and-slow,Madhya Pradesh,central,22.7196,75.8577,55+,family,shoestring,1,2024-07-06
u0005729,mountain-walker,Rajasthan,north,26.4899,74.5511,55+,couple,moderate,2,2024-10-11
u0005730,weekend-escaper,Uttar Pradesh,central,27.1767,78.0081,55+,friends,moderate,10,2025-06-08
u0005731,weekend-escaper,Madhya Pradesh,central,25.3518,78.6417,45-54,solo,premium,1,2024-06-16
u0005732,food-first,Telangana,south,17.385,78.4867,18-24,family,comfortable,15,2025-03-04
u0005733,heritage-seeker,Andhra Pradesh,south,13.6288,79.4192,25-34,couple,comfortable,1,2025-07-26
u0005734,family-holiday,Kerala,south,9.5916,77.1603,45-54,family,moderate,1,2024-01-30
u0005735,pilgrim,Uttarakhand,north,30.3165,78.0322,55+,family,premium,2,2024-06-12
u0005736,mountain-walker,Sikkim,northeast,27.3,88.24,25-34,couple,comfortable,1,2025-02-13
u0005737,heritage-seeker,Uttar Pradesh,central,26.8467,80.9462,55+,solo,moderate,1,2024-03-01
u0005738,family-holiday,Kerala,south,11.6854,76.132,18-24,friends,premium,1,2025-03-16
u0005739,food-first,Gujarat,west,22.3072,73.1812,35-44,family,shoestring,8,2025-06-18
u0005740,family-holiday,Rajasthan,north,25.4305,75.6499,18-24,solo,comfortable,4,2025-01-14
u0005741,beach-and-slow,Karnataka,south,12.3375,75.8069,18-24,couple,moderate,1,2024-06-06
u0005742,family-holiday,Sikkim,northeast,27.3314,88.6138,45-54,couple,premium,2,2024-03-24
u0005743,mountain-walker,Nagaland,northeast,25.6751,94.11,35-44,family,comfortable,12,2024-10-07
u0005744,beach-and-slow,Gujarat,west,23.7333,69.8597,35-44,solo,moderate,1,2024-09-21
u0005745,mountain-walker,Tamil Nadu,south,10.787,79.1378,35-44,solo,shoestring,1,2025-09-30
u0005746,family-holiday,Goa,west,15.4909,73.8278,25-34,solo,moderate,2,2024-06-17
u0005747,family-holiday,Uttar Pradesh,central,27.1767,78.0081,25-34,couple,premium,2,2025-10-01
u0005748,heritage-seeker,Maharashtra,west,18.7546,73.4062,35-44,couple,comfortable,10,2024-11-19
u0005749,weekend-escaper,Karnataka,south,12.2958,76.6394,18-24,solo,premium,2,2024-08-01
u0005750,beach-and-slow,Andaman and Nicobar Islands,south,11.6234,92.7265,45-54,family,moderate,1,2025-06-24
u0005751,pilgrim,Gujarat,west,23.0225,72.5714,35-44,family,comfortable,1,2024-06-05
u0005752,mountain-walker,Kerala,south,10.0889,77.0595,35-44,solo,premium,17,2024-01-09
u0005753,family-holiday,Tamil Nadu,south,12.6269,80.1927,55+,family,shoestring,4,2024-02-20
u0005754,mountain-walker,Karnataka,south,13.3409,74.7421,45-54,couple,shoestring,36,2024-07-08
u0005755,mountain-walker,Sikkim,northeast,27.3,88.24,45-54,friends,comfortable,4,2024-09-13
u0005756,heritage-seeker,Tamil Nadu,south,11.4102,76.695,18-24,family,moderate,8,2024-02-28
u0005757,mountain-walker,Arunachal Pradesh,northeast,27.0844,93.6053,18-24,couple,moderate,3,2024-04-26
u0005758,pilgrim,Uttar Pradesh,central,26.7922,82.1998,35-44,couple,moderate,4,2025-03-25
u0005759,family-holiday,Madhya Pradesh,central,25.3518,78.6417,45-54,couple,comfortable,1,2024-06-24
u0005760,heritage-seeker,Mizoram,northeast,23.7271,92.7176,55+,family,comfortable,1,2025-07-28
u0005761,pilgrim,Chandigarh,north,30.7333,76.7794,45-54,family,moderate,2,2024-03-11
u0005762,food-first,Uttar Pradesh,central,25.4358,81.8463,55+,friends,moderate,1,2024-04-10
u0005763,beach-and-slow,Karnataka,south,13.3161,75.772,25-34,couple,shoestring,1,2024-06-06
u0005764,beach-and-slow,Ladakh,north,34.6868,77.5619,55+,couple,comfortable,1,2024-09-06
u0005765,family-holiday,Bihar,east,24.6961,84.9911,25-34,couple,premium,1,2024-08-18
u0005766,pilgrim,Rajasthan,north,26.4499,74.6399,25-34,family,moderate,1,2024-11-30
u0005767,weekend-escaper,Tamil Nadu,south,12.6269,80.1927,55+,friends,moderate,1,2024-08-24
u0005768,family-holiday,Manipur,northeast,24.817,93.9368,35-44,couple,premium,5,2025-04-30
u0005769,family-holiday,Karnataka,south,12.9141,74.856,18-24,couple,premium,1,2024-08-09
u0005770,pilgrim,Madhya Pradesh,central,23.1815,79.9864,55+,family,comfortable,1,2025-09-29
u0005771,mountain-walker,West Bengal,east,21.627,87.509,35-44,solo,moderate,2,2025-02-22
u0005772,beach-and-slow,Madhya Pradesh,central,25.3518,78.6417,45-54,couple,moderate,5,2024-02-21
u0005773,family-holiday,Chandigarh,north,30.7333,76.7794,25-34,friends,shoestring,1,2024-10-26
u0005774,family-holiday,Goa,west,15.2993,74.124,35-44,couple,moderate,1,2024-05-25
u0005775,heritage-seeker,Uttar Pradesh,central,26.4499,80.3319,55+,couple,shoestring,4,2024-07-11
u0005776,food-first,Uttar Pradesh,central,26.7922,82.1998,45-54,couple,moderate,2,2025-01-07
u0005777,food-first,Bihar,east,25.5941,85.1376,35-44,solo,moderate,23,2025-05-17
u0005778,beach-and-slow,Karnataka,south,13.3409,74.7421,45-54,solo,moderate,1,2024-01-06
u0005779,mountain-walker,Maharashtra,west,17.9307,73.6477,35-44,family,moderate,1,2024-04-07
u0005780,pilgrim,Karnataka,south,12.3375,75.8069,25-34,couple,moderate,6,2025-01-22
u0005781,heritage-seeker,Uttar Pradesh,central,25.4358,81.8463,25-34,couple,comfortable,1,2024-02-01
u0005782,family-holiday,Rajasthan,north,26.4899,74.5511,18-24,solo,moderate,4,2024-09-25
u0005783,heritage-seeker,Goa,west,15.4909,73.8278,35-44,friends,moderate,1,2024-05-29
u0005784,heritage-seeker,Maharashtra,west,21.1458,79.0882,18-24,family,comfortable,1,2024-05-26
u0005785,food-first,Tamil Nadu,south,11.0168,76.9558,35-44,couple,premium,7,2024-07-08
u0005786,family-holiday,Uttarakhand,north,30.0869,78.2676,25-34,family,moderate,1,2024-03-27
u0005787,pilgrim,Nagaland,northeast,25.6751,94.11,55+,family,moderate,1,2024-07-14
u0005788,family-holiday,Maharashtra,west,19.8762,75.3433,18-24,friends,moderate,1,2025-04-30
u0005789,food-first,Gujarat,west,23.2156,72.6369,35-44,solo,shoestring,1,2025-03-01
u0005790,food-first,Rajasthan,north,26.838,70.9,25-34,couple,shoestring,1,2024-07-01
u0005791,weekend-escaper,Assam,northeast,26.1445,91.7362,55+,solo,shoestring,1,2025-01-06
u0005792,food-first,Uttarakhand,north,30.4598,78.0644,18-24,family,comfortable,2,2025-06-09
u0005793,family-holiday,Maharashtra,west,19.7645,74.4762,35-44,family,comfortable,1,2024-01-26
u0005794,heritage-seeker,Himachal Pradesh,north,31.1048,77.1734,55+,couple,shoestring,1,2024-11-05
u0005795,food-first,Goa,west,15.4909,73.8278,35-44,couple,shoestring,4,2024-10-08
u0005796,food-first,Kerala,south,9.9312,76.2673,25-34,friends,moderate,1,2025-05-03
u0005797,food-first,Kerala,south,11.6854,76.132,35-44,couple,shoestring,2,2025-07-30
u0005798,family-holiday,Assam,northeast,26.95,94.17,18-24,friends,moderate,3,2025-05-31
u0005799,beach-and-slow,Sikkim,northeast,27.3,88.24,45-54,family,moderate,1,2025-05-08
u0005800,family-holiday,Kerala,south,11.6854,76.132,25-34,couple,moderate,1,2025-04-13
u0005801,mountain-walker,Karnataka,south,14.5479,74.3188,18-24,solo,moderate,1,2025-01-27
u0005802,family-holiday,Kerala,south,10.0889,77.0595,45-54,friends,premium,1,2025-07-22
u0005803,pilgrim,Meghalaya,northeast,25.27,91.732,25-34,friends,premium,6,2024-11-24
u0005804,pilgrim,West Bengal,east,22.5726,88.3639,35-44,solo,moderate,2,2025-06-07
u0005805,weekend-escaper,Uttarakhand,north,30.3165,78.0322,25-34,couple,comfortable,4,2025-05-03
u0005806,food-first,Punjab,north,31.634,74.8723,45-54,couple,moderate,1,2025-03-01
u0005807,beach-and-slow,Gujarat,west,23.0225,72.5714,45-54,solo,moderate,6,2025-02-11
u0005808,mountain-walker,Himachal Pradesh,north,32.2464,78.0349,25-34,solo,moderate,1,2025-02-22
u0005809,pilgrim,Kerala,south,9.5916,77.1603,45-54,solo,moderate,2,2025-01-16
u0005810,beach-and-slow,Jharkhand,east,23.3441,85.3096,25-34,friends,comfortable,6,2025-07-23
u0005811,heritage-seeker,Gujarat,west,22.2394,68.9678,55+,family,moderate,1,2025-09-27
u0005812,food-first,Madhya Pradesh,central,23.1765,75.7885,18-24,family,comfortable,2,2024-11-10
u0005813,heritage-seeker,Himachal Pradesh,north,32.2432,77.1892,35-44,solo,comfortable,1,2025-05-11
u0005814,heritage-seeker,Kerala,south,9.5916,77.1603,45-54,family,moderate,1,2024-03-21
u0005815,beach-and-slow,Kerala,south,8.7379,76.7163,25-34,couple,comfortable,2,2024-02-23
u0005816,food-first,Uttar Pradesh,central,26.4499,80.3319,25-34,couple,moderate,1,2024-03-18
u0005817,heritage-seeker,Karnataka,south,12.2958,76.6394,55+,solo,premium,1,2024-02-13
u0005818,weekend-escaper,West Bengal,east,27.06,88.47,25-34,couple,moderate,1,2024-05-23
u0005819,food-first,Karnataka,south,15.2689,76.3909,45-54,couple,comfortable,1,2025-09-19
u0005820,family-holiday,Karnataka,south,13.3409,74.7421,35-44,family,moderate,1,2024-01-06
u0005821,beach-and-slow,Rajasthan,north,24.8887,74.6269,18-24,couple,moderate,1,2024-08-09
u0005822,family-holiday,Karnataka,south,13.3161,75.772,18-24,family,shoestring,1,2024-11-24
u0005823,food-first,Arunachal Pradesh,northeast,27.0844,93.6053,25-34,couple,moderate,1,2024-01-06
u0005824,food-first,Madhya Pradesh,central,25.3518,78.6417,45-54,family,moderate,2,2024-01-27
u0005825,heritage-seeker,Maharashtra,west,21.1458,79.0882,45-54,solo,moderate,2,2025-03-30
u0005826,beach-and-slow,Jammu and Kashmir,north,32.7266,74.857,35-44,couple,moderate,1,2025-06-09
u0005827,food-first,Tamil Nadu,south,13.0827,80.2707,25-34,couple,moderate,1,2024-11-15
u0005828,pilgrim,Bihar,east,24.6961,84.9911,25-34,family,premium,2,2025-01-23
u0005829,weekend-escaper,Sikkim,northeast,27.3314,88.6138,25-34,solo,shoestring,1,2025-07-13
u0005830,food-first,Maharashtra,west,18.5204,73.8567,18-24,friends,comfortable,1,2025-09-30
u0005831,beach-and-slow,Kerala,south,11.2588,75.7804,55+,friends,moderate,1,2025-08-08
u0005832,beach-and-slow,Madhya Pradesh,central,24.8318,79.9199,18-24,couple,moderate,1,2025-03-29
u0005833,food-first,Rajasthan,north,26.9124,75.7873,18-24,couple,moderate,8,2024-10-12
u0005834,mountain-walker,Arunachal Pradesh,northeast,27.0844,93.6053,45-54,couple,comfortable,1,2025-02-12
u0005835,heritage-seeker,Madhya Pradesh,central,24.8318,79.9199,18-24,friends,comfortable,1,2025-05-02
u0005836,pilgrim,Kerala,south,10.0889,77.0595,55+,couple,moderate,1,2024-12-26
u0005837,family-holiday,Arunachal Pradesh,northeast,27.586,91.859,25-34,couple,shoestring,1,2024-10-28
u0005838,food-first,Kerala,south,9.9312,76.2673,35-44,couple,comfortable,3,2024-10-18
u0005839,heritage-seeker,Uttarakhand,north,29.53,78.7747,25-34,couple,comfortable,1,2024-10-15
u0005840,heritage-seeker,Madhya Pradesh,central,26.2183,78.1828,55+,friends,comfortable,2,2025-06-25
u0005841,heritage-seeker,Himachal Pradesh,north,32.01,77.3152,35-44,friends,shoestring,1,2025-06-30
u0005842,pilgrim,Uttarakhand,north,30.0869,78.2676,35-44,family,shoestring,6,2024-10-20
u0005843,heritage-seeker,Madhya Pradesh,central,23.1765,75.7885,45-54,couple,moderate,1,2024-09-22
u0005844,beach-and-slow,Tamil Nadu,south,11.4102,76.695,35-44,solo,comfortable,1,2024-07-08
u0005845,family-holiday,Rajasthan,north,25.4305,75.6499,45-54,couple,premium,1,2025-07-08
u0005846,mountain-walker,Uttarakhand,north,30.3165,78.0322,18-24,family,comfortable,1,2025-04-15
u0005847,mountain-walker,Andhra Pradesh,south,17.6868,83.2185,35-44,couple,moderate,1,2025-06-14
u0005848,weekend-escaper,Jammu and Kashmir,north,34.0837,74.7973,55+,couple,comfortable,1,2025-04-20
u0005849,weekend-escaper,Kerala,south,9.5916,77.1603,55+,couple,comfortable,1,2025-06-07
u0005850,food-first,Madhya Pradesh,central,24.8318,79.9199,35-44,solo,shoestring,1,2025-04-21
u0005851,beach-and-slow,Madhya Pradesh,central,24.8318,79.9199,45-54,friends,moderate,1,2024-11-21
u0005852,food-first,Himachal Pradesh,north,32.2464,78.0349,18-24,couple,shoestring,3,2024-02-22
u0005853,weekend-escaper,Gujarat,west,23.0225,72.5714,25-34,family,moderate,1,2024-01-08
u0005854,pilgrim,Jammu and Kashmir,north,34.0837,74.7973,55+,couple,moderate,10,2025-02-09
u0005855,heritage-seeker,Punjab,north,31.634,74.8723,18-24,couple,moderate,4,2024-09-16
u0005856,family-holiday,Goa,west,15.4909,73.8278,45-54,couple,shoestring,2,2024-10-13
u0005857,mountain-walker,Madhya Pradesh,central,23.4794,77.7392,55+,couple,premium,1,2024-03-23
u0005858,beach-and-slow,Uttarakhand,north,30.529,79.5666,45-54,friends,shoestring,3,2025-04-20
u0005859,heritage-seeker,Meghalaya,northeast,25.27,91.732,55+,friends,moderate,1,2024-02-12
u0005860,weekend-escaper,Assam,northeast,26.95,94.17,55+,solo,moderate,2,2024-10-29
u0005861,family-holiday,Himachal Pradesh,north,32.2432,77.1892,55+,solo,moderate,1,2024-01-26
u0005862,mountain-walker,Assam,northeast,26.5775,93.1711,25-34,solo,comfortable,2,2024-08-13
u0005863,weekend-escaper,Maharashtra,west,18.7546,73.4062,25-34,couple,comfortable,1,2024-08-17
u0005864,family-holiday,Rajasthan,north,26.838,70.9,45-54,solo,comfortable,7,2024-10-07
u0005865,weekend-escaper,Uttarakhand,north,30.0869,78.2676,25-34,couple,comfortable,1,2025-04-23
u0005866,pilgrim,Rajasthan,north,26.838,70.9,45-54,solo,comfortable,2,2025-03-19
u0005867,weekend-escaper,Kerala,south,8.7379,76.7163,18-24,family,moderate,3,2025-05-27
u0005868,family-holiday,Uttarakhand,north,29.9457,78.1642,35-44,family,moderate,1,2024-06-20
u0005869,beach-and-slow,Kerala,south,8.7379,76.7163,45-54,friends,comfortable,1,2025-02-13
u0005870,weekend-escaper,Gujarat,west,23.7333,69.8597,35-44,couple,comfortable,1,2025-06-18
u0005871,beach-and-slow,Odisha,east,19.8135,85.8312,55+,solo,moderate,19,2024-06-02
u0005872,mountain-walker,Meghalaya,northeast,25.27,91.732,55+,solo,moderate,3,2024-12-01
u0005873,beach-and-slow,Himachal Pradesh,north,32.2464,78.0349,45-54,solo,comfortable,2,2024-11-26
u0005874,weekend-escaper,Madhya Pradesh,central,22.7196,75.8577,18-24,family,shoestring,2,2025-01-16
u0005875,beach-and-slow,Ladakh,north,34.1526,77.5771,35-44,couple,moderate,1,2024-07-21
u0005876,food-first,Rajasthan,north,26.4899,74.5511,55+,couple,comfortable,58,2025-09-25
u0005877,mountain-walker,Uttar Pradesh,central,26.7922,82.1998,35-44,couple,moderate,3,2024-09-12
u0005878,family-holiday,Tamil Nadu,south,10.2381,77.4892,35-44,couple,shoestring,1,2024-11-26
u0005879,pilgrim,Odisha,east,19.8876,86.0945,25-34,family,moderate,1,2024-02-17
u0005880,food-first,Gujarat,west,23.0225,72.5714,35-44,solo,comfortable,1,2024-09-12
u0005881,heritage-seeker,Rajasthan,north,28.0229,73.3119,18-24,couple,shoestring,7,2024-10-29
u0005882,weekend-escaper,Kerala,south,9.4981,76.3388,18-24,family,comfortable,1,2024-07-02
u0005883,beach-and-slow,Himachal Pradesh,north,32.01,77.3152,55+,couple,moderate,1,2024-02-26
u0005884,food-first,Uttar Pradesh,central,27.5806,77.7006,45-54,couple,moderate,5,2025-06-10
u0005885,weekend-escaper,Himachal Pradesh,north,32.219,76.3234,45-54,family,shoestring,1,2024-11-01
u0005886,beach-and-slow,Andhra Pradesh,south,16.5062,80.648,55+,couple,moderate,1,2024-08-28
u0005887,beach-and-slow,Madhya Pradesh,central,25.3518,78.6417,45-54,solo,moderate,1,2024-12-27
u0005888,heritage-seeker,Uttar Pradesh,central,26.7922,82.1998,18-24,solo,moderate,1,2024-12-22
u0005889,family-holiday,Rajasthan,north,24.5854,73.7125,55+,family,comfortable,1,2025-05-27
u0005890,family-holiday,Rajasthan,north,24.5854,73.7125,18-24,solo,moderate,1,2024-10-24
u0005891,food-first,Meghalaya,northeast,25.5788,91.8933,18-24,solo,moderate,4,2024-07-21
u0005892,heritage-seeker,Kerala,south,8.5241,76.9366,35-44,couple,shoestring,2,2024-03-08
u0005893,heritage-seeker,Tamil Nadu,south,9.9252,78.1198,45-54,family,comfortable,2,2024-11-10
u0005894,heritage-seeker,Kerala,south,11.6854,76.132,45-54,couple,shoestring,1,2024-06-16
u0005895,mountain-walker,Delhi,north,28.6139,77.209,25-34,couple,moderate,1,2025-04-11
u0005896,mountain-walker,Mizoram,northeast,23.7271,92.7176,35-44,family,comfortable,1,2024-10-31
u0005897,beach-and-slow,Manipur,northeast,24.817,93.9368,45-54,friends,shoestring,2,2024-01-10
u0005898,family-holiday,Rajasthan,north,26.9157,70.9083,35-44,couple,comfortable,4,2024-08-24
u0005899,weekend-escaper,Telangana,south,17.385,78.4867,45-54,family,comfortable,5,2025-03-21
u0005900,pilgrim,Uttar Pradesh,central,27.1767,78.0081,55+,solo,moderate,1,2025-05-16
u0005901,family-holiday,Rajasthan,north,24.8887,74.6269,45-54,family,comfortable,3,2024-09-07
u0005902,heritage-seeker,Karnataka,south,12.9716,77.5946,18-24,family,premium,1,2024-02-27
u0005903,heritage-seeker,Goa,west,15.2993,74.124,45-54,solo,moderate,4,2025-07-15
u0005904,food-first,Uttarakhand,north,30.529,79.5666,35-44,solo,moderate,1,2024-09-29
u0005905,beach-and-slow,Uttarakhand,north,30.4598,78.0644,35-44,family,premium,2,2025-03-03
u0005906,heritage-seeker,Uttar Pradesh,central,27.5806,77.7006,45-54,couple,moderate,2,2025-04-27
u0005907,weekend-escaper,Maharashtra,west,18.5204,73.8567,35-44,solo,shoestring,4,2024-10-09
u0005908,food-first,Arunachal Pradesh,northeast,27.586,91.859,55+,friends,moderate,1,2024-06-20
u0005909,beach-and-slow,Gujarat,west,23.7333,69.8597,55+,couple,moderate,1,2024-09-14
u0005910,food-first,Meghalaya,northeast,25.27,91.732,25-34,family,comfortable,1,2024-12-29
u0005911,beach-and-slow,Rajasthan,north,26.4899,74.5511,35-44,family,shoestring,8,2025-04-13
u0005912,heritage-seeker,Maharashtra,west,19.8762,75.3433,35-44,family,shoestring,1,2025-04-11
u0005913,food-first,Uttar Pradesh,central,27.5806,77.7006,45-54,family,moderate,1,2024-03-01
u0005914,heritage-seeker,Delhi,north,28.6139,77.209,25-34,couple,moderate,1,2025-04-16
u0005915,pilgrim,Uttarakhand,north,29.53,78.7747,35-44,solo,shoestring,2,2025-02-22
u0005916,food-first,Tamil Nadu,south,10.787,79.1378,18-24,solo,comfortable,1,2024-05-28
u0005917,beach-and-slow,Gujarat,west,23.0225,72.5714,25-34,family,comfortable,1,2024-12-14
u0005918,pilgrim,Madhya Pradesh,central,22.7196,75.8577,45-54,couple,moderate,1,2024-10-25
u0005919,food-first,Kerala,south,8.5241,76.9366,25-34,solo,shoestring,1,2024-09-14
u0005920,heritage-seeker,Rajasthan,north,26.2389,73.0243,18-24,solo,comfortable,1,2024-01-16
u0005921,family-holiday,West Bengal,east,21.627,87.509,55+,family,moderate,3,2025-01-24
u0005922,mountain-walker,Uttarakhand,north,27.4924,77.6737,35-44,family,moderate,1,2024-10-04
u0005923,mountain-walker,Rajasthan,north,26.4899,74.5511,25-34,family,premium,1,2025-04-06
u0005924,heritage-seeker,Maharashtra,west,21.1458,79.0882,18-24,couple,comfortable,1,2024-03-10
u0005925,family-holiday,Assam,northeast,26.5775,93.1711,25-34,solo,premium,1,2025-07-15
u0005926,heritage-seeker,Kerala,south,11.2588,75.7804,25-34,couple,moderate,1,2025-02-07
u0005927,family-holiday,Madhya Pradesh,central,22.7196,75.8577,18-24,family,comfortable,1,2024-09-30
u0005928,family-holiday,Tamil Nadu,south,10.7905,78.7047,45-54,family,comfortable,1,2025-03-29
u0005929,family-holiday,Karnataka,south,13.3409,74.7421,45-54,family,comfortable,9,2025-06-25
u0005930,food-first,Ladakh,north,34.1526,77.5771,35-44,friends,moderate,1,2025-01-12
u0005931,food-first,Tamil Nadu,south,9.9252,78.1198,45-54,solo,shoestring,1,2024-01-15
u0005932,food-first,Karnataka,south,12.9141,74.856,45-54,family,moderate,2,2024-05-12
u0005933,pilgrim,Uttar Pradesh,central,25.4358,81.8463,35-44,solo,shoestring,3,2025-06-09
u0005934,weekend-escaper,Karnataka,south,14.5479,74.3188,35-44,couple,comfortable,1,2025-06-17
u0005935,weekend-escaper,Gujarat,west,22.2394,68.9678,25-34,friends,shoestring,34,2025-09-30
u0005936,beach-and-slow,Maharashtra,west,18.6414,72.8722,18-24,friends,moderate,1,2025-03-24
u0005937,family-holiday,Rajasthan,north,24.5854,73.7125,25-34,solo,comfortable,1,2024-07-13
u0005938,family-holiday,Kerala,south,8.4004,76.9784,45-54,friends,moderate,53,2024-01-12
u0005939,beach-and-slow,Rajasthan,north,26.9124,75.7873,25-34,family,moderate,1,2025-08-20
u0005940,family-holiday,Rajasthan,north,26.2389,73.0243,35-44,family,shoestring,1,2025-07-18
u0005941,family-holiday,Madhya Pradesh,central,26.2183,78.1828,35-44,friends,shoestring,4,2024-10-16
u0005942,heritage-seeker,Gujarat,west,21.1702,72.8311,18-24,friends,comfortable,2,2025-02-01
u0005943,family-holiday,Madhya Pradesh,central,23.4794,77.7392,45-54,family,shoestring,2,2024-05-04
u0005944,weekend-escaper,Sikkim,northeast,27.3314,88.6138,35-44,family,shoestring,16,2024-11-22
u0005945,heritage-seeker,Tamil Nadu,south,11.3494,76.7956,35-44,solo,premium,1,2024-07-20
u0005946,heritage-seeker,Telangana,south,17.385,78.4867,35-44,friends,moderate,2,2024-08-24
u0005947,weekend-escaper,Gujarat,west,21.1702,72.8311,25-34,solo,moderate,3,2024-06-11
u0005948,pilgrim,Maharashtra,west,18.7546,73.4062,25-34,couple,comfortable,139,2025-02-03
u0005949,heritage-seeker,Tamil Nadu,south,11.3494,76.7956,25-34,couple,moderate,1,2024-02-23
u0005950,weekend-escaper,Himachal Pradesh,north,32.2432,77.1892,25-34,friends,comfortable,8,2024-01-22
u0005951,heritage-seeker,Maharashtra,west,19.076,72.8777,35-44,family,moderate,1,2024-05-17
u0005952,heritage-seeker,West Bengal,east,22.5726,88.3639,35-44,couple,comfortable,1,2025-09-04
u0005953,weekend-escaper,Maharashtra,west,18.7546,73.4062,35-44,solo,moderate,1,2024-05-22
u0005954,pilgrim,Andhra Pradesh,south,13.6288,79.4192,45-54,friends,moderate,6,2024-02-24
u0005955,family-holiday,Gujarat,west,22.3072,73.1812,25-34,family,shoestring,1,2024-03-22
u0005956,heritage-seeker,Madhya Pradesh,central,24.8318,79.9199,25-34,couple,moderate,6,2024-05-09
u0005957,mountain-walker,Madhya Pradesh,central,22.7196,75.8577,35-44,family,comfortable,1,2025-03-08
u0005958,food-first,Tamil Nadu,south,11.4102,76.695,55+,solo,moderate,4,2024-02-13
u0005959,beach-and-slow,Himachal Pradesh,north,32.5387,75.9707,55+,solo,comfortable,1,2024-01-15
u0005960,weekend-escaper,Kerala,south,8.7379,76.7163,45-54,family,shoestring,1,2025-07-29
u0005961,heritage-seeker,Madhya Pradesh,central,25.3518,78.6417,25-34,couple,comfortable,1,2025-03-21
u0005962,pilgrim,Karnataka,south,13.3161,75.772,25-34,couple,moderate,1,2025-07-24
u0005963,food-first,Uttar Pradesh,central,26.4499,80.3319,25-34,couple,shoestring,1,2024-10-05
u0005964,food-first,Uttar Pradesh,central,25.3176,82.9739,45-54,solo,premium,1,2025-03-04
u0005965,mountain-walker,Manipur,northeast,24.817,93.9368,18-24,friends,shoestring,2,2024-10-15
u0005966,beach-and-slow,Karnataka,south,13.3409,74.7421,35-44,couple,shoestring,1,2025-03-30
u0005967,family-holiday,Gujarat,west,20.888,70.401,55+,family,moderate,1,2025-06-24
u0005968,weekend-escaper,Sikkim,northeast,27.3,88.24,45-54,family,comfortable,4,2024-01-29
u0005969,family-holiday,Rajasthan,north,24.5926,72.7156,25-34,friends,shoestring,2,2025-07-25
u0005970,weekend-escaper,West Bengal,east,22.5726,88.3639,45-54,couple,moderate,4,2024-02-22
u0005971,weekend-escaper,Jammu and Kashmir,north,34.0837,74.7973,35-44,solo,premium,1,2025-07-30
u0005972,food-first,Meghalaya,northeast,25.27,91.732,55+,family,comfortable,1,2024-12-25
u0005973,beach-and-slow,Uttarakhand,north,27.4924,77.6737,18-24,couple,moderate,1,2024-10-10
u0005974,food-first,Rajasthan,north,24.8887,74.6269,18-24,family,shoestring,1,2024-09-12
u0005975,food-first,Uttarakhand,north,29.9457,78.1642,55+,solo,premium,1,2024-02-16
u0005976,food-first,Himachal Pradesh,north,32.219,76.3234,18-24,friends,comfortable,1,2025-09-22
u0005977,beach-and-slow,Uttarakhand,north,27.4924,77.6737,18-24,family,comfortable,1,2025-08-14
u0005978,heritage-seeker,Uttarakhand,north,27.4924,77.6737,18-24,family,comfortable,1,2024-11-04
u0005979,weekend-escaper,Gujarat,west,20.888,70.401,45-54,couple,moderate,1,2024-04-04
u0005980,family-holiday,Rajasthan,north,26.838,70.9,45-54,friends,moderate,8,2025-08-06
u0005981,heritage-seeker,Uttarakhand,north,30.4598,78.0644,18-24,couple,moderate,1,2024-11-28
u0005982,family-holiday,Delhi,north,28.6139,77.209,45-54,solo,moderate,1,2024-03-20
u0005983,heritage-seeker,West Bengal,east,22.5726,88.3639,35-44,family,shoestring,1,2024-08-20
u0005984,family-holiday,Maharashtra,west,21.1458,79.0882,18-24,couple,shoestring,2,2025-04-19
u0005985,mountain-walker,Chhattisgarh,central,21.2514,81.6296,35-44,friends,moderate,2,2025-05-05
u0005986,family-holiday,Gujarat,west,22.3072,73.1812,25-34,couple,moderate,1,2024-04-24
u0005987,mountain-walker,Madhya Pradesh,central,26.2183,78.1828,35-44,friends,shoestring,1,2024-11-02
u0005988,beach-and-slow,Ladakh,north,34.1526,77.5771,55+,family,moderate,1,2024-07-16
u0005989,beach-and-slow,Madhya Pradesh,central,26.2183,78.1828,55+,solo,comfortable,15,2025-04-19
u0005990,beach-and-slow,Maharashtra,west,17.9307,73.6477,55+,couple,premium,1,2024-02-02
u0005991,family-holiday,Uttarakhand,north,30.4598,78.0644,45-54,couple,comfortable,2,2024-12-25
u0005992,beach-and-slow,Uttarakhand,north,30.0869,78.2676,35-44,solo,comfortable,1,2024-12-13
u0005993,heritage-seeker,Andhra Pradesh,south,16.5062,80.648,55+,solo,moderate,1,2025-03-03
u0005994,weekend-escaper,Madhya Pradesh,central,23.1815,79.9864,35-44,solo,comfortable,2,2024-03-29
u0005995,mountain-walker,Kerala,south,9.4981,76.3388,35-44,couple,shoestring,1,2025-01-15
u0005996,food-first,Uttarakhand,north,30.529,79.5666,18-24,solo,moderate,1,2025-05-29
u0005997,heritage-seeker,Kerala,south,11.2588,75.7804,25-34,couple,comfortable,1,2024-11-02
u0005998,weekend-escaper,Madhya Pradesh,central,23.1815,79.9864,25-34,couple,moderate,1,2024-06-06
u0005999,heritage-seeker,Karnataka,south,12.2958,76.6394,25-34,friends,moderate,2,2025-06-21
u0006000,heritage-seeker,Himachal Pradesh,north,32.2464,78.0349,18-24,family,moderate,1,2024-04-08
u0006001,family-holiday,Goa,west,15.2993,74.124,35-44,couple,moderate,2,2025-09-03
u0006002,mountain-walker,Maharashtra,west,18.6414,72.8722,18-24,solo,moderate,1,2024-08-10
u0006003,heritage-seeker,Odisha,east,19.8876,86.0945,18-24,family,comfortable,1,2025-04-12
u0006004,family-holiday,West Bengal,east,26.7271,88.3953,25-34,couple,moderate,3,2025-01-09
u0006005,family-holiday,Odisha,east,19.8876,86.0945,35-44,couple,comfortable,2,2024-02-20
u0006006,heritage-seeker,Uttarakhand,north,30.0869,78.2676,45-54,couple,comfortable,1,2025-09-29
u0006007,weekend-escaper,Madhya Pradesh,central,23.1815,79.9864,25-34,solo,moderate,1,2025-09-22
u0006008,family-holiday,Himachal Pradesh,north,32.2464,78.0349,35-44,friends,comfortable,1,2025-02-16
u0006009,beach-and-slow,Karnataka,south,12.9716,77.5946,25-34,couple,comfortable,7,2024-05-08
u0006010,heritage-seeker,Maharashtra,west,18.6414,72.8722,45-54,family,shoestring,1,2025-01-21
u0006011,food-first,West Bengal,east,27.06,88.47,45-54,family,comfortable,2,2024-01-31
u0006012,mountain-walker,Karnataka,south,12.3375,75.8069,25-34,friends,moderate,6,2025-07-09
u0006013,heritage-seeker,Uttarakhand,north,29.9457,78.1642,45-54,friends,shoestring,1,2024-04-23
u0006014,family-holiday,Andaman and Nicobar Islands,south,11.6234,92.7265,45-54,family,shoestring,2,2024-01-29
u0006015,heritage-seeker,Chandigarh,north,30.7333,76.7794,55+,solo,moderate,2,2025-07-08
u0006016,pilgrim,Odisha,east,19.8135,85.8312,45-54,family,shoestring,2,2025-03-21
u0006017,mountain-walker,Odisha,east,19.8135,85.8312,55+,couple,comfortable,1,2024-03-13
u0006018,heritage-seeker,Bihar,east,25.5941,85.1376,35-44,family,moderate,1,2025-04-25
u0006019,heritage-seeker,Jammu and Kashmir,north,34.0837,74.7973,55+,couple,premium,1,2025-04-07
u0006020,pilgrim,Gujarat,west,22.3072,73.1812,45-54,couple,comfortable,1,2025-09-09
u0006021,food-first,Goa,west,15.4909,73.8278,45-54,family,comfortable,2,2025-04-28
u0006022,mountain-walker,Madhya Pradesh,central,26.2183,78.1828,55+,couple,shoestring,2,2025-09-13
u0006023,family-holiday,Gujarat,west,23.2156,72.6369,35-44,solo,moderate,1,2025-06-14
u0006024,weekend-escaper,Himachal Pradesh,north,32.219,76.3234,45-54,couple,comfortable,2,2024-06-28
u0006025,heritage-seeker,Madhya Pradesh,central,23.2599,77.4126,55+,couple,shoestring,1,2024-06-04
u0006026,mountain-walker,Uttarakhand,north,29.53,78.7747,55+,solo,shoestring,2,2024-06-27
u0006027,weekend-escaper,Karnataka,south,12.2958,76.6394,25-34,couple,moderate,1,2024-08-30
u0006028,weekend-escaper,Gujarat,west,23.0225,72.5714,45-54,friends,comfortable,3,2025-06-23
u0006029,heritage-seeker,Kerala,south,9.9312,76.2673,18-24,couple,comfortable,1,2025-06-24
u0006030,heritage-seeker,Ladakh,north,34.1526,77.5771,45-54,solo,moderate,1,2025-05-12
u0006031,beach-and-slow,Karnataka,south,12.9716,77.5946,25-34,couple,comfortable,5,2024-01-28
u0006032,beach-and-slow,Arunachal Pradesh,northeast,27.0844,93.6053,25-34,friends,moderate,1,2024-04-09
u0006033,heritage-seeker,Ladakh,north,34.1526,77.5771,55+,family,comfortable,15,2024-12-28
u0006034,mountain-walker,Karnataka,south,12.9716,77.5946,45-54,family,premium,1,2025-06-29
u0006035,family-holiday,Manipur,northeast,24.817,93.9368,45-54,family,moderate,1,2024-11-26
u0006036,food-first,Andaman and Nicobar Islands,south,11.6234,92.7265,45-54,friends,shoestring,5,2024-07-09
u0006037,family-holiday,Tamil Nadu,south,10.2381,77.4892,45-54,friends,comfortable,1,2024-10-02
u0006038,food-first,Tamil Nadu,south,12.6269,80.1927,18-24,solo,comfortable,1,2025-04-05
u0006039,beach-and-slow,Kerala,south,8.7379,76.7163,18-24,family,moderate,2,2024-02-20
u0006040,family-holiday,Himachal Pradesh,north,32.5387,75.9707,45-54,couple,premium,1,2024-05-19
u0006041,weekend-escaper,Tamil Nadu,south,10.2381,77.4892,18-24,couple,shoestring,1,2025-09-07
u0006042,food-first,Madhya Pradesh,central,24.8318,79.9199,25-34,family,moderate,1,2024-08-08
u0006043,pilgrim,Sikkim,northeast,27.3314,88.6138,25-34,couple,comfortable,1,2025-06-09
u0006044,heritage-seeker,Tamil Nadu,south,13.0827,80.2707,25-34,couple,moderate,1,2024-07-24
u0006045,family-holiday,Manipur,northeast,24.817,93.9368,18-24,family,moderate,1,2025-06-17
u0006046,family-holiday,Tamil Nadu,south,10.787,79.1378,25-34,solo,comfortable,2,2024-05-06
u0006047,heritage-seeker,Uttarakhand,north,30.0869,78.2676,45-54,friends,shoestring,1,2024-06-27
u0006048,mountain-walker,Tamil Nadu,south,8.0883,77.5385,35-44,solo,comfortable,1,2024-05-12
u0006049,food-first,Kerala,south,8.7379,76.7163,18-24,couple,premium,1,2024-02-05
u0006050,pilgrim,West Bengal,east,22.5726,88.3639,55+,couple,moderate,1,2024-05-21
u0006051,heritage-seeker,Uttar Pradesh,central,25.4358,81.8463,35-44,solo,moderate,1,2025-08-11
u0006052,heritage-seeker,Tamil Nadu,south,10.7905,78.7047,55+,family,shoestring,1,2024-07-12
u0006053,weekend-escaper,Gujarat,west,20.888,70.401,18-24,friends,moderate,13,2024-10-24
u0006054,heritage-seeker,Telangana,south,17.385,78.4867,25-34,family,moderate,1,2025-05-13
u0006055,beach-and-slow,Tamil Nadu,south,9.9252,78.1198,18-24,solo,moderate,2,2025-06-13
u0006056,food-first,Gujarat,west,21.1702,72.8311,35-44,couple,comfortable,3,2024-07-09
u0006057,pilgrim,Bihar,east,25.5941,85.1376,45-54,friends,moderate,1,2025-07-30
u0006058,family-holiday,West Bengal,east,26.7271,88.3953,18-24,solo,moderate,1,2025-08-18
u0006059,food-first,Bihar,east,24.6961,84.9911,45-54,couple,shoestring,1,2024-09-10
u0006060,pilgrim,Rajasthan,north,26.2389,73.0243,18-24,solo,premium,3,2025-07-15
u0006061,weekend-escaper,Ladakh,north,34.6868,77.5619,18-24,couple,premium,1,2025-04-29
u0006062,food-first,Jammu and Kashmir,north,34.0837,74.7973,25-34,solo,shoestring,1,2024-02-10
u0006063,mountain-walker,Karnataka,south,15.918,75.685,18-24,family,moderate,4,2024-08-14
u0006064,food-first,Sikkim,northeast,27.3,88.24,18-24,couple,shoestring,1,2025-05-24
u0006065,beach-and-slow,Uttarakhand,north,27.4924,77.6737,35-44,family,moderate,1,2024-04-19
u0006066,family-holiday,Andhra Pradesh,south,13.6288,79.4192,45-54,solo,moderate,1,2024-02-03
u0006067,food-first,Tripura,northeast,23.8315,91.2868,55+,couple,shoestring,3,2024-08-11
u0006068,heritage-seeker,Maharashtra,west,19.9975,73.7898,35-44,family,comfortable,2,2024-11-02
u0006069,mountain-walker,Ladakh,north,34.1526,77.5771,45-54,couple,comfortable,1,2025-01-20
u0006070,pilgrim,Uttarakhand,north,30.4598,78.0644,25-34,couple,premium,1,2025-01-01
u0006071,weekend-escaper,Tamil Nadu,south,11.4102,76.695,18-24,friends,comfortable,8,2024-07-30
u0006072,family-holiday,Maharashtra,west,18.7546,73.4062,55+,couple,moderate,7,2025-04-14
u0006073,weekend-escaper,Karnataka,south,13.3161,75.772,45-54,family,moderate,1,2024-10-10
u0006074,food-first,Kerala,south,9.4981,76.3388,35-44,family,comfortable,1,2025-02-15
u0006075,weekend-escaper,Uttarakhand,north,27.4924,77.6737,45-54,couple,moderate,4,2025-01-16
u0006076,weekend-escaper,Uttarakhand,north,30.3165,78.0322,18-24,family,moderate,1,2024-02-25
u0006077,heritage-seeker,Karnataka,south,13.3409,74.7421,18-24,couple,moderate,4,2024-08-31
u0006078,heritage-seeker,Chhattisgarh,central,21.2514,81.6296,18-24,solo,moderate,1,2025-05-01
u0006079,beach-and-slow,Rajasthan,north,26.9124,75.7873,55+,couple,moderate,2,2024-07-06
u0006080,mountain-walker,Tripura,northeast,23.8315,91.2868,35-44,family,shoestring,2,2025-05-05
u0006081,family-holiday,Madhya Pradesh,central,24.8318,79.9199,45-54,friends,comfortable,1,2025-09-27
u0006082,food-first,Tamil Nadu,south,11.3494,76.7956,35-44,solo,shoestring,1,2024-11-22
u0006083,weekend-escaper,Tamil Nadu,south,13.0827,80.2707,25-34,solo,shoestring,2,2024-10-08
u0006084,heritage-seeker,Karnataka,south,12.3375,75.8069,55+,family,comfortable,1,2024-05-19
u0006085,family-holiday,Tamil Nadu,south,13.0827,80.2707,35-44,couple,shoestring,2,2025-09-23
u0006086,mountain-walker,Maharashtra,west,19.8762,75.3433,25-34,family,comfortable,1,2024-03-29
u0006087,heritage-seeker,Rajasthan,north,26.4499,74.6399,35-44,solo,shoestring,1,2024-03-08
u0006088,weekend-escaper,Himachal Pradesh,north,32.2432,77.1892,35-44,couple,moderate,2,2025-06-29
u0006089,mountain-walker,West Bengal,east,22.5726,88.3639,18-24,family,premium,1,2024-04-24
u0006090,family-holiday,Madhya Pradesh,central,23.1765,75.7885,55+,solo,comfortable,1,2024-08-31
u0006091,family-holiday,Andhra Pradesh,south,16.5062,80.648,25-34,family,comfortable,1,2024-10-12
u0006092,mountain-walker,Karnataka,south,13.3161,75.772,25-34,friends,shoestring,1,2024-02-01
u0006093,mountain-walker,Andaman and Nicobar Islands,south,11.6234,92.7265,25-34,family,comfortable,1,2025-03-25
u0006094,mountain-walker,Tamil Nadu,south,10.2381,77.4892,45-54,solo,comfortable,6,2024-09-29
u0006095,pilgrim,Tamil Nadu,south,10.7905,78.7047,55+,solo,moderate,2,2024-12-15
u0006096,family-holiday,Gujarat,west,22.3072,73.1812,35-44,couple,comfortable,1,2024-08-25
u0006097,weekend-escaper,Maharashtra,west,19.8762,75.3433,25-34,couple,shoestring,1,2025-07-16
u0006098,pilgrim,Andhra Pradesh,south,16.5062,80.648,45-54,couple,moderate,2,2025-06-01
u0006099,pilgrim,West Bengal,east,27.06,88.47,55+,couple,moderate,1,2025-07-15
u0006100,weekend-escaper,Uttarakhand,north,30.529,79.5666,35-44,friends,moderate,1,2024-08-16
u0006101,weekend-escaper,Gujarat,west,23.2156,72.6369,35-44,couple,moderate,6,2024-10-26
u0006102,mountain-walker,Punjab,north,31.634,74.8723,45-54,family,shoestring,1,2024-01-19
u0006103,heritage-seeker,Uttar Pradesh,central,27.5806,77.7006,25-34,couple,premium,1,2025-04-26
u0006104,family-holiday,Rajasthan,north,26.4899,74.5511,18-24,family,shoestring,2,2024-07-15
u0006105,food-first,Karnataka,south,12.9141,74.856,45-54,family,shoestring,3,2024-04-18
u0006106,heritage-seeker,Himachal Pradesh,north,32.5387,75.9707,18-24,friends,shoestring,1,2025-08-14
u0006107,mountain-walker,Gujarat,west,22.2394,68.9678,45-54,couple,shoestring,1,2025-03-28
u0006108,weekend-escaper,Kerala,south,11.6854,76.132,45-54,family,premium,7,2024-02-26
u0006109,pilgrim,Tamil Nadu,south,11.4102,76.695,25-34,friends,shoestring,1,2025-05-25
u0006110,mountain-walker,Rajasthan,north,26.4499,74.6399,25-34,solo,premium,1,2024-10-07
u0006111,heritage-seeker,Uttarakhand,north,30.3165,78.0322,35-44,solo,moderate,1,2024-02-28
u0006112,food-first,Meghalaya,northeast,25.5788,91.8933,45-54,family,comfortable,2,2024-09-21
u0006113,family-holiday,Rajasthan,north,25.4305,75.6499,55+,couple,comfortable,2,2024-08-21
u0006114,beach-and-slow,Uttarakhand,north,29.9457,78.1642,25-34,couple,moderate,2,2024-09-13
u0006115,beach-and-slow,Assam,northeast,26.1445,91.7362,45-54,family,moderate,1,2025-04-11
u0006116,pilgrim,Rajasthan,north,28.0229,73.3119,35-44,solo,shoestring,2,2024-09-05
u0006117,heritage-seeker,Maharashtra,west,19.076,72.8777,18-24,family,comfortable,1,2024-04-12
u0006118,pilgrim,Madhya Pradesh,central,23.2599,77.4126,18-24,friends,comfortable,1,2024-07-29
u0006119,food-first,Bihar,east,25.1367,85.4438,35-44,solo,shoestring,3,2025-02-07
u0006120,pilgrim,Meghalaya,northeast,25.5788,91.8933,45-54,couple,moderate,2,2025-05-18
u0006121,mountain-walker,Odisha,east,20.2961,85.8245,25-34,friends,shoestring,4,2024-10-13
u0006122,heritage-seeker,Jammu and Kashmir,north,34.0837,74.7973,45-54,friends,comfortable,1,2025-01-26
u0006123,pilgrim,Tamil Nadu,south,11.3494,76.7956,55+,couple,comfortable,1,2025-06-24
u0006124,weekend-escaper,Himachal Pradesh,north,32.219,76.3234,35-44,family,moderate,2,2025-05-26
u0006125,family-holiday,Kerala,south,11.6854,76.132,55+,solo,moderate,1,2025-02-09
u0006126,heritage-seeker,Karnataka,south,15.918,75.685,25-34,family,comfortable,2,2024-02-04
u0006127,family-holiday,Arunachal Pradesh,northeast,27.0844,93.6053,55+,friends,comfortable,1,2024-02-20
u0006128,beach-and-slow,Madhya Pradesh,central,25.3518,78.6417,35-44,solo,moderate,1,2025-06-21
u0006129,mountain-walker,Goa,west,15.2993,74.124,55+,solo,moderate,1,2024-08-31
u0006130,food-first,Karnataka,south,15.2689,76.3909,18-24,couple,moderate,1,2025-02-05
u0006131,food-first,Gujarat,west,20.888,70.401,18-24,solo,shoestring,1,2025-01-13
u0006132,mountain-walker,Maharashtra,west,18.7546,73.4062,18-24,couple,comfortable,1,2024-10-20
u0006133,food-first,Maharashtra,west,18.6414,72.8722,35-44,couple,moderate,1,2024-07-29
u0006134,beach-and-slow,Andhra Pradesh,south,17.6868,83.2185,25-34,solo,moderate,1,2024-11-12
u0006135,family-holiday,Uttarakhand,north,29.53,78.7747,25-34,solo,shoestring,12,2024-07-21
u0006136,food-first,Maharashtra,west,21.1458,79.0882,18-24,friends,premium,1,2024-11-25
u0006137,weekend-escaper,West Bengal,east,21.627,87.509,35-44,friends,comfortable,1,2024-05-25
u0006138,family-holiday,Gujarat,west,21.1702,72.8311,45-54,couple,shoestring,2,2024-07-01
u0006139,food-first,Jammu and Kashmir,north,32.7266,74.857,18-24,solo,moderate,1,2024-04-29
u0006140,food-first,Kerala,south,11.2588,75.7804,45-54,solo,moderate,1,2024-02-22
u0006141,family-holiday,Karnataka,south,15.2689,76.3909,45-54,family,moderate,1,2024-09-29
u0006142,beach-and-slow,Rajasthan,north,25.4305,75.6499,18-24,friends,comfortable,1,2024-08-24
u0006143,pilgrim,Arunachal Pradesh,northeast,27.586,91.859,25-34,couple,comfortable,8,2024-11-29
u0006144,weekend-escaper,Kerala,south,9.4981,76.3388,45-54,friends,moderate,7,2024-06-15
u0006145,weekend-escaper,Madhya Pradesh,central,23.4794,77.7392,45-54,couple,moderate,2,2025-07-31
u0006146,food-first,Assam,northeast,26.95,94.17,45-54,solo,moderate,1,2024-06-26
u0006147,weekend-escaper,Uttar Pradesh,central,26.7922,82.1998,35-44,solo,comfortable,2,2025-03-26
u0006148,food-first,West Bengal,east,27.041,88.2663,18-24,solo,comfortable,1,2025-04-28
u0006149,weekend-escaper,Kerala,south,10.0889,77.0595,25-34,solo,moderate,11,2025-04-27
u0006150,heritage-seeker,Goa,west,15.2993,74.124,35-44,couple,shoestring,1,2024-10-08
u0006151,weekend-escaper,Madhya Pradesh,central,23.1815,79.9864,18-24,friends,shoestring,2,2024-07-29
u0006152,weekend-escaper,Maharashtra,west,18.6414,72.8722,25-34,family,moderate,17,2024-05-09
u0006153,food-first,Bihar,east,24.6961,84.9911,35-44,couple,comfortable,1,2024-01-04
u0006154,family-holiday,Uttarakhand,north,30.3165,78.0322,55+,couple,moderate,3,2024-02-28
u0006155,family-holiday,Meghalaya,northeast,25.5788,91.8933,45-54,friends,comfortable,1,2025-05-28
u0006156,pilgrim,Uttar Pradesh,central,26.8467,80.9462,18-24,couple,moderate,2,2024-08-17
u0006157,heritage-seeker,Madhya Pradesh,central,24.8318,79.9199,45-54,couple,shoestring,65,2025-06-11
u0006158,mountain-walker,Jharkhand,east,23.3441,85.3096,55+,solo,comfortable,1,2025-07-11
u0006159,heritage-seeker,Himachal Pradesh,north,32.219,76.3234,35-44,friends,moderate,2,2024-11-23
u0006160,weekend-escaper,Madhya Pradesh,central,23.4794,77.7392,45-54,friends,moderate,1,2024-06-17
u0006161,beach-and-slow,Uttar Pradesh,central,27.1767,78.0081,25-34,solo,premium,1,2025-09-05
u0006162,heritage-seeker,Rajasthan,north,24.8887,74.6269,18-24,family,premium,1,2025-07-18
u0006163,weekend-escaper,Kerala,south,11.6854,76.132,35-44,couple,shoestring,1,2024-05-02
u0006164,heritage-seeker,Meghalaya,northeast,25.5788,91.8933,45-54,family,shoestring,2,2025-08-28
u0006165,food-first,Tamil Nadu,south,10.2381,77.4892,25-34,family,shoestring,2,2024-07-12
u0006166,mountain-walker,Chhattisgarh,central,21.2514,81.6296,45-54,friends,shoestring,1,2024-10-20
u0006167,mountain-walker,Kerala,south,9.9312,76.2673,18-24,family,shoestring,2,2025-06-15
u0006168,weekend-escaper,Puducherry,south,11.9416,79.8083,18-24,friends,moderate,1,2025-08-28
u0006169,beach-and-slow,Maharashtra,west,19.076,72.8777,25-34,friends,shoestring,1,2025-09-04
u0006170,family-holiday,Jammu and Kashmir,north,32.7266,74.857,18-24,solo,comfortable,1,2025-04-17
u0006171,beach-and-slow,Tamil Nadu,south,10.7905,78.7047,35-44,couple,moderate,2,2024-01-04
u0006172,mountain-walker,Rajasthan,north,24.5854,73.7125,25-34,couple,moderate,19,2024-01-06
u0006173,beach-and-slow,Sikkim,northeast,27.3314,88.6138,18-24,solo,comfortable,6,2025-01-30
u0006174,heritage-seeker,Kerala,south,9.9312,76.2673,18-24,couple,moderate,6,2025-01-29
u0006175,beach-and-slow,Uttar Pradesh,central,25.4358,81.8463,18-24,couple,comfortable,1,2025-04-25
u0006176,beach-and-slow,Gujarat,west,21.1702,72.8311,55+,couple,premium,1,2025-01-10
u0006177,pilgrim,West Bengal,east,26.7271,88.3953,18-24,couple,comfortable,1,2025-01-21
u0006178,beach-and-slow,Rajasthan,north,26.2389,73.0243,25-34,family,shoestring,1,2024-03-09
u0006179,heritage-seeker,West Bengal,east,27.041,88.2663,25-34,couple,comfortable,6,2024-12-04
u0006180,heritage-seeker,Goa,west,15.4909,73.8278,18-24,solo,moderate,8,2024-12-15
u0006181,weekend-escaper,Goa,west,15.2993,74.124,18-24,couple,moderate,1,2025-06-13
u0006182,beach-and-slow,Karnataka,south,12.9141,74.856,45-54,friends,premium,1,2024-05-08
u0006183,heritage-seeker,Kerala,south,9.4981,76.3388,18-24,couple,moderate,1,2025-04-19
u0006184,family-holiday,Gujarat,west,23.2156,72.6369,18-24,friends,comfortable,1,2024-10-17
u0006185,pilgrim,Maharashtra,west,18.6414,72.8722,45-54,couple,moderate,2,2024-06-05
u0006186,weekend-escaper,Maharashtra,west,17.9307,73.6477,35-44,couple,moderate,1,2024-06-07
u0006187,family-holiday,Uttarakhand,north,29.9457,78.1642,25-34,couple,comfortable,1,2024-07-12
u0006188,weekend-escaper,Karnataka,south,13.3161,75.772,45-54,solo,moderate,1,2025-04-06
u0006189,family-holiday,Himachal Pradesh,north,32.2432,77.1892,55+,family,premium,1,2025-03-16
u0006190,pilgrim,Arunachal Pradesh,northeast,27.0844,93.6053,25-34,couple,comfortable,1,2024-06-19
u0006191,heritage-seeker,Tamil Nadu,south,10.7905,78.7047,45-54,couple,premium,1,2025-08-17
u0006192,pilgrim,Andhra Pradesh,south,16.5062,80.648,18-24,friends,moderate,1,2024-01-12
u0006193,pilgrim,Uttarakhand,north,29.53,78.7747,25-34,family,moderate,1,2024-10-21
u0006194,heritage-seeker,Uttar Pradesh,central,27.1767,78.0081,35-44,solo,comfortable,2,2024-07-30
u0006195,heritage-seeker,Assam,northeast,26.95,94.17,25-34,friends,moderate,7,2024-12-27
u0006196,weekend-escaper,Uttarakhand,north,30.4598,78.0644,45-54,couple,comfortable,1,2025-09-13
u0006197,family-holiday,Rajasthan,north,26.4899,74.5511,55+,couple,premium,1,2024-04-09
u0006198,food-first,Andhra Pradesh,south,16.5062,80.648,35-44,family,shoestring,2,2024-03-18
u0006199,weekend-escaper,Ladakh,north,34.1526,77.5771,25-34,couple,comfortable,4,2025-09-29
u0006200,family-holiday,Sikkim,northeast,27.3,88.24,25-34,family,premium,1,2024-02-03
u0006201,pilgrim,Kerala,south,11.6854,76.132,35-44,solo,comfortable,1,2024-04-01
u0006202,heritage-seeker,Himachal Pradesh,north,32.2464,78.0349,35-44,friends,comfortable,1,2025-03-18
u0006203,food-first,Madhya Pradesh,central,26.2183,78.1828,55+,family,moderate,1,2024-02-26
u0006204,family-holiday,Chandigarh,north,30.7333,76.7794,45-54,couple,moderate,14,2025-08-28
u0006205,pilgrim,Madhya Pradesh,central,23.1765,75.7885,55+,solo,moderate,1,2025-01-20
u0006206,food-first,Madhya Pradesh,central,22.7196,75.8577,25-34,solo,premium,13,2025-02-26
u0006207,heritage-seeker,Tamil Nadu,south,11.0168,76.9558,18-24,couple,moderate,1,2025-08-14
u0006208,beach-and-slow,Rajasthan,north,25.4305,75.6499,55+,family,moderate,1,2025-04-01
u0006209,food-first,Tamil Nadu,south,11.3494,76.7956,25-34,couple,comfortable,2,2025-03-30
u0006210,pilgrim,Maharashtra,west,19.076,72.8777,55+,solo,moderate,9,2025-05-27
u0006211,food-first,West Bengal,east,22.5726,88.3639,25-34,couple,shoestring,1,2024-03-16
u0006212,pilgrim,Maharashtra,west,18.6414,72.8722,55+,solo,premium,1,2025-01-04
u0006213,family-holiday,Karnataka,south,15.918,75.685,25-34,solo,premium,1,2025-01-24
u0006214,family-holiday,Uttarakhand,north,30.3165,78.0322,55+,friends,premium,5,2024-12-16
u0006215,mountain-walker,Odisha,east,19.8135,85.8312,25-34,family,moderate,2,2024-01-12
u0006216,heritage-seeker,Odisha,east,19.8135,85.8312,35-44,couple,moderate,1,2025-07-30
u0006217,pilgrim,Madhya Pradesh,central,23.4794,77.7392,45-54,couple,comfortable,1,2025-02-09
u0006218,heritage-seeker,West Bengal,east,27.041,88.2663,45-54,family,shoestring,1,2024-04-07
u0006219,weekend-escaper,Tripura,northeast,23.8315,91.2868,45-54,family,moderate,19,2024-06-13
u0006220,pilgrim,Rajasthan,north,24.8887,74.6269,35-44,family,comfortable,2,2024-03-27
u0006221,food-first,Karnataka,south,12.9716,77.5946,18-24,family,moderate,5,2024-03-19
u0006222,food-first,Tamil Nadu,south,13.0827,80.2707,35-44,couple,comfortable,5,2024-05-04
u0006223,family-holiday,Kerala,south,8.4004,76.9784,45-54,family,shoestring,1,2024-02-23
u0006224,family-holiday,Andhra Pradesh,south,16.5062,80.648,55+,couple,moderate,1,2024-02-26
u0006225,pilgrim,Karnataka,south,12.3375,75.8069,55+,couple,shoestring,1,2024-08-28
u0006226,weekend-escaper,Karnataka,south,15.2689,76.3909,25-34,family,moderate,1,2025-03-13
u0006227,family-holiday,Andhra Pradesh,south,17.6868,83.2185,25-34,family,comfortable,1,2025-09-17
u0006228,beach-and-slow,Kerala,south,10.0889,77.0595,55+,solo,shoestring,2,2025-02-11
u0006229,beach-and-slow,Arunachal Pradesh,northeast,27.0844,93.6053,18-24,solo,moderate,4,2024-02-13
u0006230,family-holiday,Rajasthan,north,24.5854,73.7125,25-34,friends,premium,1,2025-01-10
u0006231,food-first,Gujarat,west,23.7333,69.8597,35-44,solo,shoestring,1,2025-08-21
u0006232,family-holiday,Assam,northeast,26.95,94.17,35-44,solo,shoestring,1,2025-09-22
u0006233,family-holiday,Tamil Nadu,south,9.9252,78.1198,25-34,solo,premium,2,2025-04-02
u0006234,pilgrim,Rajasthan,north,26.2389,73.0243,18-24,family,comfortable,1,2024-10-03
u0006235,mountain-walker,Maharashtra,west,19.7645,74.4762,18-24,solo,comfortable,40,2024-05-04
u0006236,weekend-escaper,Rajasthan,north,24.8887,74.6269,55+,solo,comfortable,1,2024-09-02
u0006237,weekend-escaper,Uttar Pradesh,central,25.4358,81.8463,55+,family,shoestring,1,2024-08-07
u0006238,family-holiday,Sikkim,northeast,27.3314,88.6138,18-24,family,shoestring,1,2024-01-27
u0006239,heritage-seeker,Himachal Pradesh,north,31.1048,77.1734,35-44,solo,moderate,1,2025-04-27
u0006240,beach-and-slow,Gujarat,west,22.2394,68.9678,45-54,family,shoestring,1,2025-07-23
u0006241,family-holiday,Maharashtra,west,21.1458,79.0882,45-54,couple,moderate,1,2025-03-12
u0006242,heritage-seeker,Uttarakhand,north,30.0869,78.2676,18-24,couple,moderate,2,2025-08-12
u0006243,food-first,Punjab,north,31.634,74.8723,55+,couple,premium,2,2025-06-22
u0006244,weekend-escaper,Uttarakhand,north,30.529,79.5666,45-54,family,shoestring,2,2025-03-19
u0006245,weekend-escaper,Kerala,south,11.6854,76.132,35-44,solo,moderate,4,2024-06-28
u0006246,heritage-seeker,Meghalaya,northeast,25.5788,91.8933,55+,family,comfortable,1,2025-04-25
u0006247,pilgrim,Maharashtra,west,18.5204,73.8567,45-54,couple,comfortable,1,2025-01-05
u0006248,weekend-escaper,Kerala,south,9.5916,77.1603,25-34,solo,shoestring,1,2025-01-29
u0006249,family-holiday,Manipur,northeast,24.817,93.9368,25-34,family,comfortable,1,2024-08-18
u0006250,weekend-escaper,Andhra Pradesh,south,13.6288,79.4192,18-24,family,moderate,1,2024-09-16
u0006251,heritage-seeker,Punjab,north,31.634,74.8723,55+,couple,premium,7,2025-04-27
u0006252,beach-and-slow,Rajasthan,north,24.5854,73.7125,25-34,solo,moderate,5,2025-06-04
u0006253,food-first,Bihar,east,24.6961,84.9911,35-44,couple,comfortable,1,2024-03-26
u0006254,pilgrim,Uttar Pradesh,central,26.7922,82.1998,45-54,solo,moderate,1,2025-04-18
u0006255,heritage-seeker,Kerala,south,8.5241,76.9366,25-34,family,comfortable,1,2024-07-27
u0006256,beach-and-slow,West Bengal,east,22.5726,88.3639,25-34,family,comfortable,1,2024-06-05
u0006257,weekend-escaper,Odisha,east,19.8876,86.0945,25-34,solo,shoestring,2,2024-10-07
u0006258,food-first,Arunachal Pradesh,northeast,27.586,91.859,18-24,couple,shoestring,1,2024-07-04
u0006259,pilgrim,Jammu and Kashmir,north,34.0837,74.7973,35-44,solo,comfortable,2,2024-07-22
u0006260,family-holiday,Jammu and Kashmir,north,32.7266,74.857,55+,friends,moderate,2,2024-01-08
u0006261,beach-and-slow,Himachal Pradesh,north,32.219,76.3234,25-34,family,moderate,1,2025-07-30
u0006262,mountain-walker,Andhra Pradesh,south,13.6288,79.4192,25-34,family,moderate,1,2025-02-04
u0006263,food-first,Andhra Pradesh,south,16.5062,80.648,35-44,family,comfortable,3,2025-05-24
u0006264,food-first,Karnataka,south,15.918,75.685,45-54,solo,moderate,1,2024-04-07
u0006265,mountain-walker,Himachal Pradesh,north,31.1048,77.1734,18-24,couple,comfortable,372,2024-09-14
u0006266,weekend-escaper,Kerala,south,11.2588,75.7804,55+,family,comfortable,1,2024-10-02
u0006267,beach-and-slow,Kerala,south,11.2588,75.7804,45-54,couple,premium,1,2024-12-07
u0006268,weekend-escaper,Karnataka,south,12.9716,77.5946,35-44,friends,comfortable,1,2024-11-14
u0006269,pilgrim,Himachal Pradesh,north,32.2432,77.1892,55+,couple,comfortable,1,2024-10-26
u0006270,weekend-escaper,Andaman and Nicobar Islands,south,11.6234,92.7265,45-54,solo,shoestring,6,2025-08-27
u0006271,mountain-walker,Meghalaya,northeast,25.5788,91.8933,25-34,couple,comfortable,7,2024-05-11
u0006272,food-first,Rajasthan,north,26.9157,70.9083,55+,couple,comfortable,1,2024-10-31
u0006273,pilgrim,Uttar Pradesh,central,25.3176,82.9739,55+,solo,shoestring,1,2024-10-21
u0006274,food-first,Madhya Pradesh,central,22.7196,75.8577,25-34,couple,shoestring,3,2025-09-05
u0006275,family-holiday,Tamil Nadu,south,13.0827,80.2707,35-44,couple,moderate,1,2025-01-04
u0006276,heritage-seeker,Punjab,north,31.634,74.8723,45-54,family,shoestring,1,2025-02-23
u0006277,food-first,Kerala,south,8.4004,76.9784,35-44,solo,moderate,1,2025-05-09
u0006278,beach-and-slow,Kerala,south,8.7379,76.7163,35-44,solo,moderate,3,2024-11-21
u0006279,family-holiday,Tamil Nadu,south,8.0883,77.5385,35-44,couple,moderate,1,2024-04-30
u0006280,beach-and-slow,Karnataka,south,12.2958,76.6394,18-24,solo,premium,3,2024-02-04
u0006281,weekend-escaper,Uttar Pradesh,central,26.8467,80.9462,18-24,solo,comfortable,1,2024-12-07
u0006282,weekend-escaper,Uttarakhand,north,29.53,78.7747,55+,couple,comfortable,4,2025-07-04
u0006283,beach-and-slow,Madhya Pradesh,central,24.8318,79.9199,55+,friends,moderate,1,2024-06-14
u0006284,family-holiday,Rajasthan,north,24.8887,74.6269,35-44,friends,shoestring,1,2025-07-08
u0006285,food-first,Rajasthan,north,26.4499,74.6399,18-24,friends,moderate,2,2025-09-05
u0006286,heritage-seeker,Tamil Nadu,south,13.0827,80.2707,45-54,couple,shoestring,1,2025-09-14
u0006287,weekend-escaper,Kerala,south,11.2588,75.7804,35-44,couple,comfortable,1,2024-09-20
u0006288,mountain-walker,Uttarakhand,north,30.0869,78.2676,25-34,couple,moderate,1,2025-09-21
u0006289,food-first,Arunachal Pradesh,northeast,27.0844,93.6053,25-34,couple,comfortable,4,2024-11-18
u0006290,mountain-walker,Nagaland,northeast,25.6751,94.11,35-44,family,shoestring,2,2024-08-10
u0006291,beach-and-slow,Uttarakhand,north,29.3803,79.4636,25-34,couple,moderate,2,2024-03-03
u0006292,mountain-walker,Andaman and Nicobar Islands,south,11.6234,92.7265,55+,friends,moderate,1,2024-06-27
u0006293,weekend-escaper,Uttar Pradesh,central,27.5806,77.7006,25-34,family,moderate,1,2024-07-12
u0006294,heritage-seeker,Kerala,south,8.4004,76.9784,35-44,family,moderate,4,2024-08-29
u0006295,food-first,Meghalaya,northeast,25.5788,91.8933,18-24,couple,shoestring,6,2024-04-11
u0006296,weekend-escaper,Himachal Pradesh,north,32.219,76.3234,55+,couple,moderate,1,2025-04-21
u0006297,weekend-escaper,Kerala,south,9.4981,76.3388,25-34,friends,shoestring,59,2025-06-01
u0006298,pilgrim,Assam,northeast,26.5775,93.1711,25-34,family,shoestring,1,2025-02-18
u0006299,weekend-escaper,Gujarat,west,20.888,70.401,35-44,solo,premium,1,2025-07-26
u0006300,mountain-walker,Nagaland,northeast,25.6751,94.11,18-24,couple,comfortable,9,2024-04-12
u0006301,family-holiday,Himachal Pradesh,north,32.2432,77.1892,55+,friends,premium,5,2025-09-10
u0006302,beach-and-slow,Kerala,south,10.0889,77.0595,18-24,solo,comfortable,2,2025-08-25
u0006303,pilgrim,Madhya Pradesh,central,25.3518,78.6417,35-44,family,comfortable,1,2025-07-06
u0006304,heritage-seeker,Gujarat,west,23.7333,69.8597,25-34,solo,comfortable,1,2024-08-23
u0006305,weekend-escaper,West Bengal,east,27.06,88.47,18-24,couple,moderate,2,2024-09-02
u0006306,family-holiday,Odisha,east,20.2961,85.8245,25-34,family,shoestring,1,2024-02-25
u0006307,heritage-seeker,Nagaland,northeast,25.6751,94.11,25-34,couple,moderate,1,2024-02-01
u0006308,mountain-walker,Sikkim,northeast,27.3314,88.6138,35-44,couple,shoestring,1,2025-04-21
u0006309,beach-and-slow,Uttarakhand,north,30.3165,78.0322,35-44,couple,comfortable,1,2024-07-22
u0006310,heritage-seeker,Karnataka,south,12.9141,74.856,35-44,couple,moderate,2,2025-06-06
u0006311,food-first,Tamil Nadu,south,10.787,79.1378,25-34,friends,moderate,1,2024-11-10
u0006312,beach-and-slow,Tamil Nadu,south,10.787,79.1378,45-54,solo,shoestring,2,2024-08-22
u0006313,food-first,Andhra Pradesh,south,17.6868,83.2185,25-34,solo,premium,1,2025-04-01
u0006314,food-first,Tamil Nadu,south,10.787,79.1378,25-34,family,moderate,4,2024-01-11
u0006315,weekend-escaper,Chandigarh,north,30.7333,76.7794,45-54,couple,moderate,1,2025-05-03
u0006316,mountain-walker,Sikkim,northeast,27.3314,88.6138,35-44,couple,comfortable,1,2024-09-15
u0006317,weekend-escaper,Tamil Nadu,south,11.4102,76.695,55+,friends,moderate,1,2024-12-23
u0006318,pilgrim,Uttar Pradesh,central,27.1767,78.0081,18-24,family,shoestring,1,2025-05-11
u0006319,family-holiday,Bihar,east,24.6961,84.9911,45-54,family,premium,1,2024-06-27
u0006320,weekend-escaper,Arunachal Pradesh,northeast,27.586,91.859,35-44,solo,moderate,2,2025-02-04
u0006321,mountain-walker,Uttar Pradesh,central,27.1767,78.0081,18-24,family,shoestring,1,2024-08-25
u0006322,pilgrim,Sikkim,northeast,27.3,88.24,45-54,couple,moderate,1,2024-05-31
u0006323,weekend-escaper,Mizoram,northeast,23.7271,92.7176,45-54,couple,moderate,1,2025-02-05
u0006324,beach-and-slow,Karnataka,south,12.9141,74.856,45-54,family,comfortable,1,2025-03-21
u0006325,heritage-seeker,Andhra Pradesh,south,16.5062,80.648,55+,couple,comfortable,1,2025-08-17
u0006326,pilgrim,Bihar,east,25.5941,85.1376,55+,family,comfortable,1,2025-05-19
u0006327,weekend-escaper,Himachal Pradesh,north,32.2432,77.1892,25-34,friends,moderate,1,2024-08-20
u0006328,food-first,Himachal Pradesh,north,32.219,76.3234,45-54,family,shoestring,1,2024-01-03
u0006329,food-first,Tamil Nadu,south,12.6269,80.1927,35-44,couple,shoestring,1,2025-04-28
u0006330,family-holiday,Rajasthan,north,24.8887,74.6269,18-24,family,shoestring,1,2024-06-01
u0006331,food-first,Karnataka,south,12.9716,77.5946,25-34,couple,comfortable,2,2024-07-12
u0006332,food-first,Maharashtra,west,19.076,72.8777,18-24,friends,moderate,1,2024-10-20
u0006333,heritage-seeker,Madhya Pradesh,central,23.1815,79.9864,18-24,couple,moderate,1,2024-03-21
u0006334,heritage-seeker,Mizoram,northeast,23.7271,92.7176,45-54,family,comfortable,2,2025-04-05
u0006335,family-holiday,Rajasthan,north,24.5926,72.7156,18-24,solo,moderate,2,2025-03-09
u0006336,pilgrim,Tamil Nadu,south,10.2381,77.4892,25-34,friends,moderate,1,2025-05-28
u0006337,mountain-walker,Maharashtra,west,19.076,72.8777,18-24,friends,premium,1,2024-02-02
u0006338,food-first,Rajasthan,north,24.5926,72.7156,18-24,solo,moderate,3,2025-09-27
u0006339,family-holiday,Karnataka,south,14.5479,74.3188,18-24,family,shoestring,2,2025-06-12
u0006340,heritage-seeker,Gujarat,west,20.888,70.401,45-54,solo,moderate,2,2024-12-22
u0006341,pilgrim,Karnataka,south,12.3375,75.8069,35-44,friends,shoestring,2,2025-02-12
u0006342,weekend-escaper,West Bengal,east,22.5726,88.3639,35-44,friends,premium,1,2025-04-15
u0006343,family-holiday,Rajasthan,north,26.838,70.9,25-34,solo,moderate,5,2025-04-06
u0006344,family-holiday,Andaman and Nicobar Islands,south,11.6234,92.7265,55+,friends,comfortable,1,2024-09-25
u0006345,family-holiday,Jharkhand,east,23.3441,85.3096,18-24,solo,premium,1,2024-09-20
u0006346,pilgrim,West Bengal,east,22.5726,88.3639,55+,solo,shoestring,1,2025-07-05
u0006347,food-first,Rajasthan,north,26.4899,74.5511,45-54,family,moderate,5,2025-07-12
u0006348,heritage-seeker,Karnataka,south,15.335,76.46,35-44,couple,moderate,1,2024-09-15
u0006349,mountain-walker,Bihar,east,24.6961,84.9911,55+,family,moderate,1,2025-02-16
u0006350,mountain-walker,Kerala,south,9.5916,77.1603,18-24,solo,comfortable,4,2025-02-19
u0006351,pilgrim,Rajasthan,north,24.8887,74.6269,35-44,couple,comfortable,2,2025-09-30
u0006352,family-holiday,Odisha,east,19.8876,86.0945,35-44,friends,comfortable,1,2025-08-28
u0006353,heritage-seeker,Rajasthan,north,26.4899,74.5511,18-24,family,moderate,3,2025-02-11
u0006354,heritage-seeker,Maharashtra,west,19.8762,75.3433,25-34,family,premium,3,2024-10-01
u0006355,pilgrim,Kerala,south,10.0889,77.0595,25-34,solo,moderate,2,2025-02-08
u0006356,weekend-escaper,Uttarakhand,north,30.529,79.5666,45-54,friends,comfortable,1,2024-02-25
u0006357,weekend-escaper,Uttar Pradesh,central,27.1767,78.0081,35-44,solo,comfortable,3,2025-08-10
u0006358,food-first,Gujarat,west,22.2394,68.9678,25-34,solo,moderate,1,2025-01-01
u0006359,mountain-walker,Kerala,south,11.2588,75.7804,35-44,couple,shoestring,5,2025-06-20
u0006360,food-first,Maharashtra,west,18.5204,73.8567,35-44,family,comfortable,1,2024-02-26
u0006361,pilgrim,Karnataka,south,14.5479,74.3188,55+,couple,moderate,1,2025-01-03
u0006362,beach-and-slow,Karnataka,south,12.9141,74.856,35-44,friends,comfortable,1,2024-12-07
u0006363,pilgrim,Kerala,south,11.6854,76.132,35-44,couple,shoestring,2,2024-06-03
u0006364,heritage-seeker,Kerala,south,11.6854,76.132,45-54,couple,shoestring,12,2024-12-05
u0006365,mountain-walker,Karnataka,south,13.3161,75.772,45-54,family,moderate,1,2024-12-21
u0006366,pilgrim,Tamil Nadu,south,10.7905,78.7047,25-34,family,premium,3,2024-04-03
u0006367,family-holiday,West Bengal,east,26.7271,88.3953,25-34,couple,shoestring,4,2025-07-12
u0006368,family-holiday,Karnataka,south,13.3409,74.7421,55+,couple,moderate,3,2025-06-12
u0006369,weekend-escaper,Rajasthan,north,26.9157,70.9083,45-54,couple,shoestring,1,2025-06-24
u0006370,family-holiday,Uttar Pradesh,central,25.3176,82.9739,35-44,solo,shoestring,1,2024-11-21
u0006371,food-first,Madhya Pradesh,central,23.4794,77.7392,35-44,friends,comfortable,1,2025-06-24
u0006372,pilgrim,Karnataka,south,13.3161,75.772,25-34,couple,moderate,3,2024-10-17
u0006373,mountain-walker,Bihar,east,24.6961,84.9911,45-54,couple,comfortable,1,2024-07-07
u0006374,pilgrim,Uttarakhand,north,30.4598,78.0644,55+,couple,moderate,67,2025-03-09
u0006375,family-holiday,Tamil Nadu,south,12.6269,80.1927,55+,solo,comfortable,1,2024-05-10
u0006376,food-first,Jharkhand,east,23.3441,85.3096,55+,solo,moderate,1,2024-09-07
u0006377,mountain-walker,Himachal Pradesh,north,32.2432,77.1892,25-34,family,shoestring,1,2024-06-29
u0006378,mountain-walker,Maharashtra,west,19.7645,74.4762,35-44,solo,comfortable,1,2025-06-01
u0006379,beach-and-slow,Goa,west,15.4909,73.8278,25-34,family,moderate,1,2025-04-24
u0006380,mountain-walker,Tamil Nadu,south,11.4102,76.695,45-54,friends,comfortable,1,2024-04-09
u0006381,food-first,Uttar Pradesh,central,27.1767,78.0081,25-34,solo,comfortable,1,2024-05-07
u0006382,weekend-escaper,Himachal Pradesh,north,32.5387,75.9707,18-24,friends,moderate,2,2024-10-18
u0006383,family-holiday,Himachal Pradesh,north,32.2432,77.1892,45-54,couple,premium,1,2025-08-04
u0006384,weekend-escaper,Himachal Pradesh,north,32.01,77.3152,25-34,solo,moderate,2,2025-01-17
u0006385,pilgrim,Himachal Pradesh,north,32.2464,78.0349,35-44,family,moderate,1,2024-07-08
u0006386,food-first,Kerala,south,9.9312,76.2673,18-24,solo,shoestring,1,2024-08-16
u0006387,weekend-escaper,Rajasthan,north,26.838,70.9,25-34,solo,shoestring,1,2024-08-07
u0006388,heritage-seeker,Madhya Pradesh,central,22.7196,75.8577,18-24,solo,moderate,1,2024-06-21
u0006389,mountain-walker,Tamil Nadu,south,12.6269,80.1927,55+,solo,comfortable,5,2024-02-09
u0006390,family-holiday,Bihar,east,24.6961,84.9911,18-24,solo,shoestring,1,2025-08-12
u0006391,mountain-walker,Gujarat,west,23.7333,69.8597,35-44,family,shoestring,1,2024-12-03
u0006392,heritage-seeker,Maharashtra,west,18.5204,73.8567,45-54,solo,shoestring,3,2024-03-05
u0006393,food-first,Himachal Pradesh,north,31.1048,77.1734,55+,friends,shoestring,1,2025-04-03
u0006394,beach-and-slow,Uttarakhand,north,27.4924,77.6737,25-34,couple,shoestring,2,2025-09-20
u0006395,family-holiday,Andhra Pradesh,south,16.5062,80.648,35-44,family,moderate,1,2024-11-06
u0006396,pilgrim,Gujarat,west,21.1702,72.8311,25-34,couple,moderate,40,2024-05-19
u0006397,food-first,Gujarat,west,20.888,70.401,35-44,family,moderate,13,2025-05-03
u0006398,mountain-walker,Goa,west,15.4909,73.8278,45-54,family,comfortable,1,2025-08-19
u0006399,heritage-seeker,Madhya Pradesh,central,25.3518,78.6417,55+,solo,comfortable,1,2025-08-14
u0006400,heritage-seeker,Andhra Pradesh,south,17.6868,83.2185,18-24,solo,moderate,1,2024-12-13
u0006401,food-first,Odisha,east,19.8876,86.0945,35-44,family,moderate,1,2024-07-05
u0006402,food-first,Rajasthan,north,26.9157,70.9083,35-44,couple,moderate,1,2025-07-29
u0006403,heritage-seeker,Odisha,east,19.8876,86.0945,25-34,family,shoestring,1,2025-05-01
u0006404,mountain-walker,Rajasthan,north,26.9124,75.7873,18-24,couple,moderate,7,2024-03-12
u0006405,weekend-escaper,Arunachal Pradesh,northeast,27.0844,93.6053,55+,couple,moderate,1,2024-08-22
u0006406,heritage-seeker,Karnataka,south,12.2958,76.6394,55+,family,premium,1,2024-03-30
u0006407,beach-and-slow,Puducherry,south,11.9416,79.8083,18-24,family,moderate,1,2025-06-29
u0006408,heritage-seeker,Rajasthan,north,24.8887,74.6269,18-24,family,shoestring,1,2024-08-13
u0006409,beach-and-slow,Rajasthan,north,28.0229,73.3119,45-54,couple,comfortable,5,2025-08-31
u0006410,mountain-walker,Uttarakhand,north,30.529,79.5666,55+,family,moderate,2,2024-02-21
u0006411,weekend-escaper,Ladakh,north,34.6868,77.5619,25-34,couple,comfortable,13,2025-09-01
u0006412,food-first,Kerala,south,11.6854,76.132,35-44,friends,moderate,1,2025-08-05
u0006413,beach-and-slow,Andhra Pradesh,south,13.6288,79.4192,25-34,couple,comfortable,2,2024-10-06
u0006414,weekend-escaper,Rajasthan,north,24.5926,72.7156,55+,family,moderate,4,2024-11-27
u0006415,heritage-seeker,Gujarat,west,23.0225,72.5714,35-44,family,moderate,1,2024-04-03
u0006416,pilgrim,Madhya Pradesh,central,25.3518,78.6417,18-24,couple,moderate,1,2025-03-19
u0006417,family-holiday,Tamil Nadu,south,11.0168,76.9558,35-44,family,comfortable,4,2024-05-14
u0006418,pilgrim,Andhra Pradesh,south,17.6868,83.2185,25-34,couple,moderate,1,2024-07-16
u0006419,family-holiday,Karnataka,south,12.3375,75.8069,18-24,family,moderate,4,2025-01-05
u0006420,mountain-walker,Gujarat,west,23.2156,72.6369,25-34,friends,moderate,4,2025-09-06
u0006421,beach-and-slow,Himachal Pradesh,north,31.1048,77.1734,55+,family,comfortable,1,2024-05-22
u0006422,beach-and-slow,Andhra Pradesh,south,17.6868,83.2185,55+,family,comfortable,1,2025-04-22
u0006423,weekend-escaper,Andhra Pradesh,south,16.5062,80.648,25-34,friends,moderate,1,2024-09-01
u0006424,heritage-seeker,Meghalaya,northeast,25.5788,91.8933,55+,solo,shoestring,1,2024-05-29
u0006425,beach-and-slow,Tamil Nadu,south,11.4102,76.695,45-54,family,shoestring,1,2024-03-08
u0006426,pilgrim,Maharashtra,west,18.6414,72.8722,35-44,family,shoestring,6,2025-04-19
u0006427,beach-and-slow,Karnataka,south,15.2689,76.3909,35-44,friends,moderate,1,2024-02-16
u0006428,heritage-seeker,Andhra Pradesh,south,16.5062,80.648,35-44,solo,shoestring,1,2025-05-01
u0006429,beach-and-slow,Tripura,northeast,23.8315,91.2868,45-54,couple,moderate,1,2025-08-02
u0006430,food-first,Puducherry,south,11.9416,79.8083,18-24,couple,moderate,1,2024-04-16
u0006431,pilgrim,Maharashtra,west,19.7645,74.4762,55+,couple,moderate,1,2024-08-25
u0006432,pilgrim,Karnataka,south,12.3375,75.8069,25-34,family,moderate,10,2025-01-31
u0006433,heritage-seeker,Uttarakhand,north,27.4924,77.6737,35-44,family,shoestring,1,2024-05-11
u0006434,weekend-escaper,Tamil Nadu,south,10.787,79.1378,45-54,couple,comfortable,2,2024-08-09
u0006435,family-holiday,Kerala,south,8.4004,76.9784,35-44,friends,comfortable,1,2024-09-04
u0006436,mountain-walker,Nagaland,northeast,25.6751,94.11,18-24,couple,premium,1,2024-09-27
u0006437,beach-and-slow,Uttarakhand,north,30.4598,78.0644,25-34,friends,comfortable,1,2024-02-17
u0006438,weekend-escaper,Maharashtra,west,21.1458,79.0882,45-54,family,moderate,2,2024-08-15
u0006439,weekend-escaper,Tamil Nadu,south,11.0168,76.9558,18-24,couple,premium,1,2024-07-26
u0006440,beach-and-slow,West Bengal,east,22.5726,88.3639,45-54,solo,moderate,1,2024-01-02
u0006441,mountain-walker,Kerala,south,8.5241,76.9366,45-54,couple,premium,1,2025-08-05
u0006442,beach-and-slow,Gujarat,west,23.7333,69.8597,55+,solo,comfortable,3,2025-04-06
u0006443,pilgrim,Kerala,south,10.0889,77.0595,45-54,solo,shoestring,1,2024-12-22
u0006444,heritage-seeker,Maharashtra,west,19.076,72.8777,25-34,family,moderate,3,2025-03-04
u0006445,weekend-escaper,Meghalaya,northeast,25.5788,91.8933,35-44,couple,moderate,1,2025-02-22
u0006446,weekend-escaper,Tamil Nadu,south,11.0168,76.9558,35-44,friends,moderate,2,2024-08-20
u0006447,mountain-walker,Uttarakhand,north,30.0869,78.2676,18-24,family,moderate,2,2025-06-13
u0006448,heritage-seeker,West Bengal,east,27.041,88.2663,35-44,friends,moderate,2,2024-01-09
u0006449,food-first,Kerala,south,9.5916,77.1603,25-34,family,moderate,1,2024-07-17
u0006450,family-holiday,Tamil Nadu,south,12.6269,80.1927,55+,friends,moderate,6,2024-06-07
u0006451,food-first,Karnataka,south,12.3375,75.8069,35-44,solo,moderate,1,2024-07-20
u0006452,pilgrim,Andhra Pradesh,south,16.5062,80.648,45-54,friends,moderate,34,2025-02-06
u0006453,weekend-escaper,Kerala,south,9.5916,77.1603,55+,solo,moderate,1,2024-12-29
u0006454,pilgrim,Tamil Nadu,south,8.0883,77.5385,55+,couple,comfortable,2,2024-12-01
u0006455,weekend-escaper,Tamil Nadu,south,9.9252,78.1198,25-34,family,comfortable,2,2024-10-26
u0006456,heritage-seeker,Chhattisgarh,central,21.2514,81.6296,55+,couple,comfortable,1,2024-04-30
u0006457,heritage-seeker,Sikkim,northeast,27.3314,88.6138,35-44,friends,moderate,1,2025-10-01
u0006458,mountain-walker,Kerala,south,11.2588,75.7804,25-34,family,moderate,1,2024-09-18
u0006459,pilgrim,Kerala,south,10.0889,77.0595,25-34,solo,shoestring,9,2024-02-05
u0006460,weekend-escaper,West Bengal,east,22.5726,88.3639,25-34,couple,moderate,2,2024-09-26
u0006461,beach-and-slow,Gujarat,west,22.3072,73.1812,18-24,couple,comfortable,1,2024-03-23
u0006462,mountain-walker,Karnataka,south,15.918,75.685,45-54,solo,premium,1,2025-01-19
u0006463,heritage-seeker,Uttarakhand,north,27.4924,77.6737,55+,friends,comfortable,1,2024-10-26
u0006464,heritage-seeker,Karnataka,south,13.3409,74.7421,55+,solo,shoestring,2,2025-01-10
u0006465,mountain-walker,Punjab,north,31.634,74.8723,18-24,friends,shoestring,1,2025-06-07
u0006466,beach-and-slow,Gujarat,west,20.888,70.401,18-24,couple,shoestring,4,2025-09-19
u0006467,food-first,Himachal Pradesh,north,32.2464,78.0349,25-34,friends,moderate,2,2025-02-14
u0006468,heritage-seeker,Kerala,south,11.2588,75.7804,18-24,couple,shoestring,1,2024-06-16
u0006469,pilgrim,Maharashtra,west,19.8762,75.3433,45-54,couple,comfortable,4,2025-01-26
u0006470,family-holiday,Madhya Pradesh,central,23.1815,79.9864,55+,friends,premium,1,2024-07-22
u0006471,heritage-seeker,Karnataka,south,15.2689,76.3909,55+,family,moderate,1,2025-08-03
u0006472,pilgrim,Maharashtra,west,18.6414,72.8722,25-34,friends,comfortable,1,2025-05-26
u0006473,pilgrim,Uttarakhand,north,30.529,79.5666,55+,solo,moderate,1,2025-06-02
u0006474,pilgrim,Meghalaya,northeast,25.5788,91.8933,25-34,couple,shoestring,1,2025-04-03
u0006475,mountain-walker,Delhi,north,28.6139,77.209,55+,solo,moderate,1,2024-09-14
u0006476,mountain-walker,Tamil Nadu,south,13.0827,80.2707,25-34,family,moderate,1,2024-12-21
u0006477,beach-and-slow,Gujarat,west,20.888,70.401,25-34,couple,moderate,2,2025-01-12
u0006478,pilgrim,Uttarakhand,north,30.4598,78.0644,55+,friends,shoestring,12,2025-05-29
u0006479,beach-and-slow,Karnataka,south,12.3375,75.8069,18-24,friends,moderate,1,2024-07-30
u0006480,beach-and-slow,Tamil Nadu,south,12.6269,80.1927,55+,solo,moderate,1,2025-05-05
u0006481,family-holiday,Madhya Pradesh,central,22.7196,75.8577,35-44,solo,moderate,1,2025-05-02
u0006482,heritage-seeker,Himachal Pradesh,north,32.219,76.3234,25-34,family,moderate,6,2025-02-13
u0006483,weekend-escaper,Tamil Nadu,south,8.0883,77.5385,18-24,couple,moderate,1,2024-01-15
u0006484,food-first,Ladakh,north,34.6868,77.5619,25-34,friends,moderate,1,2025-07-19
u0006485,weekend-escaper,Uttarakhand,north,29.3803,79.4636,18-24,solo,moderate,10,2024-04-04
u0006486,pilgrim,Jharkhand,east,23.3441,85.3096,35-44,friends,moderate,1,2024-08-16
u0006487,mountain-walker,Uttarakhand,north,30.4598,78.0644,25-34,family,shoestring,1,2024-10-16
u0006488,pilgrim,Punjab,north,31.634,74.8723,25-34,friends,moderate,3,2025-06-10
u0006489,family-holiday,Odisha,east,19.8135,85.8312,55+,friends,shoestring,1,2024-06-08
u0006490,heritage-seeker,Rajasthan,north,26.9124,75.7873,18-24,solo,comfortable,8,2024-01-19
u0006491,beach-and-slow,Rajasthan,north,26.9124,75.7873,55+,couple,moderate,1,2025-08-13
u0006492,food-first,Maharashtra,west,19.9975,73.7898,55+,friends,comfortable,2,2025-02-04
u0006493,pilgrim,Kerala,south,9.5916,77.1603,25-34,friends,premium,1,2025-09-21
u0006494,food-first,Gujarat,west,22.2394,68.9678,45-54,couple,comfortable,1,2024-01-31
u0006495,heritage-seeker,Punjab,north,31.634,74.8723,18-24,couple,premium,1,2025-03-21
u0006496,family-holiday,Uttar Pradesh,central,27.1767,78.0081,45-54,solo,comfortable,1,2025-03-02
u0006497,beach-and-slow,Uttarakhand,north,30.529,79.5666,45-54,friends,comfortable,1,2025-07-27
u0006498,food-first,Rajasthan,north,24.5854,73.7125,25-34,family,comfortable,5,2025-08-17
u0006499,family-holiday,Tamil Nadu,south,12.6269,80.1927,25-34,family,shoestring,1,2024-10-24
u0006500,weekend-escaper,Madhya Pradesh,central,26.2183,78.1828,45-54,family,comfortable,1,2025-07-28
u0006501,family-holiday,Rajasthan,north,24.5854,73.7125,55+,family,moderate,1,2024-06-08
u0006502,heritage-seeker,Maharashtra,west,19.076,72.8777,25-34,couple,moderate,1,2024-11-01
u0006503,heritage-seeker,Kerala,south,9.9312,76.2673,35-44,couple,moderate,1,2024-04-25
u0006504,heritage-seeker,Jammu and Kashmir,north,32.7266,74.857,18-24,family,comfortable,1,2025-02-20
u0006505,beach-and-slow,Himachal Pradesh,north,32.2464,78.0349,55+,friends,comfortable,1,2025-07-04
u0006506,weekend-escaper,Jammu and Kashmir,north,34.0837,74.7973,18-24,family,comfortable,2,2025-09-10
u0006507,heritage-seeker,West Bengal,east,26.7271,88.3953,35-44,solo,moderate,1,2024-06-01
u0006508,heritage-seeker,Rajasthan,north,24.8887,74.6269,45-54,friends,comfortable,8,2024-03-20
u0006509,family-holiday,Himachal Pradesh,north,32.01,77.3152,25-34,solo,comfortable,1,2024-09-23
u0006510,family-holiday,Tamil Nadu,south,8.0883,77.5385,55+,family,comfortable,1,2024-08-15
u0006511,mountain-walker,Arunachal Pradesh,northeast,27.0844,93.6053,45-54,solo,shoestring,1,2025-08-03
u0006512,heritage-seeker,Madhya Pradesh,central,24.8318,79.9199,25-34,family,shoestring,2,2024-02-06
u0006513,food-first,West Bengal,east,27.06,88.47,25-34,family,premium,1,2024-06-05
u0006514,food-first,Punjab,north,31.634,74.8723,25-34,solo,comfortable,1,2024-07-01
u0006515,beach-and-slow,Rajasthan,north,24.5854,73.7125,35-44,friends,comfortable,1,2025-09-13
u0006516,family-holiday,Sikkim,northeast,27.3314,88.6138,55+,solo,comfortable,10,2024-08-24
u0006517,pilgrim,Himachal Pradesh,north,32.01,77.3152,25-34,solo,shoestring,1,2024-03-02
u0006518,heritage-seeker,Odisha,east,19.8135,85.8312,18-24,friends,moderate,1,2025-08-25
u0006519,family-holiday,Rajasthan,north,26.4499,74.6399,45-54,solo,comfortable,2,2024-12-02
u0006520,pilgrim,Tamil Nadu,south,11.4102,76.695,18-24,family,moderate,3,2025-05-05
u0006521,heritage-seeker,Uttar Pradesh,central,27.5806,77.7006,35-44,family,shoestring,29,2024-08-18
u0006522,weekend-escaper,Assam,northeast,26.5775,93.1711,18-24,family,moderate,1,2024-10-30
u0006523,beach-and-slow,Assam,northeast,26.5775,93.1711,18-24,solo,comfortable,2,2025-06-06
u0006524,food-first,Odisha,east,20.2961,85.8245,45-54,couple,shoestring,1,2024-05-08
u0006525,heritage-seeker,Tamil Nadu,south,9.9252,78.1198,18-24,family,moderate,24,2025-01-05
u0006526,weekend-escaper,Puducherry,south,11.9416,79.8083,25-34,friends,moderate,1,2025-04-08
u0006527,pilgrim,Maharashtra,west,17.9307,73.6477,55+,family,comfortable,1,2024-07-23
u0006528,pilgrim,Assam,northeast,26.5775,93.1711,18-24,solo,moderate,1,2024-06-10
u0006529,heritage-seeker,Maharashtra,west,18.6414,72.8722,55+,friends,shoestring,1,2024-10-23
u0006530,family-holiday,Rajasthan,north,26.2389,73.0243,18-24,solo,premium,1,2024-03-09
u0006531,family-holiday,Rajasthan,north,28.0229,73.3119,55+,family,comfortable,2,2025-02-06
u0006532,pilgrim,Odisha,east,19.8876,86.0945,18-24,solo,moderate,1,2025-06-13
u0006533,mountain-walker,Madhya Pradesh,central,24.8318,79.9199,18-24,solo,shoestring,1,2024-03-11
u0006534,heritage-seeker,Uttarakhand,north,30.4598,78.0644,45-54,solo,shoestring,3,2024-03-07
u0006535,heritage-seeker,Tamil Nadu,south,13.0827,80.2707,18-24,family,moderate,1,2025-07-02
u0006536,family-holiday,Rajasthan,north,28.0229,73.3119,55+,family,shoestring,1,2024-03-22
u0006537,weekend-escaper,Manipur,northeast,24.817,93.9368,55+,solo,comfortable,1,2025-05-15
u0006538,weekend-escaper,Maharashtra,west,21.1458,79.0882,35-44,solo,shoestring,7,2025-09-13
u0006539,family-holiday,Tamil Nadu,south,10.7905,78.7047,25-34,solo,comfortable,4,2024-11-01
u0006540,beach-and-slow,Kerala,south,11.6854,76.132,45-54,couple,moderate,1,2025-09-20
u0006541,beach-and-slow,Bihar,east,24.6961,84.9911,25-34,family,moderate,2,2024-01-18
u0006542,pilgrim,Himachal Pradesh,north,31.1048,77.1734,18-24,couple,shoestring,13,2024-12-31
u0006543,family-holiday,Jharkhand,east,23.3441,85.3096,25-34,family,moderate,1,2024-10-11
u0006544,mountain-walker,Odisha,east,19.8876,86.0945,55+,couple,comfortable,3,2024-12-10
u0006545,mountain-walker,Andhra Pradesh,south,13.6288,79.4192,25-34,solo,comfortable,1,2024-09-07
u0006546,family-holiday,Himachal Pradesh,north,32.219,76.3234,45-54,solo,comfortable,1,2025-06-16
u0006547,heritage-seeker,Maharashtra,west,21.1458,79.0882,35-44,friends,comfortable,1,2024-02-28
u0006548,heritage-seeker,Tamil Nadu,south,13.0827,80.2707,35-44,couple,moderate,9,2024-04-04
u0006549,food-first,Sikkim,northeast,27.3,88.24,35-44,family,moderate,1,2024-12-17
u0006550,family-holiday,Andaman and Nicobar Islands,south,11.6234,92.7265,18-24,solo,shoestring,1,2024-03-10
u0006551,mountain-walker,Kerala,south,8.4004,76.9784,25-34,friends,comfortable,1,2025-05-02
u0006552,beach-and-slow,Chhattisgarh,central,21.2514,81.6296,55+,couple,moderate,1,2024-02-29
u0006553,pilgrim,Himachal Pradesh,north,32.5387,75.9707,18-24,friends,premium,1,2025-05-08
u0006554,family-holiday,Puducherry,south,11.9416,79.8083,55+,friends,comfortable,6,2025-09-21
u0006555,food-first,Rajasthan,north,26.2389,73.0243,55+,family,shoestring,1,2025-09-17
u0006556,mountain-walker,Uttar Pradesh,central,25.4358,81.8463,35-44,friends,shoestring,5,2024-08-26
u0006557,food-first,Uttarakhand,north,29.3803,79.4636,18-24,friends,comfortable,1,2025-05-09
u0006558,weekend-escaper,West Bengal,east,27.06,88.47,45-54,friends,premium,1,2024-02-17
u0006559,heritage-seeker,Karnataka,south,15.335,76.46,35-44,friends,shoestring,1,2025-04-12
u0006560,mountain-walker,Gujarat,west,20.888,70.401,55+,couple,moderate,1,2024-10-03
u0006561,family-holiday,Ladakh,north,34.6868,77.5619,45-54,couple,comfortable,1,2024-11-24
u0006562,family-holiday,West Bengal,east,22.5726,88.3639,18-24,couple,premium,2,2024-10-30
u0006563,family-holiday,Telangana,south,17.385,78.4867,45-54,family,moderate,1,2025-02-09
u0006564,food-first,Uttarakhand,north,29.3803,79.4636,18-24,friends,moderate,1,2024-04-08
u0006565,heritage-seeker,Madhya Pradesh,central,22.7196,75.8577,25-34,family,moderate,10,2025-05-23
u0006566,beach-and-slow,Odisha,east,20.2961,85.8245,45-54,family,shoestring,1,2024-01-14
u0006567,heritage-seeker,Uttarakhand,north,29.9457,78.1642,45-54,friends,moderate,1,2024-05-30
u0006568,food-first,Andaman and Nicobar Islands,south,11.6234,92.7265,45-54,solo,premium,1,2024-09-01
u0006569,food-first,Goa,west,15.4909,73.8278,45-54,couple,moderate,2,2025-03-19
u0006570,beach-and-slow,Rajasthan,north,26.4499,74.6399,25-34,couple,comfortable,2,2025-05-15
u0006571,pilgrim,Gujarat,west,23.0225,72.5714,45-54,solo,shoestring,1,2024-09-27
u0006572,weekend-escaper,Rajasthan,north,26.9157,70.9083,25-34,family,shoestring,2,2025-09-09
u0006573,pilgrim,Tamil Nadu,south,11.3494,76.7956,18-24,solo,moderate,10,2025-06-18
u0006574,mountain-walker,Andaman and Nicobar Islands,south,11.6234,92.7265,35-44,solo,moderate,1,2025-04-08
u0006575,mountain-walker,Kerala,south,9.5916,77.1603,45-54,solo,shoestring,1,2024-05-17
u0006576,family-holiday,Telangana,south,17.385,78.4867,18-24,couple,comfortable,1,2025-06-18
u0006577,food-first,Arunachal Pradesh,northeast,27.0844,93.6053,35-44,couple,shoestring,1,2024-07-25
u0006578,beach-and-slow,Uttar Pradesh,central,26.7922,82.1998,55+,couple,premium,1,2024-01-27
u0006579,family-holiday,Jammu and Kashmir,north,32.7266,74.857,55+,solo,comfortable,1,2025-09-19
u0006580,family-holiday,Rajasthan,north,26.9157,70.9083,25-34,family,moderate,1,2024-12-28
u0006581,mountain-walker,Andhra Pradesh,south,16.5062,80.648,55+,solo,moderate,1,2025-02-21
u0006582,beach-and-slow,Tamil Nadu,south,11.3494,76.7956,45-54,solo,moderate,1,2024-04-30
u0006583,beach-and-slow,Uttarakhand,north,29.9457,78.1642,55+,friends,premium,17,2024-06-21
u0006584,weekend-escaper,Uttarakhand,north,30.3165,78.0322,18-24,couple,moderate,3,2024-12-28
u0006585,mountain-walker,Tamil Nadu,south,12.6269,80.1927,45-54,family,shoestring,1,2025-07-16
u0006586,food-first,Tripura,northeast,23.8315,91.2868,55+,solo,shoestring,1,2024-01-04
u0006587,heritage-seeker,Uttarakhand,north,29.9457,78.1642,55+,family,comfortable,2,2025-09-29
u0006588,food-first,Odisha,east,19.8876,86.0945,35-44,couple,shoestring,4,2025-06-09
u0006589,food-first,Rajasthan,north,24.8887,74.6269,25-34,family,comfortable,1,2025-01-11
u0006590,heritage-seeker,Rajasthan,north,26.9157,70.9083,45-54,solo,comfortable,1,2024-03-28
u0006591,heritage-seeker,Meghalaya,northeast,25.5788,91.8933,55+,couple,shoestring,4,2024-05-20
u0006592,family-holiday,Gujarat,west,23.7333,69.8597,55+,friends,moderate,2,2025-02-24
u0006593,heritage-seeker,Karnataka,south,13.3409,74.7421,45-54,couple,comfortable,3,2024-11-02
u0006594,heritage-seeker,Tamil Nadu,south,10.787,79.1378,18-24,family,shoestring,1,2024-05-28
u0006595,mountain-walker,Karnataka,south,15.918,75.685,45-54,family,premium,17,2024-07-10
u0006596,heritage-seeker,Maharashtra,west,19.9975,73.7898,35-44,couple,moderate,2,2024-03-05
u0006597,pilgrim,Uttarakhand,north,30.4598,78.0644,18-24,friends,premium,4,2024-07-29
u0006598,weekend-escaper,Sikkim,northeast,27.3,88.24,25-34,couple,moderate,1,2025-03-17
u0006599,family-holiday,Arunachal Pradesh,northeast,27.586,91.859,35-44,solo,premium,1,2024-09-15
u0006600,weekend-escaper,Tamil Nadu,south,9.9252,78.1198,25-34,family,moderate,8,2025-02-14
u0006601,mountain-walker,Tamil Nadu,south,8.0883,77.5385,25-34,solo,comfortable,1,2024-11-13
u0006602,beach-and-slow,Goa,west,15.2993,74.124,25-34,friends,comfortable,1,2024-12-25
u0006603,food-first,Bihar,east,24.6961,84.9911,18-24,solo,comfortable,21,2025-09-24
u0006604,beach-and-slow,Karnataka,south,15.2689,76.3909,18-24,solo,shoestring,1,2024-12-17
u0006605,beach-and-slow,West Bengal,east,21.627,87.509,55+,family,moderate,2,2025-06-02
u0006606,weekend-escaper,Meghalaya,northeast,25.5788,91.8933,55+,couple,shoestring,2,2024-05-25
u0006607,mountain-walker,Uttarakhand,north,30.529,79.5666,25-34,friends,premium,19,2024-03-31
u0006608,beach-and-slow,Kerala,south,9.4981,76.3388,55+,solo,moderate,2,2025-05-29
u0006609,weekend-escaper,Gujarat,west,23.2156,72.6369,18-24,couple,moderate,45,2025-09-07
u0006610,pilgrim,Karnataka,south,12.2958,76.6394,55+,friends,moderate,2,2025-03-03
u0006611,beach-and-slow,West Bengal,east,26.7271,88.3953,25-34,solo,moderate,2,2025-08-07
u0006612,weekend-escaper,Manipur,northeast,24.817,93.9368,18-24,couple,moderate,1,2024-09-03
u0006613,food-first,Arunachal Pradesh,northeast,27.0844,93.6053,55+,couple,moderate,1,2025-04-12
u0006614,weekend-escaper,Andhra Pradesh,south,13.6288,79.4192,35-44,family,moderate,2,2025-02-13
u0006615,pilgrim,Delhi,north,28.6139,77.209,35-44,family,shoestring,2,2024-01-15
u0006616,food-first,Tamil Nadu,south,9.9252,78.1198,35-44,couple,shoestring,3,2025-05-16
u0006617,weekend-escaper,Uttarakhand,north,30.4598,78.0644,18-24,solo,shoestring,1,2024-08-18
u0006618,weekend-escaper,Rajasthan,north,26.2389,73.0243,45-54,solo,premium,1,2024-02-26
u0006619,mountain-walker,Madhya Pradesh,central,25.3518,78.6417,55+,family,moderate,1,2024-08-06
u0006620,pilgrim,Kerala,south,10.0889,77.0595,55+,solo,moderate,2,2024-02-11
u0006621,weekend-escaper,Kerala,south,8.5241,76.9366,55+,solo,premium,1,2024-08-05
u0006622,beach-and-slow,Himachal Pradesh,north,31.1048,77.1734,18-24,couple,premium,1,2024-02-15
u0006623,food-first,Andhra Pradesh,south,13.6288,79.4192,25-34,couple,moderate,1,2025-03-21
u0006624,weekend-escaper,Jammu and Kashmir,north,34.0837,74.7973,35-44,family,comfortable,1,2024-01-31
u0006625,beach-and-slow,Kerala,south,10.0889,77.0595,55+,family,moderate,1,2024-08-08
u0006626,heritage-seeker,Maharashtra,west,19.7645,74.4762,55+,couple,premium,16,2024-11-29
u0006627,weekend-escaper,Mizoram,northeast,23.7271,92.7176,25-34,family,shoestring,1,2024-11-15
u0006628,weekend-escaper,Arunachal Pradesh,northeast,27.0844,93.6053,45-54,couple,shoestring,2,2025-03-27
u0006629,mountain-walker,Tamil Nadu,south,11.0168,76.9558,55+,couple,shoestring,5,2025-02-25
u0006630,weekend-escaper,Tamil Nadu,south,11.3494,76.7956,25-34,friends,comfortable,2,2024-02-18
u0006631,heritage-seeker,Himachal Pradesh,north,32.01,77.3152,45-54,solo,comfortable,1,2024-12-04
u0006632,weekend-escaper,Karnataka,south,13.3161,75.772,25-34,family,comfortable,1,2025-06-13
u0006633,family-holiday,Telangana,south,17.385,78.4867,55+,couple,shoestring,1,2024-08-26
u0006634,food-first,Gujarat,west,22.2394,68.9678,25-34,couple,comfortable,1,2025-02-07
u0006635,family-holiday,Rajasthan,north,28.0229,73.3119,18-24,couple,premium,1,2024-06-07
u0006636,family-holiday,Bihar,east,24.6961,84.9911,55+,couple,moderate,1,2024-11-26
u0006637,heritage-seeker,Maharashtra,west,19.8762,75.3433,25-34,solo,moderate,2,2025-01-12
u0006638,food-first,Rajasthan,north,26.2389,73.0243,35-44,couple,shoestring,11,2024-03-23
u0006639,family-holiday,Karnataka,south,15.918,75.685,18-24,couple,comfortable,1,2024-03-09
u0006640,heritage-seeker,Uttarakhand,north,29.3803,79.4636,25-34,family,premium,1,2025-05-31
u0006641,weekend-escaper,Maharashtra,west,18.5204,73.8567,25-34,friends,shoestring,2,2025-01-16
u0006642,mountain-walker,Karnataka,south,12.2958,76.6394,55+,family,moderate,1,2024-01-21
u0006643,mountain-walker,Andhra Pradesh,south,17.6868,83.2185,18-24,family,shoestring,2,2025-06-07
u0006644,beach-and-slow,Tamil Nadu,south,12.6269,80.1927,25-34,solo,moderate,1,2024-10-23
u0006645,pilgrim,Tamil Nadu,south,8.0883,77.5385,55+,couple,shoestring,1,2025-04-20
u0006646,pilgrim,Rajasthan,north,26.9124,75.7873,55+,family,moderate,9,2024-03-03
u0006647,food-first,Karnataka,south,15.2689,76.3909,35-44,couple,moderate,3,2024-06-15
u0006648,mountain-walker,Andhra Pradesh,south,17.6868,83.2185,55+,solo,shoestring,1,2025-04-17
u0006649,weekend-escaper,Rajasthan,north,26.2389,73.0243,45-54,friends,moderate,1,2024-02-16
u0006650,beach-and-slow,Karnataka,south,13.3161,75.772,18-24,couple,comfortable,1,2025-04-30
u0006651,heritage-seeker,Uttar Pradesh,central,25.3176,82.9739,35-44,couple,shoestring,1,2024-04-23
u0006652,heritage-seeker,Madhya Pradesh,central,22.7196,75.8577,25-34,solo,shoestring,19,2025-06-17
u0006653,heritage-seeker,Uttar Pradesh,central,26.7922,82.1998,25-34,couple,comfortable,1,2024-07-04
u0006654,heritage-seeker,Karnataka,south,15.2689,76.3909,18-24,solo,moderate,1,2025-09-21
u0006655,heritage-seeker,Tamil Nadu,south,12.6269,80.1927,18-24,couple,comfortable,2,2024-01-29
u0006656,food-first,Uttarakhand,north,30.529,79.5666,25-34,solo,premium,1,2024-05-21
u0006657,food-first,Uttarakhand,north,29.3803,79.4636,35-44,couple,moderate,1,2024-07-03
u0006658,mountain-walker,Kerala,south,8.4004,76.9784,25-34,solo,comfortable,2,2024-09-23
u0006659,mountain-walker,Maharashtra,west,19.9975,73.7898,55+,couple,premium,1,2024-11-27
u0006660,food-first,Maharashtra,west,17.9307,73.6477,35-44,friends,moderate,1,2024-03-12
u0006661,beach-and-slow,Arunachal Pradesh,northeast,27.0844,93.6053,35-44,family,moderate,2,2024-03-18
u0006662,weekend-escaper,Maharashtra,west,19.9975,73.7898,18-24,solo,moderate,1,2024-07-23
u0006663,beach-and-slow,Maharashtra,west,18.7546,73.4062,55+,family,moderate,1,2025-08-17
u0006664,mountain-walker,Odisha,east,19.8135,85.8312,25-34,friends,shoestring,1,2024-03-30
u0006665,mountain-walker,Manipur,northeast,24.817,93.9368,25-34,family,premium,2,2025-04-04
u0006666,food-first,Himachal Pradesh,north,32.219,76.3234,18-24,couple,moderate,2,2025-03-06
u0006667,heritage-seeker,Kerala,south,9.4981,76.3388,45-54,couple,shoestring,1,2025-01-14
u0006668,mountain-walker,Tripura,northeast,23.8315,91.2868,55+,couple,premium,1,2024-11-04
u0006669,pilgrim,Goa,west,15.2993,74.124,35-44,solo,comfortable,4,2025-04-10
u0006670,heritage-seeker,Tamil Nadu,south,11.0168,76.9558,25-34,family,moderate,2,2024-04-15
u0006671,mountain-walker,Jharkhand,east,23.3441,85.3096,45-54,family,moderate,1,2025-02-19
u0006672,pilgrim,Uttarakhand,north,29.3803,79.4636,25-34,solo,shoestring,1,2024-01-22
u0006673,family-holiday,Telangana,south,17.385,78.4867,45-54,friends,shoestring,1,2024-04-19
u0006674,weekend-escaper,Karnataka,south,14.5479,74.3188,18-24,family,comfortable,1,2024-08-29
u0006675,heritage-seeker,Tamil Nadu,south,11.0168,76.9558,55+,solo,premium,1,2024-06-29
u0006676,heritage-seeker,Maharashtra,west,19.076,72.8777,18-24,couple,moderate,1,2024-02-16
u0006677,weekend-escaper,Rajasthan,north,26.9157,70.9083,55+,solo,premium,1,2024-12-01
u0006678,beach-and-slow,Tamil Nadu,south,10.7905,78.7047,55+,couple,premium,1,2025-07-10
u0006679,family-holiday,West Bengal,east,27.06,88.47,45-54,family,premium,6,2024-12-21
u0006680,beach-and-slow,Madhya Pradesh,central,22.7196,75.8577,55+,family,comfortable,5,2024-08-18
u0006681,food-first,Goa,west,15.4909,73.8278,35-44,friends,moderate,1,2024-11-20
u0006682,mountain-walker,Goa,west,15.2993,74.124,18-24,family,premium,1,2025-07-21
u0006683,beach-and-slow,Rajasthan,north,26.2389,73.0243,18-24,couple,comfortable,8,2024-11-23
u0006684,heritage-seeker,Telangana,south,17.385,78.4867,18-24,solo,moderate,1,2024-03-27
u0006685,food-first,Bihar,east,24.6961,84.9911,18-24,couple,moderate,8,2025-03-03
u0006686,pilgrim,Andhra Pradesh,south,16.5062,80.648,18-24,couple,moderate,1,2024-04-25
u0006687,weekend-escaper,Puducherry,south,11.9416,79.8083,55+,solo,shoestring,1,2024-12-11
u0006688,weekend-escaper,Uttar Pradesh,central,26.8467,80.9462,18-24,solo,comfortable,1,2024-11-28
u0006689,mountain-walker,Chandigarh,north,30.7333,76.7794,25-34,solo,shoestring,1,2024-03-03
u0006690,pilgrim,Andhra Pradesh,south,17.6868,83.2185,18-24,couple,moderate,1,2024-03-22
u0006691,family-holiday,Karnataka,south,15.918,75.685,55+,couple,premium,1,2024-03-09
u0006692,heritage-seeker,Kerala,south,10.0889,77.0595,35-44,couple,moderate,1,2025-01-14
u0006693,pilgrim,Karnataka,south,15.335,76.46,45-54,family,moderate,2,2025-04-04
u0006694,heritage-seeker,Gujarat,west,22.3072,73.1812,35-44,couple,moderate,1,2024-10-24
u0006695,mountain-walker,Rajasthan,north,26.2389,73.0243,35-44,couple,moderate,1,2024-08-31
u0006696,pilgrim,Goa,west,15.4909,73.8278,35-44,solo,moderate,1,2024-01-27
u0006697,weekend-escaper,Nagaland,northeast,25.6751,94.11,45-54,couple,comfortable,4,2024-09-21
u0006698,heritage-seeker,Maharashtra,west,19.076,72.8777,55+,couple,comfortable,1,2024-06-03
u0006699,heritage-seeker,Chhattisgarh,central,21.2514,81.6296,55+,family,moderate,1,2024-08-17
u0006700,beach-and-slow,Himachal Pradesh,north,32.2464,78.0349,35-44,solo,moderate,19,2025-03-31
u0006701,family-holiday,Rajasthan,north,25.4305,75.6499,35-44,solo,shoestring,1,2024-11-13
u0006702,heritage-seeker,Gujarat,west,22.2394,68.9678,25-34,couple,moderate,1,2025-05-28
u0006703,weekend-escaper,Odisha,east,19.8876,86.0945,18-24,solo,shoestring,1,2024-11-09
u0006704,heritage-seeker,Karnataka,south,12.9141,74.856,35-44,family,moderate,1,2024-02-11
u0006705,heritage-seeker,Karnataka,south,15.918,75.685,25-34,couple,moderate,1,2025-06-29
u0006706,family-holiday,West Bengal,east,27.06,88.47,55+,couple,moderate,1,2025-05-31
u0006707,heritage-seeker,Maharashtra,west,19.8762,75.3433,18-24,solo,comfortable,1,2024-02-22
u0006708,family-holiday,Kerala,south,8.7379,76.7163,55+,couple,moderate,3,2025-08-18
u0006709,mountain-walker,Andaman and Nicobar Islands,south,11.6234,92.7265,35-44,solo,moderate,1,2024-12-29
u0006710,food-first,Arunachal Pradesh,northeast,27.0844,93.6053,35-44,family,moderate,4,2025-06-01
u0006711,mountain-walker,Tamil Nadu,south,10.7905,78.7047,25-34,solo,moderate,2,2025-03-04
u0006712,mountain-walker,Kerala,south,9.4981,76.3388,18-24,family,moderate,1,2025-09-20
u0006713,heritage-seeker,Madhya Pradesh,central,22.7196,75.8577,55+,solo,comfortable,2,2024-12-17
u0006714,mountain-walker,Rajasthan,north,26.9157,70.9083,45-54,friends,shoestring,13,2025-05-01
u0006715,pilgrim,Arunachal Pradesh,northeast,27.0844,93.6053,45-54,friends,comfortable,1,2025-08-08
u0006716,family-holiday,Maharashtra,west,19.9975,73.7898,55+,solo,moderate,2,2024-04-13
u0006717,pilgrim,Andaman and Nicobar Islands,south,11.6234,92.7265,18-24,solo,shoestring,1,2024-03-08
u0006718,food-first,Tamil Nadu,south,10.7905,78.7047,35-44,solo,moderate,8,2025-01-09
u0006719,beach-and-slow,Maharashtra,west,18.5204,73.8567,45-54,solo,shoestring,35,2024-12-14
u0006720,beach-and-slow,Rajasthan,north,24.5854,73.7125,18-24,couple,moderate,1,2025-08-27
u0006721,heritage-seeker,Rajasthan,north,28.0229,73.3119,18-24,family,comfortable,1,2024-06-19
u0006722,beach-and-slow,Delhi,north,28.6139,77.209,25-34,couple,comfortable,5,2025-05-25
u0006723,mountain-walker,Karnataka,south,15.918,75.685,18-24,couple,moderate,2,2025-07-05
u0006724,food-first,Kerala,south,9.9312,76.2673,35-44,couple,comfortable,2,2025-08-03
u0006725,pilgrim,Rajasthan,north,28.0229,73.3119,18-24,family,premium,3,2025-06-30
u0006726,food-first,Rajasthan,north,26.4899,74.5511,55+,solo,shoestring,2,2024-06-09
u0006727,food-first,West Bengal,east,22.5726,88.3639,35-44,couple,shoestring,1,2025-09-18
u0006728,pilgrim,Karnataka,south,13.3409,74.7421,55+,friends,moderate,1,2025-01-09
u0006729,weekend-escaper,Kerala,south,8.7379,76.7163,45-54,family,shoestring,1,2025-07-08
u0006730,food-first,Kerala,south,11.2588,75.7804,18-24,couple,moderate,1,2024-11-29
u0006731,beach-and-slow,Rajasthan,north,26.838,70.9,45-54,friends,comfortable,2,2024-04-03
u0006732,mountain-walker,Uttar Pradesh,central,25.3176,82.9739,18-24,solo,shoestring,12,2024-01-24
u0006733,heritage-seeker,Himachal Pradesh,north,32.219,76.3234,18-24,solo,comfortable,1,2025-04-27
u0006734,family-holiday,Kerala,south,8.4004,76.9784,45-54,couple,moderate,1,2025-03-15
u0006735,family-holiday,Bihar,east,25.5941,85.1376,18-24,solo,moderate,1,2024-12-27
u0006736,food-first,Gujarat,west,23.2156,72.6369,25-34,couple,shoestring,1,2024-09-07
u0006737,food-first,Kerala,south,8.5241,76.9366,18-24,couple,comfortable,1,2024-08-19
u0006738,pilgrim,Nagaland,northeast,25.6751,94.11,45-54,solo,moderate,1,2025-05-11
u0006739,food-first,Maharashtra,west,19.8762,75.3433,55+,friends,moderate,5,2025-03-02
u0006740,heritage-seeker,Jharkhand,east,23.3441,85.3096,25-34,family,comfortable,1,2024-05-23
u0006741,weekend-escaper,Arunachal Pradesh,northeast,27.0844,93.6053,55+,family,comfortable,3,2024-07-08
u0006742,beach-and-slow,Andaman and Nicobar Islands,south,11.6234,92.7265,35-44,solo,shoestring,1,2025-08-24
u0006743,beach-and-slow,Tamil Nadu,south,13.0827,80.2707,18-24,couple,moderate,3,2024-04-27
u0006744,food-first,Madhya Pradesh,central,23.1815,79.9864,55+,couple,shoestring,2,2025-04-24
u0006745,weekend-escaper,Jammu and Kashmir,north,32.7266,74.857,45-54,couple,moderate,2,2024-05-15
u0006746,pilgrim,Karnataka,south,12.2958,76.6394,45-54,solo,moderate,1,2024-11-15
u0006747,heritage-seeker,Tamil Nadu,south,8.0883,77.5385,18-24,couple,shoestring,2,2025-01-19
u0006748,pilgrim,Rajasthan,north,24.5926,72.7156,35-44,family,moderate,1,2024-08-07
u0006749,food-first,Punjab,north,31.634,74.8723,55+,family,shoestring,1,2024-10-18
u0006750,heritage-seeker,Goa,west,15.2993,74.124,45-54,solo,comfortable,29,2025-08-03
u0006751,family-holiday,Uttarakhand,north,30.529,79.5666,25-34,family,moderate,22,2024-10-03
u0006752,weekend-escaper,Odisha,east,19.8876,86.0945,18-24,friends,shoestring,1,2024-03-12
u0006753,beach-and-slow,Madhya Pradesh,central,26.2183,78.1828,45-54,couple,shoestring,1,2025-09-02
u0006754,weekend-escaper,Karnataka,south,13.3409,74.7421,45-54,solo,moderate,1,2024-11-21
u0006755,weekend-escaper,Uttar Pradesh,central,25.3176,82.9739,45-54,family,shoestring,1,2025-08-21
u0006756,pilgrim,Arunachal Pradesh,northeast,27.586,91.859,35-44,friends,shoestring,1,2025-06-29
u0006757,mountain-walker,Uttar Pradesh,central,27.1767,78.0081,25-34,friends,moderate,1,2024-11-07
u0006758,family-holiday,Bihar,east,24.6961,84.9911,35-44,family,moderate,1,2024-04-14
u0006759,beach-and-slow,Uttar Pradesh,central,26.4499,80.3319,25-34,solo,shoestring,1,2025-08-04
u0006760,heritage-seeker,Rajasthan,north,24.8887,74.6269,18-24,family,comfortable,1,2024-08-13
u0006761,weekend-escaper,Madhya Pradesh,central,23.1765,75.7885,55+,couple,shoestring,10,2025-02-19
u0006762,pilgrim,Jharkhand,east,23.3441,85.3096,55+,couple,premium,1,2025-05-11
u0006763,food-first,Kerala,south,11.6854,76.132,25-34,solo,comfortable,13,2025-01-13
u0006764,heritage-seeker,West Bengal,east,22.5726,88.3639,55+,family,shoestring,5,2024-01-23
u0006765,family-holiday,Rajasthan,north,24.5926,72.7156,45-54,family,premium,3,2025-04-21
u0006766,beach-and-slow,Madhya Pradesh,central,23.2599,77.4126,25-34,family,shoestring,1,2025-02-13
u0006767,heritage-seeker,Jharkhand,east,23.3441,85.3096,35-44,family,moderate,1,2025-09-30
u0006768,pilgrim,Odisha,east,19.8876,86.0945,45-54,couple,comfortable,1,2024-05-30
u0006769,pilgrim,Maharashtra,west,19.076,72.8777,35-44,friends,moderate,10,2025-07-16
u0006770,weekend-escaper,Madhya Pradesh,central,24.8318,79.9199,35-44,family,premium,1,2024-12-05
u0006771,family-holiday,Tamil Nadu,south,9.9252,78.1198,35-44,family,comfortable,4,2025-02-22
u0006772,beach-and-slow,Uttar Pradesh,central,27.5806,77.7006,25-34,friends,moderate,1,2024-03-17
u0006773,beach-and-slow,Madhya Pradesh,central,23.4794,77.7392,25-34,family,comfortable,2,2025-06-04
u0006774,beach-and-slow,West Bengal,east,22.5726,88.3639,25-34,solo,comfortable,1,2024-10-01
u0006775,heritage-seeker,Maharashtra,west,21.1458,79.0882,45-54,friends,premium,4,2025-09-12
u0006776,heritage-seeker,Tamil Nadu,south,8.0883,77.5385,35-44,friends,moderate,3,2024-09-03
u0006777,family-holiday,Karnataka,south,13.3409,74.7421,18-24,solo,moderate,1,2024-12-28
u0006778,pilgrim,West Bengal,east,27.06,88.47,35-44,couple,shoestring,1,2025-07-10
u0006779,food-first,Maharashtra,west,17.9307,73.6477,35-44,family,moderate,1,2025-09-29
u0006780,family-holiday,Rajasthan,north,24.5854,73.7125,35-44,family,comfortable,1,2024-04-06
u0006781,heritage-seeker,Tripura,northeast,23.8315,91.2868,25-34,solo,moderate,1,2025-07-16
u0006782,pilgrim,Himachal Pradesh,north,32.2432,77.1892,35-44,family,moderate,2,2024-01-16
u0006783,family-holiday,Karnataka,south,15.918,75.685,35-44,family,comfortable,1,2024-02-18
u0006784,weekend-escaper,Gujarat,west,22.2394,68.9678,55+,family,comfortable,3,2024-06-02
u0006785,mountain-walker,Sikkim,northeast,27.3314,88.6138,45-54,solo,shoestring,1,2025-09-22
u0006786,heritage-seeker,Tamil Nadu,south,9.9252,78.1198,45-54,couple,comfortable,1,2025-07-25
u0006787,family-holiday,Jammu and Kashmir,north,34.0837,74.7973,35-44,couple,premium,1,2025-08-27
u0006788,weekend-escaper,Maharashtra,west,21.1458,79.0882,18-24,friends,moderate,1,2024-01-12
u0006789,weekend-escaper,Himachal Pradesh,north,32.01,77.3152,45-54,solo,moderate,1,2024-07-27
u0006790,family-holiday,Madhya Pradesh,central,24.8318,79.9199,18-24,friends,shoestring,1,2025-08-15
u0006791,food-first,Goa,west,15.4909,73.8278,45-54,family,moderate,6,2024-11-05
u0006792,pilgrim,Gujarat,west,23.2156,72.6369,45-54,family,premium,3,2025-04-01
u0006793,food-first,Chandigarh,north,30.7333,76.7794,25-34,friends,moderate,1,2025-05-29
u0006794,food-first,Kerala,south,11.6854,76.132,25-34,solo,premium,1,2024-01-18
u0006795,beach-and-slow,Manipur,northeast,24.817,93.9368,18-24,couple,comfortable,1,2024-11-07
u0006796,pilgrim,Kerala,south,11.6854,76.132,25-34,family,moderate,1,2025-07-19
u0006797,heritage-seeker,Karnataka,south,12.9141,74.856,35-44,family,comfortable,2,2025-08-18
u0006798,mountain-walker,West Bengal,east,26.7271,88.3953,35-44,couple,shoestring,1,2024-11-03
u0006799,weekend-escaper,Himachal Pradesh,north,32.01,77.3152,55+,family,moderate,1,2025-03-22
u0006800,food-first,Karnataka,south,15.918,75.685,18-24,couple,moderate,1,2024-02-21
u0006801,family-holiday,Karnataka,south,14.5479,74.3188,55+,couple,comfortable,4,2025-09-24
u0006802,family-holiday,Kerala,south,8.4004,76.9784,55+,couple,moderate,2,2024-02-11
u0006803,pilgrim,Maharashtra,west,18.5204,73.8567,25-34,couple,comfortable,1,2024-07-12
u0006804,pilgrim,Maharashtra,west,18.5204,73.8567,18-24,friends,moderate,1,2024-10-02
u0006805,beach-and-slow,Arunachal Pradesh,northeast,27.586,91.859,25-34,couple,comfortable,4,2024-01-19
u0006806,mountain-walker,Uttar Pradesh,central,27.5806,77.7006,25-34,couple,moderate,11,2024-01-23
u0006807,pilgrim,Rajasthan,north,24.5926,72.7156,45-54,family,comfortable,1,2024-12-12
u0006808,heritage-seeker,Himachal Pradesh,north,32.2432,77.1892,25-34,couple,comfortable,6,2024-06-05
u0006809,pilgrim,Madhya Pradesh,central,23.1815,79.9864,55+,solo,comfortable,3,2025-01-30
u0006810,beach-and-slow,West Bengal,east,27.06,88.47,55+,couple,shoestring,2,2025-07-14
u0006811,beach-and-slow,Maharashtra,west,18.6414,72.8722,45-54,solo,comfortable,1,2025-03-08
u0006812,mountain-walker,Karnataka,south,12.9716,77.5946,45-54,solo,moderate,2,2024-04-09
u0006813,food-first,Himachal Pradesh,north,31.1048,77.1734,35-44,couple,moderate,1,2025-06-10
u0006814,food-first,Rajasthan,north,26.2389,73.0243,55+,family,comfortable,47,2024-07-13
u0006815,beach-and-slow,Himachal Pradesh,north,32.2432,77.1892,25-34,family,comfortable,1,2025-07-06
u0006816,family-holiday,Kerala,south,10.0889,77.0595,45-54,family,comfortable,1,2025-05-02
u0006817,mountain-walker,Karnataka,south,13.3161,75.772,25-34,family,moderate,1,2025-07-14
u0006818,heritage-seeker,Maharashtra,west,21.1458,79.0882,25-34,couple,moderate,2,2025-09-03
u0006819,weekend-escaper,Maharashtra,west,17.9307,73.6477,25-34,solo,comfortable,1,2024-03-29
u0006820,family-holiday,Arunachal Pradesh,northeast,27.0844,93.6053,35-44,solo,comfortable,3,2024-11-28
u0006821,heritage-seeker,Andhra Pradesh,south,16.5062,80.648,55+,solo,shoestring,1,2025-09-07
u0006822,food-first,Gujarat,west,22.3072,73.1812,25-34,couple,moderate,1,2024-09-04
u0006823,weekend-escaper,Madhya Pradesh,central,23.4794,77.7392,35-44,couple,shoestring,1,2024-09-23
u0006824,family-holiday,Rajasthan,north,24.8887,74.6269,18-24,solo,comfortable,1,2024-01-19
u0006825,heritage-seeker,Maharashtra,west,18.5204,73.8567,55+,friends,comfortable,1,2024-05-27
u0006826,family-holiday,Maharashtra,west,19.7645,74.4762,55+,solo,shoestring,1,2024-11-04
u0006827,weekend-escaper,Uttarakhand,north,29.9457,78.1642,45-54,solo,comfortable,1,2024-02-17
u0006828,family-holiday,Karnataka,south,12.9141,74.856,45-54,family,moderate,1,2024-09-01
u0006829,mountain-walker,Maharashtra,west,19.076,72.8777,55+,solo,shoestring,1,2025-05-14
u0006830,weekend-escaper,Assam,northeast,26.95,94.17,55+,friends,comfortable,1,2024-11-05
u0006831,family-holiday,West Bengal,east,26.7271,88.3953,55+,family,moderate,1,2024-10-02
u0006832,weekend-escaper,Uttarakhand,north,29.3803,79.4636,18-24,solo,moderate,1,2025-07-13
u0006833,pilgrim,Uttarakhand,north,29.9457,78.1642,35-44,family,moderate,1,2024-03-27
u0006834,mountain-walker,Sikkim,northeast,27.3314,88.6138,55+,solo,shoestring,1,2025-04-20
u0006835,beach-and-slow,Gujarat,west,23.0225,72.5714,18-24,family,moderate,1,2024-12-03
u0006836,family-holiday,Gujarat,west,21.1702,72.8311,35-44,family,comfortable,1,2025-04-01
u0006837,mountain-walker,Punjab,north,31.634,74.8723,45-54,friends,moderate,10,2024-08-17
u0006838,beach-and-slow,Kerala,south,9.5916,77.1603,25-34,family,moderate,1,2024-05-18
u0006839,food-first,Maharashtra,west,18.6414,72.8722,45-54,solo,shoestring,1,2024-01-04
u0006840,mountain-walker,Uttarakhand,north,30.3165,78.0322,18-24,solo,moderate,2,2024-04-20
u0006841,heritage-seeker,Tamil Nadu,south,10.7905,78.7047,55+,family,comfortable,1,2024-11-25
u0006842,heritage-seeker,Ladakh,north,34.6868,77.5619,18-24,friends,comfortable,6,2024-12-23
u0006843,food-first,Rajasthan,north,26.9157,70.9083,45-54,family,moderate,1,2024-05-27
u0006844,weekend-escaper,Madhya Pradesh,central,26.2183,78.1828,55+,couple,moderate,1,2024-07-14
u0006845,pilgrim,Ladakh,north,34.6868,77.5619,55+,family,moderate,1,2024-06-03
u0006846,heritage-seeker,Gujarat,west,23.2156,72.6369,18-24,friends,moderate,4,2024-11-23
u0006847,pilgrim,Madhya Pradesh,central,23.4794,77.7392,18-24,solo,shoestring,1,2024-01-18
u0006848,food-first,Tamil Nadu,south,9.9252,78.1198,25-34,family,comfortable,1,2024-01-06
u0006849,pilgrim,Uttarakhand,north,30.529,79.5666,45-54,solo,shoestring,1,2025-08-23
u0006850,mountain-walker,Meghalaya,northeast,25.27,91.732,55+,solo,shoestring,1,2024-02-24
u0006851,family-holiday,Tamil Nadu,south,11.3494,76.7956,25-34,couple,moderate,3,2024-01-19
u0006852,heritage-seeker,Rajasthan,north,28.0229,73.3119,55+,family,comfortable,1,2024-12-27
u0006853,mountain-walker,Assam,northeast,26.1445,91.7362,55+,friends,premium,1,2025-02-09
u0006854,food-first,Kerala,south,10.0889,77.0595,55+,solo,moderate,1,2025-05-24
u0006855,heritage-seeker,Kerala,south,9.9312,76.2673,35-44,solo,premium,3,2024-04-23
u0006856,heritage-seeker,Maharashtra,west,19.076,72.8777,55+,couple,moderate,1,2025-07-07
u0006857,weekend-escaper,Gujarat,west,20.888,70.401,25-34,couple,moderate,1,2024-07-14
u0006858,pilgrim,Uttarakhand,north,29.3803,79.4636,25-34,friends,comfortable,1,2024-04-06
u0006859,heritage-seeker,Rajasthan,north,26.9157,70.9083,45-54,solo,shoestring,4,2024-12-01
u0006860,mountain-walker,Gujarat,west,20.888,70.401,18-24,family,moderate,1,2024-10-25
u0006861,pilgrim,Maharashtra,west,19.076,72.8777,25-34,couple,moderate,4,2024-11-26
u0006862,pilgrim,Rajasthan,north,25.4305,75.6499,55+,solo,moderate,3,2025-08-01
u0006863,heritage-seeker,Karnataka,south,12.3375,75.8069,18-24,friends,moderate,1,2024-09-24
u0006864,mountain-walker,Madhya Pradesh,central,23.2599,77.4126,55+,couple,shoestring,1,2025-04-26
u0006865,mountain-walker,Odisha,east,20.2961,85.8245,35-44,family,moderate,2,2025-09-05
u0006866,weekend-escaper,Uttar Pradesh,central,27.1767,78.0081,45-54,family,moderate,1,2024-09-20
u0006867,family-holiday,Karnataka,south,13.3161,75.772,18-24,couple,shoestring,1,2025-09-07
u0006868,heritage-seeker,Maharashtra,west,19.7645,74.4762,55+,solo,moderate,7,2024-03-29
u0006869,mountain-walker,Uttarakhand,north,30.4598,78.0644,25-34,friends,moderate,2,2025-01-12
u0006870,family-holiday,Maharashtra,west,18.7546,73.4062,18-24,friends,premium,1,2025-03-11
u0006871,weekend-escaper,Uttar Pradesh,central,26.7922,82.1998,35-44,solo,comfortable,1,2025-05-19
u0006872,heritage-seeker,Uttar Pradesh,central,25.3176,82.9739,18-24,solo,shoestring,1,2024-05-08
u0006873,family-holiday,Gujarat,west,23.7333,69.8597,18-24,couple,shoestring,62,2024-04-08
u0006874,beach-and-slow,Tamil Nadu,south,10.7905,78.7047,45-54,couple,shoestring,5,2024-03-18
u0006875,food-first,Maharashtra,west,21.1458,79.0882,55+,family,moderate,1,2024-03-30
u0006876,heritage-seeker,Assam,northeast,26.95,94.17,45-54,family,comfortable,1,2024-07-22
u0006877,weekend-escaper,Rajasthan,north,25.4305,75.6499,35-44,family,comfortable,1,2024-05-09
u0006878,pilgrim,Jharkhand,east,23.3441,85.3096,35-44,family,comfortable,1,2025-01-06
u0006879,beach-and-slow,Kerala,south,9.9312,76.2673,25-34,family,shoestring,2,2025-07-29
u0006880,beach-and-slow,Uttarakhand,north,29.3803,79.4636,55+,friends,comfortable,2,2025-07-31
u0006881,beach-and-slow,Karnataka,south,12.2958,76.6394,18-24,family,shoestring,20,2025-06-25
u0006882,food-first,Manipur,northeast,24.817,93.9368,35-44,solo,moderate,1,2025-04-16
u0006883,family-holiday,Kerala,south,9.5916,77.1603,55+,family,moderate,1,2024-05-14
u0006884,family-holiday,Uttar Pradesh,central,25.4358,81.8463,25-34,friends,shoestring,14,2024-02-08
u0006885,food-first,Madhya Pradesh,central,23.2599,77.4126,35-44,family,moderate,1,2024-07-24
u0006886,family-holiday,Puducherry,south,11.9416,79.8083,45-54,solo,moderate,1,2024-05-29
u0006887,heritage-seeker,Uttar Pradesh,central,26.8467,80.9462,18-24,couple,shoestring,1,2024-02-04
u0006888,pilgrim,Tamil Nadu,south,10.2381,77.4892,35-44,family,comfortable,4,2024-03-28
u0006889,food-first,Himachal Pradesh,north,32.219,76.3234,55+,couple,shoestring,1,2024-01-06
u0006890,heritage-seeker,Manipur,northeast,24.817,93.9368,55+,family,moderate,1,2024-01-21
u0006891,family-holiday,Mizoram,northeast,23.7271,92.7176,45-54,couple,premium,1,2025-01-17
u0006892,food-first,Puducherry,south,11.9416,79.8083,45-54,solo,premium,1,2024-12-08
u0006893,food-first,Andhra Pradesh,south,17.6868,83.2185,18-24,friends,moderate,8,2024-04-22
u0006894,heritage-seeker,Maharashtra,west,18.5204,73.8567,25-34,friends,moderate,1,2024-12-06
u0006895,mountain-walker,Meghalaya,northeast,25.5788,91.8933,25-34,family,shoestring,1,2024-03-16
u0006896,beach-and-slow,Goa,west,15.2993,74.124,45-54,family,premium,7,2024-04-29
u0006897,food-first,Tamil Nadu,south,10.787,79.1378,18-24,solo,premium,1,2024-04-17
u0006898,family-holiday,Chandigarh,north,30.7333,76.7794,35-44,solo,shoestring,3,2024-04-25
u0006899,family-holiday,Gujarat,west,23.7333,69.8597,18-24,couple,moderate,1,2025-02-21
u0006900,food-first,Karnataka,south,14.5479,74.3188,35-44,couple,moderate,2,2025-07-09
u0006901,heritage-seeker,Uttarakhand,north,30.529,79.5666,55+,couple,premium,35,2025-01-03
u0006902,pilgrim,West Bengal,east,27.041,88.2663,55+,family,shoestring,16,2025-05-31
u0006903,heritage-seeker,Meghalaya,northeast,25.27,91.732,18-24,solo,moderate,1,2024-10-09
u0006904,beach-and-slow,Uttarakhand,north,30.0869,78.2676,18-24,family,moderate,1,2024-04-12
u0006905,heritage-seeker,Karnataka,south,15.918,75.685,18-24,family,comfortable,3,2024-03-30
u0006906,weekend-escaper,Rajasthan,north,28.0229,73.3119,25-34,family,moderate,1,2025-04-18
u0006907,mountain-walker,West Bengal,east,21.627,87.509,25-34,family,shoestring,1,2024-06-26
u0006908,mountain-walker,Karnataka,south,15.335,76.46,18-24,couple,comfortable,5,2024-01-11
u0006909,heritage-seeker,Jammu and Kashmir,north,34.0837,74.7973,18-24,couple,shoestring,3,2025-07-19
u0006910,food-first,Maharashtra,west,18.6414,72.8722,25-34,couple,comfortable,5,2025-07-08
u0006911,mountain-walker,Tamil Nadu,south,11.3494,76.7956,25-34,family,premium,1,2024-05-16
u0006912,food-first,Tamil Nadu,south,10.7905,78.7047,25-34,solo,comfortable,3,2024-12-26
u0006913,pilgrim,Jharkhand,east,23.3441,85.3096,45-54,couple,comfortable,1,2024-08-03
u0006914,pilgrim,Chhattisgarh,central,21.2514,81.6296,45-54,solo,moderate,2,2024-12-14
u0006915,pilgrim,Madhya Pradesh,central,24.8318,79.9199,55+,friends,moderate,1,2024-09-19
u0006916,mountain-walker,Uttar Pradesh,central,26.7922,82.1998,25-34,friends,comfortable,1,2025-08-11
u0006917,family-holiday,Himachal Pradesh,north,32.219,76.3234,55+,couple,comfortable,1,2025-03-27
u0006918,food-first,Gujarat,west,20.888,70.401,35-44,solo,moderate,1,2025-07-10
u0006919,heritage-seeker,Madhya Pradesh,central,23.2599,77.4126,55+,family,moderate,2,2025-08-29
u0006920,food-first,Kerala,south,8.5241,76.9366,18-24,solo,moderate,1,2024-02-13
u0006921,weekend-escaper,Rajasthan,north,28.0229,73.3119,25-34,couple,moderate,1,2025-06-14
u0006922,food-first,Bihar,east,25.1367,85.4438,45-54,family,premium,37,2025-05-16
u0006923,food-first,Madhya Pradesh,central,24.8318,79.9199,45-54,friends,premium,2,2024-11-19
u0006924,family-holiday,Maharashtra,west,17.9307,73.6477,55+,solo,shoestring,1,2024-05-22
u0006925,beach-and-slow,Nagaland,northeast,25.6751,94.11,18-24,family,moderate,1,2024-10-04
u0006926,pilgrim,Tamil Nadu,south,11.4102,76.695,25-34,family,comfortable,7,2025-05-15
u0006927,food-first,Madhya Pradesh,central,23.4794,77.7392,18-24,solo,moderate,1,2024-11-30
u0006928,family-holiday,Assam,northeast,26.95,94.17,45-54,family,comfortable,1,2024-04-20
u0006929,weekend-escaper,Uttar Pradesh,central,27.1767,78.0081,35-44,couple,moderate,2,2024-03-30
u0006930,pilgrim,Uttarakhand,north,29.3803,79.4636,35-44,solo,shoestring,1,2025-04-15
u0006931,food-first,Rajasthan,north,26.9124,75.7873,18-24,family,premium,8,2024-08-12
u0006932,family-holiday,Meghalaya,northeast,25.27,91.732,25-34,family,comfortable,2,2025-07-20
u0006933,heritage-seeker,Tamil Nadu,south,12.6269,80.1927,25-34,family,moderate,1,2025-09-16
u0006934,heritage-seeker,Odisha,east,20.2961,85.8245,55+,couple,moderate,1,2024-09-27
u0006935,mountain-walker,Ladakh,north,34.6868,77.5619,18-24,family,comfortable,1,2025-06-21
u0006936,heritage-seeker,Nagaland,northeast,25.6751,94.11,18-24,couple,premium,1,2025-09-03
u0006937,food-first,Karnataka,south,12.9141,74.856,18-24,family,premium,1,2024-07-05
u0006938,mountain-walker,Bihar,east,24.6961,84.9911,25-34,family,shoestring,7,2025-05-26
u0006939,mountain-walker,Gujarat,west,23.0225,72.5714,45-54,couple,premium,1,2025-02-08
u0006940,beach-and-slow,Uttar Pradesh,central,27.5806,77.7006,35-44,couple,comfortable,15,2024-06-11
u0006941,beach-and-slow,Bihar,east,25.1367,85.4438,35-44,family,comfortable,1,2025-06-27
u0006942,heritage-seeker,Tamil Nadu,south,10.7905,78.7047,35-44,family,comfortable,2,2024-08-25
u0006943,pilgrim,Uttarakhand,north,27.4924,77.6737,18-24,couple,moderate,2,2025-07-17
u0006944,food-first,Gujarat,west,23.0225,72.5714,35-44,couple,moderate,1,2024-05-24
u0006945,pilgrim,Uttarakhand,north,30.3165,78.0322,35-44,family,moderate,1,2024-05-05
u0006946,mountain-walker,Odisha,east,19.8135,85.8312,18-24,friends,premium,2,2025-04-14
u0006947,mountain-walker,Uttar Pradesh,central,27.5806,77.7006,35-44,friends,moderate,1,2025-05-08
u0006948,heritage-seeker,Madhya Pradesh,central,23.4794,77.7392,55+,friends,moderate,1,2025-09-11
u0006949,weekend-escaper,Telangana,south,17.385,78.4867,45-54,solo,premium,1,2024-05-14
u0006950,heritage-seeker,Kerala,south,10.0889,77.0595,18-24,family,moderate,29,2024-12-29
u0006951,heritage-seeker,Puducherry,south,11.9416,79.8083,18-24,solo,moderate,3,2024-08-28
u0006952,mountain-walker,Ladakh,north,34.1526,77.5771,35-44,solo,shoestring,75,2024-02-02
u0006953,pilgrim,Tamil Nadu,south,10.787,79.1378,45-54,solo,premium,1,2025-06-29
u0006954,pilgrim,Arunachal Pradesh,northeast,27.0844,93.6053,25-34,family,shoestring,1,2025-05-08
u0006955,beach-and-slow,Karnataka,south,12.9141,74.856,35-44,couple,comfortable,2,2024-12-05
u0006956,food-first,Ladakh,north,34.6868,77.5619,55+,couple,moderate,3,2024-03-13
u0006957,family-holiday,Mizoram,northeast,23.7271,92.7176,55+,family,moderate,1,2025-08-15
u0006958,weekend-escaper,Maharashtra,west,19.076,72.8777,18-24,friends,moderate,1,2024-02-06
u0006959,heritage-seeker,Maharashtra,west,21.1458,79.0882,35-44,family,comfortable,1,2024-02-20
u0006960,weekend-escaper,Himachal Pradesh,north,32.01,77.3152,35-44,couple,shoestring,6,2024-11-04
u0006961,heritage-seeker,Karnataka,south,13.3409,74.7421,55+,friends,premium,1,2024-05-29
u0006962,heritage-seeker,Uttar Pradesh,central,25.4358,81.8463,45-54,family,shoestring,1,2024-12-30
u0006963,weekend-escaper,Himachal Pradesh,north,32.2464,78.0349,55+,solo,premium,3,2024-07-18
u0006964,pilgrim,Ladakh,north,34.1526,77.5771,35-44,family,comfortable,1,2024-01-06
u0006965,food-first,Uttarakhand,north,30.4598,78.0644,18-24,solo,moderate,1,2024-05-18
u0006966,mountain-walker,Rajasthan,north,26.838,70.9,35-44,couple,moderate,2,2025-02-18
u0006967,family-holiday,Kerala,south,9.9312,76.2673,25-34,couple,comfortable,1,2025-04-08
u0006968,family-holiday,Gujarat,west,21.1702,72.8311,55+,family,premium,1,2024-09-29
u0006969,mountain-walker,Rajasthan,north,24.5926,72.7156,18-24,family,comfortable,2,2025-08-25
u0006970,food-first,Rajasthan,north,24.5854,73.7125,18-24,friends,shoestring,7,2024-03-26
u0006971,heritage-seeker,Rajasthan,north,24.5854,73.7125,18-24,couple,shoestring,2,2024-01-25
u0006972,weekend-escaper,Karnataka,south,15.918,75.685,55+,solo,moderate,1,2025-04-11
u0006973,pilgrim,Puducherry,south,11.9416,79.8083,25-34,friends,shoestring,2,2024-12-25
u0006974,family-holiday,Maharashtra,west,19.076,72.8777,55+,couple,shoestring,2,2024-12-13
u0006975,mountain-walker,Uttar Pradesh,central,26.7922,82.1998,45-54,friends,premium,1,2025-07-05
u0006976,family-holiday,Uttar Pradesh,central,27.5806,77.7006,25-34,solo,shoestring,3,2024-11-27
u0006977,food-first,Punjab,north,31.634,74.8723,55+,family,comfortable,1,2024-03-13
u0006978,heritage-seeker,Goa,west,15.4909,73.8278,45-54,family,shoestring,1,2024-07-01
u0006979,food-first,Kerala,south,9.5916,77.1603,45-54,couple,comfortable,2,2025-04-28
u0006980,beach-and-slow,Nagaland,northeast,25.6751,94.11,25-34,family,comfortable,15,2025-09-18
u0006981,family-holiday,Tamil Nadu,south,11.3494,76.7956,18-24,couple,comfortable,1,2025-03-08
u0006982,beach-and-slow,Nagaland,northeast,25.6751,94.11,55+,solo,moderate,1,2024-08-16
u0006983,beach-and-slow,Tamil Nadu,south,9.9252,78.1198,55+,solo,premium,1,2025-02-03
u0006984,food-first,Madhya Pradesh,central,23.1765,75.7885,45-54,couple,comfortable,2,2025-03-01
u0006985,family-holiday,West Bengal,east,22.5726,88.3639,25-34,solo,premium,1,2024-01-12
u0006986,family-holiday,Rajasthan,north,26.9157,70.9083,35-44,friends,comfortable,1,2025-08-13
u0006987,food-first,Karnataka,south,15.918,75.685,25-34,solo,comfortable,1,2024-10-11
u0006988,heritage-seeker,Uttar Pradesh,central,25.3176,82.9739,45-54,family,moderate,1,2024-04-25
u0006989,heritage-seeker,Ladakh,north,34.6868,77.5619,35-44,couple,comfortable,1,2025-03-09
u0006990,pilgrim,Andhra Pradesh,south,13.6288,79.4192,18-24,family,moderate,12,2025-06-14
u0006991,weekend-escaper,Ladakh,north,34.1526,77.5771,45-54,couple,comfortable,2,2025-03-17
u0006992,family-holiday,Gujarat,west,21.1702,72.8311,35-44,couple,premium,4,2025-01-18
u0006993,pilgrim,Madhya Pradesh,central,25.3518,78.6417,45-54,family,premium,3,2025-06-18
u0006994,mountain-walker,Maharashtra,west,19.9975,73.7898,25-34,friends,moderate,1,2025-08-16
u0006995,pilgrim,Kerala,south,8.4004,76.9784,45-54,solo,shoestring,1,2025-01-12
u0006996,pilgrim,Tamil Nadu,south,8.0883,77.5385,55+,couple,moderate,1,2025-04-06
u0006997,family-holiday,Kerala,south,8.5241,76.9366,25-34,solo,moderate,1,2024-05-08
u0006998,family-holiday,Assam,northeast,26.1445,91.7362,55+,couple,moderate,2,2024-03-03
u0006999,heritage-seeker,Maharashtra,west,18.7546,73.4062,25-34,family,moderate,1,2024-06-24
u0007000,weekend-escaper,Himachal Pradesh,north,32.5387,75.9707,25-34,family,moderate,1,2025-04-16
u0007001,family-holiday,Chandigarh,north,30.7333,76.7794,35-44,couple,moderate,9,2024-04-26
u0007002,beach-and-slow,Assam,northeast,26.95,94.17,25-34,couple,comfortable,55,2025-01-11
u0007003,food-first,Chandigarh,north,30.7333,76.7794,18-24,couple,comfortable,1,2025-09-27
u0007004,heritage-seeker,Delhi,north,28.6139,77.209,25-34,family,moderate,1,2025-04-03
u0007005,heritage-seeker,Kerala,south,9.5916,77.1603,18-24,family,comfortable,3,2024-03-04
u0007006,heritage-seeker,Maharashtra,west,17.9307,73.6477,25-34,solo,shoestring,1,2024-11-03
u0007007,pilgrim,Jharkhand,east,23.3441,85.3096,25-34,family,premium,1,2024-10-02
u0007008,weekend-escaper,Uttar Pradesh,central,26.4499,80.3319,25-34,friends,shoestring,1,2024-06-17
u0007009,beach-and-slow,Assam,northeast,26.1445,91.7362,35-44,solo,comfortable,1,2024-11-01
u0007010,food-first,Meghalaya,northeast,25.27,91.732,25-34,friends,comfortable,7,2025-04-06
u0007011,weekend-escaper,Andhra Pradesh,south,17.6868,83.2185,18-24,solo,moderate,9,2024-09-08
u0007012,beach-and-slow,Madhya Pradesh,central,24.8318,79.9199,25-34,couple,comfortable,2,2024-05-26
u0007013,family-holiday,Tamil Nadu,south,10.787,79.1378,35-44,family,comfortable,2,2025-04-16
u0007014,beach-and-slow,Tamil Nadu,south,10.787,79.1378,45-54,solo,moderate,1,2024-03-25
u0007015,mountain-walker,Gujarat,west,23.2156,72.6369,35-44,couple,comfortable,2,2024-11-26
u0007016,family-holiday,Rajasthan,north,26.4499,74.6399,55+,friends,moderate,1,2025-06-22
u0007017,weekend-escaper,Punjab,north,31.634,74.8723,25-34,friends,moderate,1,2025-09-08
u0007018,heritage-seeker,Uttar Pradesh,central,26.4499,80.3319,25-34,solo,moderate,1,2024-08-12
u0007019,pilgrim,Punjab,north,31.634,74.8723,55+,couple,shoestring,2,2024-12-13
u0007020,beach-and-slow,Chandigarh,north,30.7333,76.7794,35-44,family,comfortable,1,2025-05-12
u0007021,family-holiday,Gujarat,west,23.2156,72.6369,55+,family,moderate,2,2024-06-27
u0007022,beach-and-slow,Uttar Pradesh,central,27.5806,77.7006,35-44,solo,moderate,6,2024-05-28
u0007023,pilgrim,West Bengal,east,26.7271,88.3953,55+,couple,premium,4,2024-11-15
u0007024,heritage-seeker,Assam,northeast,26.5775,93.1711,45-54,friends,comfortable,38,2024-10-18
u0007025,mountain-walker,West Bengal,east,21.627,87.509,55+,family,moderate,1,2024-01-20
u0007026,heritage-seeker,Kerala,south,9.9312,76.2673,35-44,friends,premium,4,2024-11-24
u0007027,family-holiday,Kerala,south,8.5241,76.9366,25-34,solo,premium,2,2024-04-23
u0007028,food-first,Kerala,south,9.4981,76.3388,18-24,family,premium,1,2024-10-04
u0007029,beach-and-slow,Kerala,south,9.9312,76.2673,45-54,family,comfortable,3,2025-06-06
u0007030,mountain-walker,Madhya Pradesh,central,23.2599,77.4126,35-44,family,shoestring,2,2024-02-12
u0007031,family-holiday,Tamil Nadu,south,8.0883,77.5385,25-34,family,moderate,1,2024-07-22
u0007032,beach-and-slow,Uttarakhand,north,30.4598,78.0644,18-24,solo,shoestring,2,2024-07-17
u0007033,food-first,Uttarakhand,north,30.3165,78.0322,18-24,friends,comfortable,2,2025-03-05
u0007034,beach-and-slow,Madhya Pradesh,central,25.3518,78.6417,45-54,family,comfortable,1,2025-07-10
u0007035,food-first,Tamil Nadu,south,8.0883,77.5385,18-24,solo,comfortable,28,2025-06-08
u0007036,family-holiday,Meghalaya,northeast,25.27,91.732,25-34,solo,shoestring,1,2024-05-12
u0007037,mountain-walker,Maharashtra,west,19.8762,75.3433,55+,solo,shoestring,1,2025-08-06
u0007038,beach-and-slow,West Bengal,east,21.627,87.509,35-44,family,comfortable,32,2024-10-23
u0007039,pilgrim,Tripura,northeast,23.8315,91.2868,35-44,family,comfortable,1,2024-04-07
u0007040,food-first,Tamil Nadu,south,10.787,79.1378,18-24,solo,shoestring,1,2025-02-12
u0007041,heritage-seeker,Kerala,south,9.9312,76.2673,35-44,couple,premium,2,2025-03-19
u0007042,family-holiday,Jammu and Kashmir,north,34.0837,74.7973,35-44,couple,shoestring,1,2024-11-28
u0007043,family-holiday,Himachal Pradesh,north,32.2464,78.0349,55+,family,shoestring,15,2024-12-05
u0007044,heritage-seeker,Gujarat,west,23.2156,72.6369,35-44,couple,premium,1,2025-04-19
u0007045,weekend-escaper,Karnataka,south,14.5479,74.3188,55+,family,premium,1,2024-04-25
u0007046,heritage-seeker,Gujarat,west,22.2394,68.9678,25-34,solo,comfortable,1,2024-01-10
u0007047,pilgrim,Gujarat,west,22.3072,73.1812,35-44,solo,premium,3,2024-02-10
u0007048,weekend-escaper,Bihar,east,25.5941,85.1376,18-24,solo,comfortable,1,2025-01-12
u0007049,weekend-escaper,West Bengal,east,26.7271,88.3953,18-24,solo,comfortable,2,2024-05-21
u0007050,weekend-escaper,Gujarat,west,20.888,70.401,18-24,solo,comfortable,1,2025-07-28
u0007051,mountain-walker,West Bengal,east,27.041,88.2663,55+,family,comfortable,1,2024-07-29
u0007052,food-first,Jharkhand,east,23.3441,85.3096,25-34,solo,comfortable,20,2025-07-06
u0007053,mountain-walker,Telangana,south,17.385,78.4867,55+,couple,moderate,2,2025-03-31
u0007054,family-holiday,Uttarakhand,north,30.0869,78.2676,18-24,solo,comfortable,1,2024-12-21
u0007055,food-first,Uttar Pradesh,central,27.1767,78.0081,25-34,couple,comfortable,1,2025-06-04
u0007056,heritage-seeker,Karnataka,south,15.335,76.46,35-44,friends,shoestring,2,2025-03-18
u0007057,food-first,Himachal Pradesh,north,32.01,77.3152,25-34,couple,moderate,2,2025-05-12
u0007058,food-first,Tamil Nadu,south,10.787,79.1378,55+,solo,premium,2,2025-03-24
u0007059,pilgrim,Delhi,north,28.6139,77.209,55+,couple,moderate,3,2024-08-02
u0007060,weekend-escaper,Bihar,east,25.5941,85.1376,45-54,family,moderate,5,2025-03-27
u0007061,weekend-escaper,Chandigarh,north,30.7333,76.7794,25-34,solo,comfortable,1,2025-04-30
u0007062,pilgrim,Uttar Pradesh,central,25.4358,81.8463,35-44,family,comfortable,6,2025-01-30
u0007063,family-holiday,Arunachal Pradesh,northeast,27.586,91.859,18-24,family,premium,1,2025-03-09
u0007064,mountain-walker,Karnataka,south,13.3409,74.7421,25-34,solo,comfortable,1,2025-01-19
u0007065,weekend-escaper,Maharashtra,west,19.076,72.8777,25-34,family,moderate,1,2024-08-07
u0007066,mountain-walker,Gujarat,west,22.2394,68.9678,25-34,couple,shoestring,3,2024-01-05
u0007067,weekend-escaper,West Bengal,east,26.7271,88.3953,35-44,family,shoestring,1,2024-07-23
u0007068,weekend-escaper,Sikkim,northeast,27.3314,88.6138,45-54,solo,shoestring,1,2025-07-26
u0007069,mountain-walker,Karnataka,south,12.3375,75.8069,35-44,solo,comfortable,2,2025-06-25
u0007070,food-first,Madhya Pradesh,central,23.1815,79.9864,55+,solo,moderate,2,2024-10-08
u0007071,pilgrim,Bihar,east,25.1367,85.4438,45-54,couple,comfortable,1,2024-09-08
u0007072,food-first,Rajasthan,north,28.0229,73.3119,18-24,friends,shoestring,1,2024-10-15
u0007073,beach-and-slow,Rajasthan,north,26.9157,70.9083,35-44,solo,moderate,1,2024-03-04
u0007074,food-first,Madhya Pradesh,central,23.4794,77.7392,25-34,couple,shoestring,1,2025-05-23
u0007075,heritage-seeker,Gujarat,west,23.7333,69.8597,55+,solo,moderate,1,2025-08-15
u0007076,heritage-seeker,Madhya Pradesh,central,26.2183,78.1828,55+,couple,moderate,3,2025-09-05
u0007077,heritage-seeker,Kerala,south,8.5241,76.9366,45-54,solo,shoestring,1,2025-04-14
u0007078,mountain-walker,Tamil Nadu,south,8.0883,77.5385,25-34,couple,comfortable,4,2024-11-20
u0007079,pilgrim,Maharashtra,west,19.8762,75.3433,45-54,friends,comfortable,1,2024-05-17
u0007080,family-holiday,Maharashtra,west,19.8762,75.3433,35-44,family,moderate,6,2024-02-14
u0007081,weekend-escaper,Ladakh,north,34.1526,77.5771,25-34,couple,shoestring,17,2024-02-29
u0007082,family-holiday,Punjab,north,31.634,74.8723,55+,solo,shoestring,1,2025-08-21
u0007083,pilgrim,Uttarakhand,north,30.3165,78.0322,55+,friends,moderate,1,2025-07-25
u0007084,pilgrim,West Bengal,east,22.5726,88.3639,35-44,couple,moderate,7,2024-07-01
u0007085,food-first,Manipur,northeast,24.817,93.9368,18-24,solo,comfortable,1,2024-06-07
u0007086,mountain-walker,Andhra Pradesh,south,16.5062,80.648,25-34,solo,moderate,1,2025-02-27
u0007087,pilgrim,Tamil Nadu,south,9.9252,78.1198,45-54,couple,shoestring,15,2025-01-23
u0007088,family-holiday,Uttarakhand,north,29.53,78.7747,18-24,solo,comfortable,1,2025-06-18
u0007089,pilgrim,Madhya Pradesh,central,23.2599,77.4126,45-54,solo,moderate,1,2025-05-01
u0007090,food-first,Kerala,south,11.6854,76.132,25-34,solo,shoestring,2,2025-01-18
u0007091,heritage-seeker,West Bengal,east,26.7271,88.3953,55+,solo,premium,21,2024-05-05
u0007092,heritage-seeker,Uttarakhand,north,29.3803,79.4636,45-54,family,moderate,2,2024-01-24
u0007093,heritage-seeker,Ladakh,north,34.6868,77.5619,45-54,couple,shoestring,2,2025-07-13
u0007094,heritage-seeker,Gujarat,west,21.1702,72.8311,55+,solo,premium,1,2024-01-18
u0007095,family-holiday,Puducherry,south,11.9416,79.8083,35-44,couple,moderate,1,2024-02-11
u0007096,mountain-walker,Kerala,south,9.4981,76.3388,55+,friends,comfortable,2,2024-06-19
u0007097,family-holiday,West Bengal,east,27.041,88.2663,25-34,solo,moderate,1,2024-09-23
u0007098,food-first,Uttarakhand,north,30.529,79.5666,35-44,solo,premium,2,2024-12-18
u0007099,family-holiday,Jammu and Kashmir,north,32.7266,74.857,25-34,couple,comfortable,6,2024-12-09
u0007100,weekend-escaper,Tamil Nadu,south,11.0168,76.9558,18-24,family,shoestring,159,2024-07-10
u0007101,mountain-walker,Gujarat,west,23.7333,69.8597,25-34,friends,shoestring,1,2025-06-01
u0007102,food-first,Maharashtra,west,18.6414,72.8722,35-44,family,moderate,1,2025-06-17
u0007103,mountain-walker,Assam,northeast,26.1445,91.7362,18-24,family,comfortable,14,2025-06-08
u0007104,family-holiday,Andaman and Nicobar Islands,south,11.6234,92.7265,25-34,solo,comfortable,1,2025-09-16
u0007105,heritage-seeker,Karnataka,south,12.9141,74.856,35-44,family,premium,5,2025-08-08
u0007106,weekend-escaper,Tamil Nadu,south,9.9252,78.1198,35-44,couple,moderate,2,2024-02-24
u0007107,family-holiday,Punjab,north,31.634,74.8723,18-24,family,moderate,1,2024-10-24
u0007108,weekend-escaper,Rajasthan,north,24.8887,74.6269,55+,family,comfortable,1,2024-04-05
u0007109,weekend-escaper,Himachal Pradesh,north,32.2464,78.0349,18-24,couple,moderate,1,2025-03-01
u0007110,pilgrim,Uttar Pradesh,central,25.3176,82.9739,45-54,family,moderate,3,2024-09-25
u0007111,food-first,Rajasthan,north,26.838,70.9,18-24,friends,comfortable,1,2025-04-13
u0007112,beach-and-slow,Karnataka,south,13.3409,74.7421,25-34,couple,comfortable,4,2024-04-08
u0007113,food-first,Madhya Pradesh,central,26.2183,78.1828,55+,couple,comfortable,1,2024-08-03
u0007114,food-first,Maharashtra,west,19.076,72.8777,18-24,family,moderate,5,2024-02-22
u0007115,beach-and-slow,Maharashtra,west,17.9307,73.6477,35-44,solo,moderate,3,2025-09-05
u0007116,beach-and-slow,Gujarat,west,23.7333,69.8597,25-34,friends,comfortable,1,2025-08-09
u0007117,food-first,Odisha,east,19.8876,86.0945,45-54,solo,moderate,1,2024-11-06
u0007118,beach-and-slow,Gujarat,west,22.2394,68.9678,45-54,friends,moderate,1,2024-10-31
u0007119,weekend-escaper,Tamil Nadu,south,9.9252,78.1198,18-24,friends,moderate,2,2024-12-02
u0007120,food-first,Rajasthan,north,28.0229,73.3119,35-44,friends,comfortable,1,2024-10-31
u0007121,heritage-seeker,Rajasthan,north,28.0229,73.3119,45-54,family,premium,2,2025-03-08
u0007122,mountain-walker,Karnataka,south,13.3161,75.772,45-54,family,moderate,1,2025-06-04
u0007123,pilgrim,Karnataka,south,12.3375,75.8069,25-34,solo,moderate,1,2024-09-07
u0007124,food-first,West Bengal,east,27.06,88.47,25-34,solo,comfortable,2,2024-11-25
u0007125,beach-and-slow,Madhya Pradesh,central,23.4794,77.7392,45-54,couple,shoestring,2,2024-09-26
u0007126,food-first,Karnataka,south,12.9141,74.856,45-54,friends,shoestring,1,2025-05-07
u0007127,heritage-seeker,Gujarat,west,23.7333,69.8597,25-34,couple,moderate,4,2025-08-13
u0007128,food-first,Uttar Pradesh,central,27.5806,77.7006,18-24,solo,premium,3,2024-02-24
u0007129,family-holiday,Uttar Pradesh,central,25.4358,81.8463,25-34,solo,premium,3,2024-01-25
u0007130,mountain-walker,Madhya Pradesh,central,24.8318,79.9199,18-24,couple,comfortable,5,2025-04-10
u0007131,weekend-escaper,Uttar Pradesh,central,27.5806,77.7006,35-44,family,moderate,1,2024-06-21
u0007132,mountain-walker,Odisha,east,19.8135,85.8312,45-54,friends,comfortable,1,2024-09-26
u0007133,heritage-seeker,Uttar Pradesh,central,25.4358,81.8463,35-44,solo,premium,2,2025-06-22
u0007134,mountain-walker,Uttar Pradesh,central,25.4358,81.8463,18-24,family,shoestring,1,2025-04-02
u0007135,pilgrim,Karnataka,south,12.9716,77.5946,25-34,family,moderate,2,2024-04-03
u0007136,pilgrim,Meghalaya,northeast,25.27,91.732,35-44,couple,shoestring,1,2025-02-16
u0007137,heritage-seeker,Uttarakhand,north,29.53,78.7747,45-54,couple,moderate,13,2025-09-24
u0007138,weekend-escaper,Assam,northeast,26.5775,93.1711,45-54,family,comfortable,1,2024-05-13
u0007139,family-holiday,Uttarakhand,north,27.4924,77.6737,18-24,friends,premium,2,2024-04-12
u0007140,food-first,Karnataka,south,15.335,76.46,25-34,family,shoestring,3,2024-01-23
u0007141,weekend-escaper,Uttar Pradesh,central,25.4358,81.8463,25-34,couple,premium,1,2024-06-23
u0007142,heritage-seeker,Mizoram,northeast,23.7271,92.7176,45-54,solo,moderate,1,2024-02-12
u0007143,heritage-seeker,Madhya Pradesh,central,25.3518,78.6417,55+,solo,moderate,4,2024-03-23
u0007144,mountain-walker,West Bengal,east,26.7271,88.3953,55+,friends,comfortable,1,2024-12-08
u0007145,weekend-escaper,Karnataka,south,15.335,76.46,45-54,friends,comfortable,1,2024-05-11
u0007146,pilgrim,Uttarakhand,north,30.529,79.5666,18-24,solo,premium,2,2024-02-13
u0007147,heritage-seeker,Gujarat,west,23.0225,72.5714,45-54,friends,shoestring,1,2024-06-23
u0007148,weekend-escaper,Rajasthan,north,24.5926,72.7156,55+,solo,moderate,1,2024-01-16
u0007149,family-holiday,Sikkim,northeast,27.3,88.24,55+,couple,shoestring,3,2025-01-15
u0007150,weekend-escaper,Uttar Pradesh,central,27.1767,78.0081,45-54,family,moderate,1,2025-03-21
u0007151,family-holiday,Rajasthan,north,26.9157,70.9083,45-54,family,shoestring,1,2025-04-02
u0007152,pilgrim,Karnataka,south,14.5479,74.3188,35-44,couple,comfortable,1,2024-09-20
u0007153,family-holiday,Uttarakhand,north,30.529,79.5666,18-24,couple,comfortable,1,2024-07-28
u0007154,heritage-seeker,Himachal Pradesh,north,32.2432,77.1892,25-34,solo,comfortable,2,2024-08-23
u0007155,weekend-escaper,Uttarakhand,north,30.529,79.5666,55+,couple,moderate,13,2025-08-16
u0007156,weekend-escaper,Delhi,north,28.6139,77.209,25-34,family,moderate,1,2024-12-13
u0007157,heritage-seeker,West Bengal,east,27.06,88.47,55+,couple,shoestring,1,2025-06-27
u0007158,beach-and-slow,West Bengal,east,27.041,88.2663,45-54,family,comfortable,1,2025-08-21
u0007159,heritage-seeker,Uttar Pradesh,central,27.1767,78.0081,45-54,family,premium,1,2024-09-27
u0007160,pilgrim,Rajasthan,north,25.4305,75.6499,35-44,couple,comfortable,1,2025-03-26
u0007161,weekend-escaper,West Bengal,east,26.7271,88.3953,45-54,solo,comfortable,2,2024-08-25
u0007162,pilgrim,Kerala,south,10.0889,77.0595,35-44,couple,shoestring,1,2025-05-14
u0007163,beach-and-slow,Tamil Nadu,south,10.7905,78.7047,35-44,couple,moderate,1,2025-09-26
u0007164,heritage-seeker,Mizoram,northeast,23.7271,92.7176,55+,couple,comfortable,1,2025-09-28
u0007165,pilgrim,Tamil Nadu,south,12.6269,80.1927,55+,solo,premium,1,2025-01-05
u0007166,pilgrim,Himachal Pradesh,north,32.219,76.3234,45-54,family,moderate,1,2024-05-24
u0007167,beach-and-slow,Odisha,east,19.8135,85.8312,45-54,couple,premium,1,2024-04-07
u0007168,family-holiday,Tamil Nadu,south,10.7905,78.7047,18-24,solo,shoestring,1,2024-07-24
u0007169,family-holiday,Gujarat,west,23.2156,72.6369,25-34,family,moderate,1,2025-03-23
u0007170,heritage-seeker,Madhya Pradesh,central,25.3518,78.6417,55+,family,shoestring,1,2024-05-17
u0007171,heritage-seeker,Tamil Nadu,south,9.9252,78.1198,25-34,couple,moderate,1,2024-07-21
u0007172,mountain-walker,Tamil Nadu,south,10.7905,78.7047,25-34,friends,premium,2,2024-02-09
u0007173,beach-and-slow,West Bengal,east,21.627,87.509,18-24,solo,shoestring,1,2024-09-16
u0007174,heritage-seeker,Tamil Nadu,south,12.6269,80.1927,18-24,couple,shoestring,1,2024-10-07
u0007175,family-holiday,Uttarakhand,north,30.3165,78.0322,18-24,couple,moderate,2,2024-06-17
u0007176,family-holiday,Karnataka,south,12.3375,75.8069,45-54,solo,moderate,2,2024-03-08
u0007177,beach-and-slow,Himachal Pradesh,north,31.1048,77.1734,55+,solo,shoestring,3,2025-03-11
u0007178,food-first,Kerala,south,8.7379,76.7163,55+,family,moderate,1,2024-06-15
u0007179,beach-and-slow,Karnataka,south,12.3375,75.8069,45-54,friends,moderate,1,2025-08-12
u0007180,heritage-seeker,Tamil Nadu,south,8.0883,77.5385,18-24,solo,shoestring,1,2024-02-18
u0007181,food-first,Karnataka,south,12.9141,74.856,25-34,couple,moderate,1,2024-02-04
u0007182,beach-and-slow,Tamil Nadu,south,11.3494,76.7956,35-44,family,moderate,1,2024-08-24
u0007183,mountain-walker,West Bengal,east,27.06,88.47,45-54,friends,premium,2,2024-09-10
u0007184,pilgrim,Maharashtra,west,18.6414,72.8722,45-54,solo,premium,3,2024-12-29
u0007185,heritage-seeker,Maharashtra,west,19.076,72.8777,35-44,solo,shoestring,2,2025-01-29
u0007186,family-holiday,Uttar Pradesh,central,26.4499,80.3319,55+,couple,moderate,1,2024-05-19
u0007187,pilgrim,West Bengal,east,21.627,87.509,18-24,solo,shoestring,1,2024-04-24
u0007188,family-holiday,West Bengal,east,27.041,88.2663,45-54,family,shoestring,2,2025-05-28
u0007189,family-holiday,Mizoram,northeast,23.7271,92.7176,25-34,couple,premium,1,2025-07-06
u0007190,heritage-seeker,Tamil Nadu,south,8.0883,77.5385,18-24,family,moderate,1,2024-10-17
u0007191,beach-and-slow,Madhya Pradesh,central,24.8318,79.9199,35-44,family,premium,2,2024-12-12
u0007192,heritage-seeker,Madhya Pradesh,central,22.7196,75.8577,18-24,couple,moderate,1,2025-09-23
u0007193,beach-and-slow,Bihar,east,25.1367,85.4438,25-34,solo,moderate,1,2025-08-23
u0007194,heritage-seeker,Tripura,northeast,23.8315,91.2868,45-54,family,shoestring,1,2025-08-21
u0007195,heritage-seeker,Telangana,south,17.385,78.4867,25-34,couple,shoestring,1,2024-06-17
u0007196,pilgrim,Gujarat,west,23.2156,72.6369,18-24,friends,shoestring,1,2025-01-11
u0007197,food-first,Uttar Pradesh,central,26.8467,80.9462,35-44,family,moderate,1,2025-07-30
u0007198,weekend-escaper,Himachal Pradesh,north,32.01,77.3152,25-34,family,moderate,1,2024-09-06
u0007199,heritage-seeker,Uttar Pradesh,central,27.5806,77.7006,35-44,family,moderate,2,2025-04-11
u0007200,food-first,Manipur,northeast,24.817,93.9368,55+,friends,comfortable,1,2024-08-20
u0007201,food-first,Madhya Pradesh,central,23.1765,75.7885,25-34,couple,moderate,1,2025-07-16
u0007202,family-holiday,Himachal Pradesh,north,32.01,77.3152,18-24,couple,moderate,1,2025-09-17
u0007203,heritage-seeker,Sikkim,northeast,27.3,88.24,18-24,couple,shoestring,1,2024-03-05
u0007204,family-holiday,Uttar Pradesh,central,25.3176,82.9739,55+,couple,moderate,5,2024-05-29
u0007205,weekend-escaper,Tamil Nadu,south,11.4102,76.695,25-34,couple,shoestring,1,2025-03-10
u0007206,family-holiday,Uttarakhand,north,30.4598,78.0644,45-54,solo,moderate,10,2024-11-24
u0007207,pilgrim,Andhra Pradesh,south,16.5062,80.648,18-24,solo,comfortable,1,2024-02-26
u0007208,weekend-escaper,Rajasthan,north,26.9157,70.9083,55+,couple,moderate,1,2025-05-30
u0007209,family-holiday,Uttarakhand,north,30.0869,78.2676,25-34,friends,shoestring,1,2024-07-17
u0007210,food-first,Assam,northeast,26.1445,91.7362,25-34,solo,moderate,8,2024-11-05
u0007211,food-first,Tripura,northeast,23.8315,91.2868,35-44,solo,moderate,1,2025-05-23
u0007212,family-holiday,Karnataka,south,15.335,76.46,25-34,solo,moderate,1,2024-03-20
u0007213,heritage-seeker,Rajasthan,north,26.2389,73.0243,35-44,solo,moderate,1,2025-03-03
u0007214,beach-and-slow,Arunachal Pradesh,northeast,27.586,91.859,45-54,family,moderate,10,2024-05-21
u0007215,beach-and-slow,West Bengal,east,26.7271,88.3953,25-34,couple,moderate,2,2024-06-19
u0007216,beach-and-slow,Delhi,north,28.6139,77.209,55+,friends,premium,1,2024-05-12
u0007217,family-holiday,Maharashtra,west,19.7645,74.4762,25-34,couple,shoestring,1,2025-01-30
u0007218,food-first,West Bengal,east,22.5726,88.3639,55+,solo,moderate,1,2024-11-25
u0007219,heritage-seeker,Uttar Pradesh,central,26.7922,82.1998,25-34,couple,moderate,1,2024-07-03
u0007220,food-first,Uttar Pradesh,central,26.4499,80.3319,45-54,solo,moderate,1,2025-02-19
u0007221,food-first,Uttarakhand,north,30.4598,78.0644,25-34,solo,comfortable,10,2025-01-24
u0007222,food-first,Rajasthan,north,26.9157,70.9083,25-34,couple,moderate,3,2024-06-12
u0007223,mountain-walker,Himachal Pradesh,north,32.5387,75.9707,25-34,couple,comfortable,1,2024-05-28
u0007224,weekend-escaper,Uttar Pradesh,central,25.4358,81.8463,45-54,solo,comfortable,3,2025-07-31
u0007225,food-first,Telangana,south,17.385,78.4867,18-24,couple,shoestring,2,2024-06-26
u0007226,weekend-escaper,Uttarakhand,north,29.9457,78.1642,25-34,solo,premium,1,2025-01-24
u0007227,beach-and-slow,Meghalaya,northeast,25.5788,91.8933,45-54,couple,moderate,3,2024-08-27
u0007228,heritage-seeker,Tamil Nadu,south,10.787,79.1378,45-54,family,comfortable,1,2025-09-25
u0007229,pilgrim,Karnataka,south,15.335,76.46,55+,family,moderate,2,2024-04-27
u0007230,weekend-escaper,Bihar,east,24.6961,84.9911,45-54,solo,moderate,12,2024-10-11
u0007231,family-holiday,Uttarakhand,north,29.9457,78.1642,45-54,family,moderate,1,2024-03-04
u0007232,food-first,Tamil Nadu,south,13.0827,80.2707,18-24,couple,moderate,1,2025-01-07
u0007233,heritage-seeker,Arunachal Pradesh,northeast,27.0844,93.6053,45-54,couple,comfortable,1,2025-01-08
u0007234,family-holiday,Uttar Pradesh,central,27.1767,78.0081,35-44,solo,moderate,1,2024-07-03
u0007235,pilgrim,Arunachal Pradesh,northeast,27.0844,93.6053,25-34,family,moderate,3,2024-10-14
u0007236,pilgrim,Maharashtra,west,17.9307,73.6477,55+,friends,moderate,1,2025-08-13
u0007237,mountain-walker,Sikkim,northeast,27.3314,88.6138,35-44,couple,moderate,5,2024-03-30
u0007238,family-holiday,Kerala,south,8.5241,76.9366,18-24,solo,shoestring,1,2024-04-19
u0007239,beach-and-slow,Kerala,south,9.4981,76.3388,35-44,family,shoestring,1,2024-02-24
u0007240,food-first,Tamil Nadu,south,11.0168,76.9558,35-44,couple,premium,1,2024-08-09
u0007241,mountain-walker,Tamil Nadu,south,12.6269,80.1927,35-44,solo,moderate,2,2024-10-31
u0007242,pilgrim,Kerala,south,9.9312,76.2673,18-24,family,moderate,1,2024-08-23
u0007243,mountain-walker,Gujarat,west,22.3072,73.1812,45-54,family,moderate,1,2024-10-16
u0007244,mountain-walker,Punjab,north,31.634,74.8723,18-24,solo,moderate,106,2024-12-28
u0007245,beach-and-slow,Uttar Pradesh,central,25.3176,82.9739,55+,friends,shoestring,1,2024-10-08
u0007246,family-holiday,Uttarakhand,north,29.3803,79.4636,25-34,couple,moderate,1,2025-03-08
u0007247,family-holiday,Maharashtra,west,18.7546,73.4062,18-24,couple,shoestring,3,2025-02-18
u0007248,mountain-walker,Gujarat,west,22.3072,73.1812,25-34,solo,comfortable,1,2025-08-29
u0007249,weekend-escaper,Chhattisgarh,central,21.2514,81.6296,35-44,friends,shoestring,1,2024-03-29
u0007250,beach-and-slow,Uttarakhand,north,30.0869,78.2676,55+,family,comfortable,1,2024-06-12
u0007251,family-holiday,Rajasthan,north,28.0229,73.3119,18-24,couple,shoestring,10,2024-04-24
u0007252,food-first,Manipur,northeast,24.817,93.9368,35-44,family,comfortable,2,2024-08-13
u0007253,beach-and-slow,Rajasthan,north,26.838,70.9,45-54,solo,premium,1,2025-02-14
u0007254,weekend-escaper,Tripura,northeast,23.8315,91.2868,55+,solo,shoestring,1,2025-06-06
u0007255,pilgrim,Andhra Pradesh,south,16.5062,80.648,45-54,couple,moderate,6,2024-07-11
u0007256,family-holiday,Telangana,south,17.385,78.4867,25-34,family,moderate,2,2024-06-04
u0007257,heritage-seeker,Meghalaya,northeast,25.5788,91.8933,18-24,solo,premium,1,2025-08-05
u0007258,family-holiday,Andhra Pradesh,south,17.6868,83.2185,45-54,couple,comfortable,2,2024-04-21
u0007259,pilgrim,Maharashtra,west,18.7546,73.4062,18-24,family,moderate,15,2025-05-19
u0007260,heritage-seeker,Arunachal Pradesh,northeast,27.0844,93.6053,18-24,couple,moderate,9,2024-09-03
u0007261,pilgrim,Karnataka,south,13.3409,74.7421,45-54,couple,comfortable,2,2024-01-04
u0007262,family-holiday,Tamil Nadu,south,12.6269,80.1927,45-54,solo,comfortable,1,2024-05-06
u0007263,family-holiday,Assam,northeast,26.95,94.17,25-34,friends,shoestring,1,2024-02-09
u0007264,heritage-seeker,Kerala,south,11.2588,75.7804,25-34,family,moderate,3,2024-02-27
u0007265,heritage-seeker,Gujarat,west,23.7333,69.8597,45-54,family,comfortable,1,2025-05-25
u0007266,weekend-escaper,Andaman and Nicobar Islands,south,11.6234,92.7265,55+,couple,shoestring,1,2024-07-06
u0007267,mountain-walker,Uttarakhand,north,29.9457,78.1642,45-54,family,moderate,1,2025-07-30
u0007268,family-holiday,Andhra Pradesh,south,13.6288,79.4192,25-34,friends,comfortable,1,2025-06-16
u0007269,heritage-seeker,Uttar Pradesh,central,26.7922,82.1998,18-24,couple,moderate,2,2024-08-01
u0007270,weekend-escaper,Kerala,south,9.9312,76.2673,35-44,family,comfortable,1,2025-01-23
u0007271,weekend-escaper,Odisha,east,19.8135,85.8312,55+,friends,premium,2,2024-04-20
u0007272,beach-and-slow,Himachal Pradesh,north,32.2432,77.1892,35-44,family,moderate,1,2024-09-15
u0007273,food-first,Gujarat,west,23.7333,69.8597,45-54,couple,comfortable,1,2024-11-01
u0007274,mountain-walker,Assam,northeast,26.5775,93.1711,18-24,friends,moderate,1,2024-04-21
u0007275,heritage-seeker,Tamil Nadu,south,8.0883,77.5385,18-24,couple,shoestring,14,2024-10-06
u0007276,food-first,Assam,northeast,26.1445,91.7362,35-44,couple,comfortable,1,2024-10-19
u0007277,mountain-walker,Karnataka,south,15.2689,76.3909,25-34,family,shoestring,2,2025-03-26
u0007278,weekend-escaper,Ladakh,north,34.6868,77.5619,25-34,couple,comfortable,2,2025-09-02
u0007279,family-holiday,Assam,northeast,26.95,94.17,55+,family,comfortable,1,2024-06-08
u0007280,weekend-escaper,Uttar Pradesh,central,27.5806,77.7006,18-24,family,premium,2,2024-10-24
u0007281,weekend-escaper,Chandigarh,north,30.7333,76.7794,55+,family,moderate,1,2024-10-24
u0007282,heritage-seeker,Arunachal Pradesh,northeast,27.0844,93.6053,18-24,couple,moderate,4,2024-02-05
u0007283,family-holiday,Maharashtra,west,21.1458,79.0882,45-54,family,comfortable,12,2025-05-28
u0007284,family-holiday,Karnataka,south,13.3409,74.7421,35-44,couple,comfortable,3,2024-11-12
u0007285,mountain-walker,Tamil Nadu,south,12.6269,80.1927,55+,friends,comfortable,1,2024-05-17
u0007286,pilgrim,Madhya Pradesh,central,25.3518,78.6417,35-44,friends,moderate,6,2024-08-15
u0007287,heritage-seeker,Rajasthan,north,24.8887,74.6269,35-44,family,comfortable,2,2024-03-31
u0007288,pilgrim,Uttarakhand,north,30.0869,78.2676,35-44,family,shoestring,1,2025-05-15
u0007289,heritage-seeker,Kerala,south,8.4004,76.9784,45-54,couple,moderate,1,2025-03-06
u0007290,weekend-escaper,Madhya Pradesh,central,26.2183,78.1828,45-54,family,comfortable,1,2024-06-23
u0007291,weekend-escaper,Gujarat,west,23.2156,72.6369,55+,solo,comfortable,12,2024-05-12
u0007292,family-holiday,Maharashtra,west,18.6414,72.8722,45-54,solo,moderate,1,2024-07-15
u0007293,mountain-walker,Andhra Pradesh,south,13.6288,79.4192,35-44,family,moderate,3,2025-09-29
u0007294,mountain-walker,Bihar,east,25.5941,85.1376,45-54,couple,comfortable,2,2024-09-11
u0007295,food-first,Tamil Nadu,south,8.0883,77.5385,18-24,friends,comfortable,4,2024-11-21
u0007296,beach-and-slow,Arunachal Pradesh,northeast,27.0844,93.6053,35-44,family,moderate,1,2025-03-02
u0007297,pilgrim,Karnataka,south,14.5479,74.3188,35-44,family,comfortable,1,2024-09-21
u0007298,family-holiday,Jammu and Kashmir,north,32.7266,74.857,55+,couple,moderate,1,2024-10-10
u0007299,mountain-walker,Madhya Pradesh,central,23.2599,77.4126,18-24,friends,moderate,1,2025-02-13
u0007300,pilgrim,Karnataka,south,12.2958,76.6394,45-54,couple,shoestring,2,2025-08-30
u0007301,weekend-escaper,Goa,west,15.2993,74.124,25-34,family,shoestring,2,2024-04-22
u0007302,weekend-escaper,Rajasthan,north,24.5926,72.7156,55+,couple,moderate,1,2024-08-22
u0007303,beach-and-slow,Gujarat,west,23.0225,72.5714,45-54,friends,comfortable,1,2024-01-16
u0007304,mountain-walker,Maharashtra,west,19.076,72.8777,18-24,couple,premium,4,2024-04-09
u0007305,family-holiday,Uttarakhand,north,29.3803,79.4636,45-54,family,shoestring,1,2025-07-03
u0007306,family-holiday,Andaman and Nicobar Islands,south,11.6234,92.7265,35-44,family,comfortable,1,2024-06-27
u0007307,weekend-escaper,Maharashtra,west,21.1458,79.0882,55+,solo,comfortable,1,2025-05-09
u0007308,mountain-walker,Kerala,south,9.9312,76.2673,25-34,friends,shoestring,1,2024-11-27
u0007309,weekend-escaper,Maharashtra,west,18.7546,73.4062,35-44,couple,moderate,1,2024-01-24
u0007310,food-first,Rajasthan,north,26.4899,74.5511,35-44,friends,moderate,1,2025-09-27
u0007311,heritage-seeker,Gujarat,west,23.2156,72.6369,55+,family,shoestring,1,2024-01-18
u0007312,family-holiday,Tamil Nadu,south,10.7905,78.7047,35-44,couple,shoestring,3,2024-08-16
u0007313,family-holiday,Tamil Nadu,south,10.787,79.1378,55+,family,premium,1,2025-08-11
u0007314,weekend-escaper,Tamil Nadu,south,10.787,79.1378,55+,family,premium,2,2024-05-20
u0007315,family-holiday,Uttar Pradesh,central,25.3176,82.9739,45-54,family,comfortable,1,2025-01-21
u0007316,heritage-seeker,Gujarat,west,21.1702,72.8311,45-54,couple,moderate,2,2025-06-29
u0007317,beach-and-slow,Punjab,north,31.634,74.8723,25-34,friends,premium,38,2024-05-04
u0007318,mountain-walker,Gujarat,west,23.0225,72.5714,25-34,couple,comfortable,2,2024-10-17
u0007319,family-holiday,Himachal Pradesh,north,31.1048,77.1734,35-44,couple,shoestring,2,2025-05-10
u0007320,weekend-escaper,Mizoram,northeast,23.7271,92.7176,55+,family,shoestring,5,2025-01-08
u0007321,heritage-seeker,Bihar,east,25.1367,85.4438,55+,couple,shoestring,1,2024-07-31
u0007322,beach-and-slow,Andaman and Nicobar Islands,south,11.6234,92.7265,55+,couple,comfortable,1,2024-11-10
u0007323,mountain-walker,Meghalaya,northeast,25.5788,91.8933,55+,family,moderate,1,2024-07-17
u0007324,heritage-seeker,Karnataka,south,15.335,76.46,35-44,friends,comfortable,1,2025-01-01
u0007325,food-first,Madhya Pradesh,central,25.3518,78.6417,45-54,family,moderate,4,2025-06-30
u0007326,family-holiday,Himachal Pradesh,north,31.1048,77.1734,35-44,family,premium,1,2024-12-16
u0007327,beach-and-slow,Chhattisgarh,central,21.2514,81.6296,18-24,family,comfortable,2,2024-04-01
u0007328,family-holiday,Bihar,east,25.1367,85.4438,35-44,family,comfortable,1,2024-01-13
u0007329,beach-and-slow,Himachal Pradesh,north,32.01,77.3152,18-24,family,comfortable,4,2025-07-19
u0007330,family-holiday,Tamil Nadu,south,11.3494,76.7956,18-24,couple,shoestring,1,2025-04-21
u0007331,heritage-seeker,Gujarat,west,20.888,70.401,35-44,solo,moderate,1,2024-05-31
u0007332,beach-and-slow,Tripura,northeast,23.8315,91.2868,45-54,family,comfortable,7,2025-02-23
u0007333,food-first,Odisha,east,19.8876,86.0945,45-54,family,comfortable,1,2025-05-30
u0007334,pilgrim,Odisha,east,20.2961,85.8245,18-24,family,moderate,1,2025-03-05
u0007335,pilgrim,Tamil Nadu,south,9.9252,78.1198,18-24,family,comfortable,1,2024-07-28
u0007336,food-first,Sikkim,northeast,27.3,88.24,18-24,solo,shoestring,4,2025-08-15
u0007337,mountain-walker,Karnataka,south,15.335,76.46,55+,couple,moderate,1,2024-05-10
u0007338,heritage-seeker,Punjab,north,31.634,74.8723,25-34,solo,comfortable,7,2025-04-29
u0007339,heritage-seeker,Mizoram,northeast,23.7271,92.7176,45-54,couple,shoestring,1,2024-08-03
u0007340,heritage-seeker,Rajasthan,north,26.4499,74.6399,25-34,couple,moderate,1,2025-02-15
u0007341,beach-and-slow,Chandigarh,north,30.7333,76.7794,18-24,family,comfortable,2,2025-04-27
u0007342,heritage-seeker,Karnataka,south,14.5479,74.3188,55+,couple,moderate,2,2024-06-27
u0007343,food-first,Tripura,northeast,23.8315,91.2868,55+,solo,moderate,1,2024-07-12
u0007344,weekend-escaper,Karnataka,south,12.2958,76.6394,25-34,couple,shoestring,1,2024-05-11
u0007345,food-first,West Bengal,east,26.7271,88.3953,45-54,family,premium,1,2024-02-02
u0007346,heritage-seeker,Andaman and Nicobar Islands,south,11.6234,92.7265,55+,couple,moderate,1,2024-07-08
u0007347,pilgrim,Tripura,northeast,23.8315,91.2868,18-24,family,moderate,2,2025-02-27
u0007348,food-first,Madhya Pradesh,central,24.8318,79.9199,25-34,family,premium,3,2024-01-19
u0007349,beach-and-slow,Gujarat,west,21.1702,72.8311,55+,couple,moderate,7,2024-07-23
u0007350,food-first,Ladakh,north,34.6868,77.5619,25-34,couple,moderate,2,2025-03-20
u0007351,family-holiday,Tamil Nadu,south,11.4102,76.695,18-24,friends,comfortable,1,2024-04-01
u0007352,weekend-escaper,Karnataka,south,15.2689,76.3909,45-54,couple,premium,2,2025-05-16
u0007353,heritage-seeker,Kerala,south,9.4981,76.3388,55+,family,moderate,1,2025-04-02
u0007354,mountain-walker,Meghalaya,northeast,25.5788,91.8933,18-24,family,premium,2,2024-10-23
u0007355,beach-and-slow,Maharashtra,west,18.5204,73.8567,18-24,solo,moderate,1,2025-07-13
u0007356,beach-and-slow,Tamil Nadu,south,10.787,79.1378,35-44,family,comfortable,2,2024-08-26
u0007357,heritage-seeker,Odisha,east,20.2961,85.8245,35-44,family,moderate,4,2024-04-01
u0007358,beach-and-slow,Rajasthan,north,26.838,70.9,25-34,solo,comfortable,1,2025-01-18
u0007359,weekend-escaper,Maharashtra,west,18.5204,73.8567,35-44,couple,comfortable,1,2024-09-29
u0007360,beach-and-slow,Rajasthan,north,25.4305,75.6499,25-34,friends,premium,1,2024-03-05
u0007361,weekend-escaper,Kerala,south,11.6854,76.132,18-24,family,moderate,1,2025-06-21
u0007362,pilgrim,Madhya Pradesh,central,24.8318,79.9199,35-44,family,shoestring,1,2024-04-26
u0007363,food-first,Rajasthan,north,28.0229,73.3119,25-34,couple,comfortable,1,2025-08-15
u0007364,heritage-seeker,Madhya Pradesh,central,23.1815,79.9864,35-44,friends,comfortable,1,2025-06-15
u0007365,heritage-seeker,Maharashtra,west,18.7546,73.4062,45-54,family,moderate,1,2025-07-16
u0007366,beach-and-slow,Rajasthan,north,26.9157,70.9083,45-54,couple,shoestring,2,2024-04-16
u0007367,food-first,Himachal Pradesh,north,32.5387,75.9707,45-54,solo,comfortable,1,2025-02-17
u0007368,food-first,Arunachal Pradesh,northeast,27.586,91.859,35-44,solo,moderate,1,2025-03-31
u0007369,heritage-seeker,Madhya Pradesh,central,22.7196,75.8577,55+,family,comfortable,1,2024-03-05
u0007370,beach-and-slow,West Bengal,east,27.06,88.47,18-24,family,comfortable,1,2024-02-19
u0007371,food-first,Maharashtra,west,19.076,72.8777,55+,family,comfortable,3,2024-08-12
u0007372,food-first,Mizoram,northeast,23.7271,92.7176,45-54,solo,moderate,1,2024-08-09
u0007373,weekend-escaper,Karnataka,south,14.5479,74.3188,25-34,couple,moderate,1,2025-06-05
u0007374,beach-and-slow,Kerala,south,9.5916,77.1603,45-54,couple,moderate,1,2024-12-07
u0007375,heritage-seeker,Madhya Pradesh,central,23.1765,75.7885,45-54,family,comfortable,1,2024-05-30
u0007376,heritage-seeker,Rajasthan,north,24.8887,74.6269,55+,solo,comfortable,1,2024-07-24
u0007377,beach-and-slow,Jharkhand,east,23.3441,85.3096,35-44,solo,comfortable,1,2024-10-26
u0007378,beach-and-slow,Karnataka,south,13.3161,75.772,35-44,solo,comfortable,1,2025-03-02
u0007379,food-first,Karnataka,south,15.2689,76.3909,55+,couple,comfortable,1,2025-06-25
u0007380,family-holiday,Himachal Pradesh,north,32.01,77.3152,55+,family,moderate,1,2025-07-18
u0007381,heritage-seeker,Kerala,south,11.6854,76.132,18-24,couple,comfortable,2,2024-12-28
u0007382,mountain-walker,Uttarakhand,north,30.0869,78.2676,55+,solo,comfortable,2,2025-03-12
u0007383,family-holiday,Assam,northeast,26.5775,93.1711,45-54,friends,comfortable,2,2024-05-09
u0007384,heritage-seeker,Maharashtra,west,18.5204,73.8567,35-44,friends,shoestring,1,2025-03-16
u0007385,heritage-seeker,Jammu and Kashmir,north,34.0837,74.7973,18-24,family,moderate,2,2024-11-15
u0007386,pilgrim,Rajasthan,north,25.4305,75.6499,18-24,couple,moderate,1,2025-05-14
u0007387,food-first,Uttarakhand,north,30.3165,78.0322,25-34,friends,comfortable,1,2025-03-23
u0007388,family-holiday,Tamil Nadu,south,9.9252,78.1198,55+,family,comfortable,4,2024-02-03
u0007389,heritage-seeker,Andhra Pradesh,south,13.6288,79.4192,35-44,solo,comfortable,2,2024-06-02
u0007390,family-holiday,West Bengal,east,22.5726,88.3639,55+,couple,moderate,1,2024-06-17
u0007391,pilgrim,Uttarakhand,north,27.4924,77.6737,45-54,solo,shoestring,1,2024-08-23
u0007392,heritage-seeker,Manipur,northeast,24.817,93.9368,18-24,couple,comfortable,1,2024-07-15
u0007393,weekend-escaper,Odisha,east,19.8876,86.0945,35-44,friends,shoestring,1,2025-07-15
u0007394,pilgrim,Uttarakhand,north,30.4598,78.0644,35-44,couple,moderate,1,2025-03-25
u0007395,family-holiday,Gujarat,west,21.1702,72.8311,55+,family,comfortable,2,2025-07-08
u0007396,food-first,Karnataka,south,15.335,76.46,55+,couple,comfortable,1,2024-09-25
u0007397,heritage-seeker,Kerala,south,8.4004,76.9784,25-34,solo,comfortable,4,2025-03-27
u0007398,mountain-walker,Bihar,east,25.1367,85.4438,25-34,solo,moderate,1,2024-04-14
u0007399,beach-and-slow,Karnataka,south,12.3375,75.8069,35-44,friends,comfortable,1,2025-09-15
u0007400,mountain-walker,Tamil Nadu,south,13.0827,80.2707,35-44,family,comfortable,1,2024-09-02
u0007401,weekend-escaper,Rajasthan,north,26.9124,75.7873,55+,family,moderate,2,2025-01-19
u0007402,mountain-walker,Arunachal Pradesh,northeast,27.586,91.859,45-54,family,shoestring,1,2025-07-19
u0007403,weekend-escaper,Delhi,north,28.6139,77.209,18-24,friends,moderate,1,2024-09-09
u0007404,heritage-seeker,West Bengal,east,27.041,88.2663,25-34,couple,comfortable,2,2024-01-31
u0007405,food-first,Maharashtra,west,19.9975,73.7898,45-54,solo,moderate,1,2025-08-20
u0007406,heritage-seeker,Uttarakhand,north,30.4598,78.0644,25-34,solo,shoestring,1,2025-08-13
u0007407,heritage-seeker,Uttarakhand,north,30.4598,78.0644,45-54,couple,moderate,1,2024-11-25
u0007408,heritage-seeker,Gujarat,west,23.7333,69.8597,25-34,couple,comfortable,3,2024-12-04
u0007409,weekend-escaper,Uttarakhand,north,29.53,78.7747,45-54,couple,premium,10,2025-04-26
u0007410,mountain-walker,Rajasthan,north,26.9124,75.7873,55+,friends,shoestring,1,2024-04-23
u0007411,family-holiday,West Bengal,east,22.5726,88.3639,45-54,couple,shoestring,2,2025-09-27
u0007412,mountain-walker,Uttarakhand,north,29.9457,78.1642,55+,family,premium,5,2025-04-19
u0007413,heritage-seeker,Arunachal Pradesh,northeast,27.0844,93.6053,35-44,friends,moderate,1,2024-04-10
u0007414,weekend-escaper,Maharashtra,west,21.1458,79.0882,35-44,family,comfortable,2,2025-08-22
u0007415,mountain-walker,Odisha,east,19.8876,86.0945,25-34,friends,shoestring,1,2025-05-03
u0007416,mountain-walker,Kerala,south,8.7379,76.7163,45-54,couple,moderate,1,2024-11-17
u0007417,mountain-walker,Himachal Pradesh,north,32.5387,75.9707,18-24,friends,moderate,1,2024-01-26
u0007418,beach-and-slow,Kerala,south,11.6854,76.132,35-44,friends,moderate,1,2025-02-10
u0007419,mountain-walker,Gujarat,west,21.1702,72.8311,45-54,family,comfortable,1,2024-02-09
u0007420,heritage-seeker,Himachal Pradesh,north,32.5387,75.9707,55+,couple,shoestring,4,2024-01-15
u0007421,heritage-seeker,Rajasthan,north,24.8887,74.6269,55+,solo,comfortable,1,2024-09-10
u0007422,weekend-escaper,Maharashtra,west,18.6414,72.8722,45-54,family,moderate,1,2024-06-20
u0007423,heritage-seeker,Ladakh,north,34.6868,77.5619,25-34,family,moderate,1,2024-03-19
u0007424,food-first,Tamil Nadu,south,11.0168,76.9558,25-34,solo,shoestring,1,2024-06-19
u0007425,beach-and-slow,Arunachal Pradesh,northeast,27.0844,93.6053,45-54,friends,comfortable,2,2024-10-01
u0007426,food-first,Jharkhand,east,23.3441,85.3096,18-24,friends,comfortable,1,2025-07-16
u0007427,beach-and-slow,Karnataka,south,13.3161,75.772,45-54,friends,comfortable,2,2024-03-18
u0007428,heritage-seeker,Meghalaya,northeast,25.27,91.732,55+,solo,moderate,1,2024-08-30
u0007429,heritage-seeker,Puducherry,south,11.9416,79.8083,25-34,couple,comfortable,2,2025-05-23
u0007430,mountain-walker,Karnataka,south,13.3161,75.772,35-44,solo,shoestring,4,2024-11-13
u0007431,weekend-escaper,Gujarat,west,23.2156,72.6369,55+,couple,premium,7,2025-01-16
u0007432,mountain-walker,Manipur,northeast,24.817,93.9368,25-34,family,moderate,1,2024-11-16
u0007433,pilgrim,Himachal Pradesh,north,32.219,76.3234,18-24,friends,comfortable,2,2024-01-19
u0007434,food-first,Rajasthan,north,24.8887,74.6269,35-44,family,moderate,1,2024-05-15
u0007435,pilgrim,Assam,northeast,26.5775,93.1711,18-24,solo,moderate,1,2024-07-13
u0007436,food-first,Bihar,east,25.1367,85.4438,45-54,family,moderate,1,2024-10-01
u0007437,beach-and-slow,Karnataka,south,15.918,75.685,35-44,couple,moderate,1,2025-04-15
u0007438,pilgrim,Uttar Pradesh,central,26.8467,80.9462,18-24,family,comfortable,17,2025-01-19
u0007439,heritage-seeker,Rajasthan,north,24.8887,74.6269,45-54,solo,comfortable,1,2024-03-31
u0007440,weekend-escaper,Punjab,north,31.634,74.8723,18-24,solo,moderate,1,2025-01-17
u0007441,weekend-escaper,Mizoram,northeast,23.7271,92.7176,25-34,family,premium,2,2025-04-15
u0007442,pilgrim,Maharashtra,west,19.9975,73.7898,18-24,couple,comfortable,1,2024-04-04
u0007443,family-holiday,Uttar Pradesh,central,25.3176,82.9739,45-54,solo,moderate,1,2025-08-12
u0007444,heritage-seeker,Himachal Pradesh,north,32.2432,77.1892,25-34,family,moderate,4,2025-09-24
u0007445,weekend-escaper,Ladakh,north,34.1526,77.5771,25-34,couple,shoestring,2,2024-03-25
u0007446,mountain-walker,Karnataka,south,12.3375,75.8069,25-34,family,comfortable,1,2025-01-01
u0007447,mountain-walker,West Bengal,east,21.627,87.509,55+,solo,moderate,12,2024-01-25
u0007448,family-holiday,Uttarakhand,north,29.9457,78.1642,45-54,family,moderate,1,2024-05-31
u0007449,pilgrim,Uttar Pradesh,central,27.5806,77.7006,55+,couple,comfortable,1,2024-06-28
u0007450,heritage-seeker,Gujarat,west,23.0225,72.5714,45-54,couple,comfortable,2,2025-01-12
u0007451,weekend-escaper,Rajasthan,north,28.0229,73.3119,25-34,couple,moderate,20,2025-09-04
u0007452,pilgrim,Sikkim,northeast,27.3314,88.6138,55+,couple,comfortable,2,2025-04-09
u0007453,beach-and-slow,Uttar Pradesh,central,26.8467,80.9462,55+,family,moderate,1,2024-08-03
u0007454,food-first,Andhra Pradesh,south,13.6288,79.4192,45-54,family,moderate,1,2025-01-20
u0007455,pilgrim,Assam,northeast,26.95,94.17,18-24,couple,moderate,6,2024-01-23
u0007456,food-first,Maharashtra,west,19.8762,75.3433,18-24,family,premium,1,2024-09-08
u0007457,beach-and-slow,Rajasthan,north,24.8887,74.6269,55+,solo,comfortable,1,2024-02-11
u0007458,family-holiday,Kerala,south,11.6854,76.132,45-54,family,comfortable,1,2024-05-12
u0007459,family-holiday,Madhya Pradesh,central,24.8318,79.9199,18-24,solo,comfortable,1,2024-08-20
u0007460,mountain-walker,Maharashtra,west,18.5204,73.8567,18-24,friends,premium,21,2025-01-27
u0007461,heritage-seeker,Jammu and Kashmir,north,32.7266,74.857,55+,solo,shoestring,4,2024-11-23
u0007462,beach-and-slow,Ladakh,north,34.6868,77.5619,35-44,family,moderate,1,2025-04-30
u0007463,food-first,Puducherry,south,11.9416,79.8083,35-44,family,shoestring,2,2025-09-22
u0007464,food-first,Himachal Pradesh,north,32.5387,75.9707,25-34,couple,moderate,6,2024-04-26
u0007465,family-holiday,Himachal Pradesh,north,32.2432,77.1892,45-54,solo,moderate,1,2024-04-12
u0007466,mountain-walker,Tamil Nadu,south,10.2381,77.4892,35-44,solo,shoestring,4,2025-08-21
u0007467,beach-and-slow,Karnataka,south,15.335,76.46,45-54,solo,moderate,2,2025-08-27
u0007468,mountain-walker,Karnataka,south,15.918,75.685,35-44,couple,comfortable,1,2024-02-15
u0007469,mountain-walker,Uttar Pradesh,central,25.4358,81.8463,55+,solo,shoestring,1,2024-11-13
u0007470,family-holiday,Tamil Nadu,south,10.2381,77.4892,55+,friends,moderate,5,2025-09-30
u0007471,pilgrim,Karnataka,south,13.3161,75.772,45-54,couple,shoestring,1,2024-05-11
u0007472,beach-and-slow,Arunachal Pradesh,northeast,27.586,91.859,18-24,family,shoestring,3,2025-02-02
u0007473,mountain-walker,Himachal Pradesh,north,32.219,76.3234,18-24,solo,moderate,1,2025-02-20
u0007474,family-holiday,Tamil Nadu,south,10.787,79.1378,18-24,solo,comfortable,5,2024-04-23
u0007475,heritage-seeker,Karnataka,south,12.3375,75.8069,18-24,friends,moderate,2,2024-01-11
u0007476,pilgrim,Kerala,south,10.0889,77.0595,35-44,solo,premium,1,2025-03-17
u0007477,pilgrim,West Bengal,east,27.06,88.47,25-34,solo,premium,1,2025-09-14
u0007478,family-holiday,Goa,west,15.4909,73.8278,25-34,family,shoestring,2,2025-01-02
u0007479,weekend-escaper,Tamil Nadu,south,11.0168,76.9558,35-44,couple,moderate,1,2024-05-21
u0007480,heritage-seeker,Gujarat,west,22.2394,68.9678,45-54,friends,shoestring,1,2025-05-12
u0007481,mountain-walker,Maharashtra,west,19.9975,73.7898,18-24,friends,premium,1,2025-04-15
u0007482,mountain-walker,Gujarat,west,22.3072,73.1812,55+,couple,comfortable,1,2025-03-28
u0007483,mountain-walker,Uttarakhand,north,27.4924,77.6737,45-54,couple,shoestring,10,2025-03-16
u0007484,mountain-walker,Karnataka,south,13.3409,74.7421,55+,couple,comfortable,3,2025-02-06
u0007485,weekend-escaper,Tamil Nadu,south,10.7905,78.7047,55+,couple,moderate,1,2024-01-26
u0007486,heritage-seeker,Tamil Nadu,south,11.3494,76.7956,55+,family,moderate,3,2024-09-05
u0007487,pilgrim,Karnataka,south,12.9141,74.856,45-54,couple,moderate,2,2024-07-30
u0007488,family-holiday,Manipur,northeast,24.817,93.9368,35-44,couple,premium,1,2024-03-17
u0007489,heritage-seeker,Tamil Nadu,south,12.6269,80.1927,45-54,friends,shoestring,1,2024-05-08
u0007490,mountain-walker,Jharkhand,east,23.3441,85.3096,25-34,solo,comfortable,1,2024-01-16
u0007491,heritage-seeker,Uttarakhand,north,27.4924,77.6737,18-24,couple,comfortable,3,2025-07-12
u0007492,beach-and-slow,Karnataka,south,12.9716,77.5946,25-34,solo,comfortable,1,2024-11-29
u0007493,family-holiday,Gujarat,west,22.2394,68.9678,45-54,solo,comfortable,2,2024-02-10
u0007494,food-first,Andhra Pradesh,south,16.5062,80.648,35-44,family,shoestring,3,2024-03-22
u0007495,pilgrim,Punjab,north,31.634,74.8723,35-44,couple,moderate,1,2025-03-23
u0007496,food-first,Uttar Pradesh,central,26.7922,82.1998,55+,solo,moderate,1,2024-12-07
u0007497,heritage-seeker,Jharkhand,east,23.3441,85.3096,45-54,couple,shoestring,1,2025-04-10
u0007498,heritage-seeker,Madhya Pradesh,central,23.1815,79.9864,25-34,friends,comfortable,4,2025-08-08
u0007499,food-first,Maharashtra,west,21.1458,79.0882,55+,friends,comfortable,13,2024-11-12
u0007500,beach-and-slow,Tamil Nadu,south,12.6269,80.1927,25-34,couple,comfortable,1,2024-08-06
u0007501,pilgrim,Odisha,east,19.8876,86.0945,18-24,family,shoestring,1,2024-05-13
u0007502,mountain-walker,Uttarakhand,north,29.3803,79.4636,55+,friends,moderate,1,2024-08-02
u0007503,beach-and-slow,Maharashtra,west,19.8762,75.3433,55+,couple,shoestring,1,2024-09-04
u0007504,family-holiday,Manipur,northeast,24.817,93.9368,45-54,couple,shoestring,1,2024-06-26
u0007505,heritage-seeker,Bihar,east,25.1367,85.4438,35-44,solo,premium,1,2025-01-23
u0007506,beach-and-slow,Uttar Pradesh,central,25.3176,82.9739,25-34,family,moderate,1,2024-02-24
u0007507,weekend-escaper,Maharashtra,west,19.7645,74.4762,25-34,couple,moderate,1,2024-05-07
u0007508,family-holiday,Gujarat,west,22.2394,68.9678,18-24,couple,shoestring,1,2024-12-09
u0007509,heritage-seeker,Madhya Pradesh,central,23.2599,77.4126,35-44,friends,premium,11,2024-06-26
u0007510,food-first,Kerala,south,8.5241,76.9366,55+,couple,shoestring,4,2025-09-05
u0007511,mountain-walker,Kerala,south,9.9312,76.2673,25-34,family,moderate,4,2025-03-12
u0007512,mountain-walker,Kerala,south,10.0889,77.0595,45-54,friends,comfortable,1,2025-08-04
u0007513,heritage-seeker,Karnataka,south,13.3161,75.772,25-34,solo,comfortable,1,2025-05-15
u0007514,family-holiday,Rajasthan,north,24.8887,74.6269,25-34,friends,shoestring,1,2024-02-04
u0007515,pilgrim,Odisha,east,20.2961,85.8245,25-34,solo,premium,1,2025-04-26
u0007516,beach-and-slow,Rajasthan,north,24.5926,72.7156,35-44,friends,comfortable,1,2024-07-16
u0007517,family-holiday,West Bengal,east,26.7271,88.3953,25-34,solo,shoestring,1,2025-05-25
u0007518,mountain-walker,Odisha,east,19.8135,85.8312,18-24,family,comfortable,1,2025-02-17
u0007519,family-holiday,Uttar Pradesh,central,26.7922,82.1998,55+,family,shoestring,2,2025-05-16
u0007520,weekend-escaper,Ladakh,north,34.1526,77.5771,55+,friends,moderate,1,2025-08-10
u0007521,food-first,Maharashtra,west,17.9307,73.6477,35-44,couple,comfortable,2,2024-12-24
u0007522,weekend-escaper,Odisha,east,19.8876,86.0945,45-54,couple,moderate,3,2024-12-22
u0007523,heritage-seeker,Jammu and Kashmir,north,34.0837,74.7973,45-54,family,shoestring,1,2025-04-10
u0007524,heritage-seeker,Tamil Nadu,south,9.9252,78.1198,35-44,family,comfortable,1,2024-09-04
u0007525,food-first,Madhya Pradesh,central,24.8318,79.9199,45-54,friends,premium,12,2025-04-14
u0007526,heritage-seeker,Tamil Nadu,south,10.2381,77.4892,18-24,family,premium,6,2024-01-07
u0007527,family-holiday,Tamil Nadu,south,11.4102,76.695,55+,family,comfortable,2,2024-02-09
u0007528,weekend-escaper,West Bengal,east,22.5726,88.3639,55+,family,comfortable,1,2024-06-26
u0007529,heritage-seeker,Goa,west,15.4909,73.8278,45-54,couple,comfortable,1,2025-09-21
u0007530,family-holiday,Rajasthan,north,26.4899,74.5511,25-34,friends,moderate,1,2025-04-16
u0007531,heritage-seeker,Goa,west,15.4909,73.8278,45-54,solo,moderate,1,2024-11-18
u0007532,beach-and-slow,Puducherry,south,11.9416,79.8083,18-24,couple,shoestring,1,2024-09-02
u0007533,beach-and-slow,Uttar Pradesh,central,25.3176,82.9739,35-44,family,premium,1,2024-12-27
u0007534,beach-and-slow,Rajasthan,north,26.4899,74.5511,55+,couple,shoestring,2,2024-09-14
u0007535,heritage-seeker,Andhra Pradesh,south,17.6868,83.2185,55+,family,moderate,1,2025-06-28
u0007536,heritage-seeker,Maharashtra,west,18.5204,73.8567,25-34,family,moderate,3,2024-10-02
u0007537,mountain-walker,Kerala,south,9.5916,77.1603,45-54,family,moderate,5,2024-11-08
u0007538,pilgrim,Karnataka,south,13.3409,74.7421,35-44,family,premium,1,2025-09-27
u0007539,pilgrim,Gujarat,west,22.2394,68.9678,18-24,solo,shoestring,3,2024-09-05
u0007540,pilgrim,Tamil Nadu,south,13.0827,80.2707,25-34,couple,comfortable,1,2024-09-18
u0007541,heritage-seeker,Rajasthan,north,24.5854,73.7125,25-34,solo,shoestring,9,2025-01-03
u0007542,weekend-escaper,Gujarat,west,23.2156,72.6369,55+,couple,moderate,2,2024-09-27
u0007543,mountain-walker,Jammu and Kashmir,north,32.7266,74.857,45-54,family,moderate,7,2024-09-21
u0007544,family-holiday,Goa,west,15.2993,74.124,18-24,couple,moderate,1,2025-09-20
u0007545,heritage-seeker,Kerala,south,8.7379,76.7163,25-34,friends,shoestring,4,2024-01-19
u0007546,heritage-seeker,Goa,west,15.2993,74.124,25-34,couple,moderate,5,2025-06-13
u0007547,weekend-escaper,West Bengal,east,27.041,88.2663,55+,couple,moderate,3,2024-05-26
u0007548,mountain-walker,Karnataka,south,15.918,75.685,35-44,family,comfortable,1,2025-05-16
u0007549,family-holiday,Maharashtra,west,19.076,72.8777,35-44,friends,moderate,2,2024-10-08
u0007550,food-first,Uttarakhand,north,30.3165,78.0322,55+,couple,moderate,4,2024-07-23
u0007551,beach-and-slow,Assam,northeast,26.1445,91.7362,55+,solo,premium,1,2024-06-26
u0007552,mountain-walker,Mizoram,northeast,23.7271,92.7176,55+,couple,comfortable,4,2024-10-02
u0007553,food-first,Tamil Nadu,south,11.3494,76.7956,25-34,couple,moderate,1,2024-03-27
u0007554,heritage-seeker,Rajasthan,north,26.4499,74.6399,45-54,couple,premium,1,2025-04-29
u0007555,family-holiday,Madhya Pradesh,central,23.1815,79.9864,35-44,couple,comfortable,1,2024-07-07
u0007556,family-holiday,Telangana,south,17.385,78.4867,35-44,family,moderate,1,2025-06-28
u0007557,beach-and-slow,Karnataka,south,12.9716,77.5946,25-34,solo,shoestring,2,2025-06-05
u0007558,mountain-walker,Rajasthan,north,26.4899,74.5511,45-54,couple,comfortable,2,2024-04-08
u0007559,mountain-walker,Goa,west,15.2993,74.124,55+,solo,shoestring,1,2024-10-27
u0007560,beach-and-slow,Assam,northeast,26.95,94.17,18-24,solo,comfortable,2,2024-04-30
u0007561,pilgrim,Tamil Nadu,south,11.3494,76.7956,25-34,solo,moderate,1,2025-08-12
u0007562,food-first,Bihar,east,25.5941,85.1376,35-44,family,comfortable,2,2024-05-09
u0007563,beach-and-slow,Sikkim,northeast,27.3314,88.6138,25-34,family,moderate,1,2024-03-22
u0007564,family-holiday,Maharashtra,west,17.9307,73.6477,18-24,couple,comfortable,1,2025-04-25
u0007565,weekend-escaper,Uttar Pradesh,central,27.5806,77.7006,25-34,friends,moderate,1,2025-02-17
u0007566,family-holiday,Himachal Pradesh,north,32.2464,78.0349,45-54,friends,moderate,1,2024-10-08
u0007567,beach-and-slow,Andhra Pradesh,south,16.5062,80.648,35-44,couple,moderate,1,2024-06-28
u0007568,beach-and-slow,Assam,northeast,26.95,94.17,18-24,solo,moderate,1,2024-03-08
u0007569,food-first,Uttar Pradesh,central,25.4358,81.8463,35-44,couple,shoestring,2,2025-03-25
u0007570,family-holiday,Madhya Pradesh,central,23.1815,79.9864,45-54,friends,moderate,1,2025-05-06
u0007571,beach-and-slow,Kerala,south,9.9312,76.2673,55+,family,moderate,1,2025-06-18
u0007572,family-holiday,Gujarat,west,21.1702,72.8311,55+,friends,shoestring,1,2025-08-21
u0007573,food-first,Gujarat,west,22.3072,73.1812,18-24,family,shoestring,1,2024-02-25
u0007574,mountain-walker,Kerala,south,10.0889,77.0595,25-34,couple,comfortable,1,2024-03-06
u0007575,food-first,Uttar Pradesh,central,27.1767,78.0081,55+,couple,shoestring,2,2025-01-02
u0007576,heritage-seeker,Maharashtra,west,17.9307,73.6477,25-34,friends,moderate,3,2025-08-03
u0007577,family-holiday,Rajasthan,north,24.5926,72.7156,55+,solo,moderate,2,2024-10-06
u0007578,family-holiday,Himachal Pradesh,north,32.5387,75.9707,25-34,solo,moderate,7,2024-04-22
u0007579,heritage-seeker,Madhya Pradesh,central,23.4794,77.7392,25-34,couple,shoestring,1,2025-03-01
u0007580,food-first,Rajasthan,north,28.0229,73.3119,25-34,family,premium,2,2024-02-10
u0007581,family-holiday,Maharashtra,west,19.7645,74.4762,45-54,friends,premium,2,2024-06-15
u0007582,heritage-seeker,Tamil Nadu,south,12.6269,80.1927,18-24,couple,comfortable,50,2024-04-09
u0007583,family-holiday,Jharkhand,east,23.3441,85.3096,55+,friends,shoestring,1,2025-01-12
u0007584,family-holiday,Gujarat,west,23.7333,69.8597,45-54,family,comfortable,1,2024-11-05
u0007585,heritage-seeker,Uttarakhand,north,27.4924,77.6737,25-34,solo,shoestring,1,2025-06-18
u0007586,heritage-seeker,Arunachal Pradesh,northeast,27.586,91.859,25-34,family,moderate,1,2025-01-30
u0007587,beach-and-slow,Uttarakhand,north,29.9457,78.1642,18-24,solo,comfortable,1,2024-07-13
u0007588,heritage-seeker,Bihar,east,25.5941,85.1376,45-54,friends,moderate,2,2025-07-24
u0007589,weekend-escaper,West Bengal,east,22.5726,88.3639,18-24,friends,comfortable,2,2024-04-24
u0007590,weekend-escaper,Assam,northeast,26.5775,93.1711,25-34,couple,moderate,2,2024-08-28
u0007591,heritage-seeker,Karnataka,south,13.3409,74.7421,35-44,family,comfortable,1,2024-01-25
u0007592,mountain-walker,Goa,west,15.2993,74.124,45-54,family,moderate,3,2024-11-25
u0007593,heritage-seeker,Uttar Pradesh,central,26.7922,82.1998,18-24,family,shoestring,3,2025-07-06
u0007594,heritage-seeker,Gujarat,west,22.2394,68.9678,35-44,friends,comfortable,1,2024-07-03
u0007595,food-first,Karnataka,south,12.9716,77.5946,18-24,solo,premium,3,2025-08-24
u0007596,heritage-seeker,Himachal Pradesh,north,32.5387,75.9707,35-44,solo,premium,1,2025-04-16
u0007597,weekend-escaper,Assam,northeast,26.5775,93.1711,25-34,couple,premium,1,2024-07-25
u0007598,weekend-escaper,Assam,northeast,26.95,94.17,55+,couple,comfortable,1,2025-08-18
u0007599,food-first,Madhya Pradesh,central,23.2599,77.4126,35-44,solo,moderate,1,2024-11-07
u0007600,beach-and-slow,Himachal Pradesh,north,32.01,77.3152,25-34,solo,shoestring,3,2025-05-21
u0007601,heritage-seeker,Karnataka,south,15.335,76.46,45-54,solo,comfortable,16,2025-04-03
u0007602,heritage-seeker,Madhya Pradesh,central,22.7196,75.8577,18-24,solo,comfortable,1,2024-04-10
u0007603,heritage-seeker,Uttarakhand,north,29.53,78.7747,35-44,family,moderate,2,2024-08-27
u0007604,weekend-escaper,West Bengal,east,26.7271,88.3953,45-54,friends,moderate,15,2024-02-07
u0007605,mountain-walker,Assam,northeast,26.1445,91.7362,45-54,couple,comfortable,1,2024-08-08
u0007606,food-first,Karnataka,south,13.3409,74.7421,45-54,couple,premium,3,2024-11-01
u0007607,family-holiday,Maharashtra,west,19.8762,75.3433,45-54,couple,comfortable,1,2024-03-28
u0007608,mountain-walker,Uttar Pradesh,central,26.7922,82.1998,45-54,friends,comfortable,1,2024-07-24
u0007609,family-holiday,Kerala,south,8.5241,76.9366,55+,couple,moderate,1,2025-08-03
u0007610,family-holiday,Madhya Pradesh,central,23.4794,77.7392,55+,couple,comfortable,1,2024-09-18
u0007611,family-holiday,Madhya Pradesh,central,22.7196,75.8577,45-54,family,comfortable,1,2025-04-15
u0007612,pilgrim,Goa,west,15.2993,74.124,18-24,friends,moderate,2,2025-01-02
u0007613,mountain-walker,Gujarat,west,22.3072,73.1812,25-34,friends,premium,2,2024-11-21
u0007614,weekend-escaper,Mizoram,northeast,23.7271,92.7176,45-54,friends,moderate,1,2025-03-12
u0007615,heritage-seeker,Uttarakhand,north,30.0869,78.2676,18-24,couple,moderate,2,2024-02-29
u0007616,heritage-seeker,Arunachal Pradesh,northeast,27.0844,93.6053,45-54,couple,shoestring,1,2024-09-22
u0007617,food-first,Madhya Pradesh,central,26.2183,78.1828,18-24,family,moderate,4,2024-11-02
u0007618,beach-and-slow,Uttarakhand,north,29.53,78.7747,25-34,family,moderate,1,2024-02-02
u0007619,heritage-seeker,Uttar Pradesh,central,26.8467,80.9462,25-34,family,moderate,3,2025-04-22
u0007620,weekend-escaper,Madhya Pradesh,central,25.3518,78.6417,35-44,family,premium,1,2025-08-22
u0007621,food-first,Uttar Pradesh,central,26.8467,80.9462,55+,family,moderate,2,2025-06-01
u0007622,weekend-escaper,Chandigarh,north,30.7333,76.7794,45-54,family,moderate,1,2025-05-26
u0007623,heritage-seeker,Tripura,northeast,23.8315,91.2868,25-34,solo,moderate,3,2024-06-25
u0007624,beach-and-slow,West Bengal,east,27.06,88.47,18-24,solo,moderate,4,2025-03-30
u0007625,heritage-seeker,Ladakh,north,34.6868,77.5619,55+,solo,comfortable,1,2025-09-27
u0007626,beach-and-slow,Madhya Pradesh,central,23.1815,79.9864,35-44,couple,moderate,1,2024-10-08
u0007627,beach-and-slow,Karnataka,south,15.2689,76.3909,18-24,family,premium,2,2024-07-26
u0007628,heritage-seeker,Kerala,south,9.9312,76.2673,45-54,family,moderate,1,2024-08-04
u0007629,food-first,Himachal Pradesh,north,32.2432,77.1892,45-54,couple,moderate,1,2025-01-05
u0007630,heritage-seeker,Uttar Pradesh,central,26.4499,80.3319,18-24,solo,comfortable,1,2024-08-31
u0007631,heritage-seeker,Rajasthan,north,24.5854,73.7125,35-44,solo,comfortable,1,2025-09-02
u0007632,pilgrim,Chhattisgarh,central,21.2514,81.6296,45-54,solo,shoestring,1,2024-12-06
u0007633,family-holiday,Bihar,east,25.1367,85.4438,45-54,couple,comfortable,1,2024-03-22
u0007634,beach-and-slow,Himachal Pradesh,north,32.219,76.3234,18-24,friends,comfortable,3,2025-01-09
u0007635,mountain-walker,Himachal Pradesh,north,31.1048,77.1734,45-54,friends,comfortable,2,2024-11-18
u0007636,beach-and-slow,Tamil Nadu,south,10.787,79.1378,18-24,family,moderate,1,2025-01-14
u0007637,food-first,Kerala,south,9.9312,76.2673,35-44,solo,comfortable,2,2025-03-20
u0007638,heritage-seeker,Himachal Pradesh,north,32.2432,77.1892,45-54,friends,shoestring,1,2025-06-28
u0007639,beach-and-slow,Uttarakhand,north,30.529,79.5666,35-44,couple,comfortable,1,2025-01-15
u0007640,weekend-escaper,Assam,northeast,26.95,94.17,35-44,friends,moderate,3,2025-05-02
u0007641,heritage-seeker,Uttar Pradesh,central,27.5806,77.7006,25-34,family,moderate,7,2025-02-25
u0007642,food-first,West Bengal,east,22.5726,88.3639,25-34,couple,moderate,134,2024-04-16
u0007643,beach-and-slow,Maharashtra,west,19.7645,74.4762,55+,friends,comfortable,1,2024-05-16
u0007644,family-holiday,Madhya Pradesh,central,25.3518,78.6417,45-54,family,moderate,2,2024-03-23
u0007645,family-holiday,Maharashtra,west,19.7645,74.4762,35-44,family,moderate,1,2025-05-01
u0007646,mountain-walker,Uttarakhand,north,30.529,79.5666,25-34,couple,moderate,3,2025-07-20
u0007647,weekend-escaper,Madhya Pradesh,central,23.2599,77.4126,35-44,couple,shoestring,2,2024-12-15
u0007648,heritage-seeker,Meghalaya,northeast,25.5788,91.8933,18-24,family,moderate,2,2025-05-06
u0007649,beach-and-slow,Gujarat,west,22.2394,68.9678,35-44,solo,comfortable,1,2024-01-29
u0007650,family-holiday,Andaman and Nicobar Islands,south,11.6234,92.7265,25-34,couple,shoestring,1,2024-02-10
u0007651,family-holiday,Rajasthan,north,26.838,70.9,25-34,family,moderate,7,2024-08-15
u0007652,heritage-seeker,Chandigarh,north,30.7333,76.7794,45-54,solo,comfortable,2,2025-08-18
u0007653,mountain-walker,Uttarakhand,north,27.4924,77.6737,35-44,couple,premium,6,2024-04-06
u0007654,pilgrim,Maharashtra,west,19.8762,75.3433,18-24,solo,comfortable,1,2024-06-22
u0007655,mountain-walker,Rajasthan,north,26.4899,74.5511,45-54,couple,shoestring,2,2024-01-26
u0007656,heritage-seeker,West Bengal,east,27.06,88.47,25-34,couple,comfortable,1,2024-06-30
u0007657,heritage-seeker,Meghalaya,northeast,25.27,91.732,35-44,solo,comfortable,2,2025-07-31
u0007658,mountain-walker,Rajasthan,north,24.5926,72.7156,18-24,family,shoestring,1,2024-10-30
u0007659,family-holiday,Tamil Nadu,south,10.787,79.1378,55+,family,premium,4,2024-03-13
u0007660,food-first,Maharashtra,west,18.6414,72.8722,45-54,couple,premium,5,2025-07-22
u0007661,family-holiday,Karnataka,south,12.9141,74.856,35-44,couple,comfortable,6,2024-05-05
u0007662,heritage-seeker,Gujarat,west,23.7333,69.8597,45-54,family,moderate,1,2024-12-25
u0007663,weekend-escaper,Maharashtra,west,18.7546,73.4062,35-44,friends,comfortable,4,2024-06-12
u0007664,heritage-seeker,Goa,west,15.2993,74.124,45-54,couple,shoestring,1,2024-03-20
u0007665,mountain-walker,Jammu and Kashmir,north,34.0837,74.7973,18-24,couple,premium,1,2024-03-26
u0007666,pilgrim,Uttar Pradesh,central,27.5806,77.7006,25-34,friends,moderate,1,2024-06-05
u0007667,food-first,Uttarakhand,north,30.4598,78.0644,45-54,friends,shoestring,1,2025-01-08
u0007668,family-holiday,Uttar Pradesh,central,25.4358,81.8463,45-54,family,comfortable,1,2025-03-28
u0007669,food-first,Delhi,north,28.6139,77.209,25-34,family,comfortable,1,2025-06-19
u0007670,heritage-seeker,Andhra Pradesh,south,17.6868,83.2185,45-54,friends,shoestring,2,2024-04-04
u0007671,weekend-escaper,Maharashtra,west,19.076,72.8777,45-54,friends,comfortable,2,2024-09-26
u0007672,beach-and-slow,Sikkim,northeast,27.3,88.24,55+,solo,moderate,1,2024-12-05
u0007673,pilgrim,Tamil Nadu,south,10.7905,78.7047,35-44,couple,premium,1,2024-05-12
u0007674,family-holiday,Uttar Pradesh,central,25.4358,81.8463,25-34,couple,premium,1,2024-02-14
u0007675,family-holiday,Puducherry,south,11.9416,79.8083,35-44,family,comfortable,14,2025-07-28
u0007676,mountain-walker,Uttarakhand,north,29.53,78.7747,55+,couple,moderate,2,2025-08-15
u0007677,heritage-seeker,Himachal Pradesh,north,32.2464,78.0349,18-24,family,comfortable,1,2025-03-28
u0007678,heritage-seeker,Manipur,northeast,24.817,93.9368,18-24,friends,shoestring,1,2024-10-10
u0007679,beach-and-slow,Sikkim,northeast,27.3,88.24,25-34,couple,moderate,1,2025-08-12
u0007680,family-holiday,Chhattisgarh,central,21.2514,81.6296,45-54,solo,premium,2,2025-04-27
u0007681,family-holiday,Goa,west,15.2993,74.124,18-24,family,moderate,4,2024-12-28
u0007682,heritage-seeker,Gujarat,west,21.1702,72.8311,45-54,solo,comfortable,1,2025-04-03
u0007683,pilgrim,Uttarakhand,north,29.3803,79.4636,18-24,family,shoestring,1,2025-09-15
u0007684,heritage-seeker,Uttarakhand,north,30.529,79.5666,25-34,couple,moderate,344,2024-10-17
u0007685,heritage-seeker,Tamil Nadu,south,11.4102,76.695,55+,solo,shoestring,2,2025-03-13
u0007686,heritage-seeker,Tamil Nadu,south,11.3494,76.7956,25-34,couple,shoestring,2,2025-02-08
u0007687,mountain-walker,Rajasthan,north,26.4499,74.6399,25-34,friends,premium,2,2024-09-21
u0007688,weekend-escaper,Uttarakhand,north,27.4924,77.6737,45-54,couple,shoestring,1,2024-09-04
u0007689,family-holiday,Odisha,east,19.8135,85.8312,45-54,family,comfortable,3,2024-12-17
u0007690,pilgrim,West Bengal,east,27.041,88.2663,35-44,family,moderate,2,2025-09-02
u0007691,heritage-seeker,Rajasthan,north,24.8887,74.6269,35-44,couple,moderate,2,2024-08-11
u0007692,food-first,Gujarat,west,22.3072,73.1812,55+,solo,comfortable,6,2024-06-23
u0007693,food-first,Arunachal Pradesh,northeast,27.0844,93.6053,35-44,family,shoestring,2,2025-05-30
u0007694,family-holiday,Andaman and Nicobar Islands,south,11.6234,92.7265,25-34,solo,moderate,1,2025-07-11
u0007695,food-first,Madhya Pradesh,central,25.3518,78.6417,18-24,friends,moderate,1,2024-09-14
u0007696,food-first,West Bengal,east,27.06,88.47,18-24,couple,moderate,2,2024-03-03
u0007697,food-first,Kerala,south,9.4981,76.3388,35-44,couple,premium,1,2024-01-09
u0007698,family-holiday,Tamil Nadu,south,11.0168,76.9558,18-24,solo,moderate,3,2025-02-12
u0007699,pilgrim,Rajasthan,north,26.838,70.9,25-34,family,shoestring,1,2025-05-15
u0007700,mountain-walker,Tamil Nadu,south,10.2381,77.4892,35-44,couple,moderate,3,2024-10-14
u0007701,weekend-escaper,Uttar Pradesh,central,26.8467,80.9462,55+,family,moderate,3,2025-09-27
u0007702,mountain-walker,Bihar,east,24.6961,84.9911,55+,solo,comfortable,1,2025-08-13
u0007703,mountain-walker,Chandigarh,north,30.7333,76.7794,25-34,solo,moderate,1,2025-09-21
u0007704,pilgrim,Rajasthan,north,24.8887,74.6269,55+,friends,moderate,20,2025-06-14
u0007705,heritage-seeker,Karnataka,south,13.3409,74.7421,25-34,solo,shoestring,1,2025-05-25
u0007706,food-first,Kerala,south,9.9312,76.2673,35-44,family,moderate,4,2025-05-25
u0007707,family-holiday,Tamil Nadu,south,10.787,79.1378,25-34,friends,comfortable,1,2024-01-19
u0007708,heritage-seeker,Maharashtra,west,18.7546,73.4062,25-34,family,premium,1,2024-08-24
u0007709,food-first,West Bengal,east,26.7271,88.3953,18-24,family,shoestring,1,2024-12-23
u0007710,heritage-seeker,Rajasthan,north,26.4499,74.6399,45-54,friends,premium,1,2024-07-07
u0007711,heritage-seeker,Assam,northeast,26.95,94.17,18-24,friends,moderate,1,2025-03-15
u0007712,food-first,Maharashtra,west,19.8762,75.3433,18-24,solo,shoestring,41,2024-08-04
u0007713,weekend-escaper,West Bengal,east,27.041,88.2663,18-24,couple,shoestring,1,2025-01-29
u0007714,heritage-seeker,Ladakh,north,34.6868,77.5619,45-54,family,shoestring,6,2024-07-04
u0007715,family-holiday,Uttarakhand,north,30.529,79.5666,35-44,couple,moderate,1,2024-07-07
u0007716,weekend-escaper,Maharashtra,west,18.5204,73.8567,18-24,friends,moderate,3,2024-12-25
u0007717,heritage-seeker,Andhra Pradesh,south,17.6868,83.2185,45-54,couple,moderate,1,2025-03-24
u0007718,weekend-escaper,Madhya Pradesh,central,23.1765,75.7885,55+,solo,moderate,1,2024-09-20
u0007719,heritage-seeker,West Bengal,east,21.627,87.509,55+,family,comfortable,10,2024-04-09
u0007720,weekend-escaper,Kerala,south,8.4004,76.9784,18-24,friends,moderate,1,2025-06-10
u0007721,pilgrim,Chhattisgarh,central,21.2514,81.6296,35-44,family,moderate,1,2024-09-26
u0007722,mountain-walker,Himachal Pradesh,north,31.1048,77.1734,45-54,solo,comfortable,2,2024-03-09
u0007723,weekend-escaper,West Bengal,east,27.041,88.2663,35-44,family,shoestring,2,2024-01-15
u0007724,pilgrim,Madhya Pradesh,central,25.3518,78.6417,55+,couple,moderate,5,2024-03-31
u0007725,heritage-seeker,Gujarat,west,23.7333,69.8597,18-24,family,comfortable,1,2024-12-27
u0007726,heritage-seeker,Andaman and Nicobar Islands,south,11.6234,92.7265,18-24,family,moderate,1,2025-05-30
u0007727,mountain-walker,Maharashtra,west,19.8762,75.3433,35-44,couple,shoestring,1,2025-03-28
u0007728,food-first,Maharashtra,west,18.6414,72.8722,18-24,solo,shoestring,1,2024-12-07
u0007729,weekend-escaper,Himachal Pradesh,north,32.2464,78.0349,18-24,solo,moderate,2,2024-12-14
u0007730,beach-and-slow,Rajasthan,north,26.838,70.9,45-54,solo,comfortable,3,2024-08-03
u0007731,family-holiday,Karnataka,south,13.3161,75.772,55+,couple,comfortable,1,2024-10-25
u0007732,beach-and-slow,Rajasthan,north,24.5854,73.7125,18-24,family,premium,10,2024-09-16
u0007733,food-first,Karnataka,south,14.5479,74.3188,35-44,solo,shoestring,3,2025-04-30
u0007734,weekend-escaper,Karnataka,south,15.2689,76.3909,35-44,solo,moderate,5,2024-12-13
u0007735,beach-and-slow,Himachal Pradesh,north,32.2432,77.1892,25-34,family,comfortable,3,2024-05-14
u0007736,weekend-escaper,Madhya Pradesh,central,24.8318,79.9199,25-34,family,comfortable,3,2025-08-18
u0007737,food-first,Kerala,south,9.5916,77.1603,45-54,solo,shoestring,1,2025-01-01
u0007738,pilgrim,Karnataka,south,12.3375,75.8069,45-54,solo,moderate,1,2024-08-07
u0007739,family-holiday,Kerala,south,11.6854,76.132,55+,solo,comfortable,1,2024-02-17
u0007740,mountain-walker,Rajasthan,north,26.4499,74.6399,25-34,couple,premium,1,2024-11-15
u0007741,heritage-seeker,Uttarakhand,north,29.9457,78.1642,35-44,solo,moderate,1,2024-02-22
u0007742,food-first,Madhya Pradesh,central,22.7196,75.8577,55+,family,moderate,1,2024-11-20
u0007743,food-first,Andhra Pradesh,south,16.5062,80.648,45-54,couple,comfortable,3,2025-01-19
u0007744,family-holiday,Uttarakhand,north,27.4924,77.6737,18-24,family,shoestring,101,2024-01-15
u0007745,beach-and-slow,Rajasthan,north,24.5926,72.7156,18-24,couple,moderate,5,2024-08-12
u0007746,weekend-escaper,Himachal Pradesh,north,32.219,76.3234,18-24,solo,moderate,2,2024-07-14
u0007747,pilgrim,Karnataka,south,15.2689,76.3909,45-54,family,moderate,1,2025-05-13
u0007748,pilgrim,Karnataka,south,12.9716,77.5946,35-44,friends,moderate,3,2025-03-19
u0007749,heritage-seeker,Rajasthan,north,26.838,70.9,25-34,couple,moderate,1,2025-09-07
u0007750,weekend-escaper,Gujarat,west,20.888,70.401,18-24,family,comfortable,16,2025-03-17
u0007751,weekend-escaper,Andhra Pradesh,south,13.6288,79.4192,45-54,family,comfortable,1,2025-03-14
u0007752,heritage-seeker,Karnataka,south,15.335,76.46,45-54,family,comfortable,1,2024-08-19
u0007753,beach-and-slow,Karnataka,south,13.3161,75.772,18-24,solo,shoestring,9,2024-08-14
u0007754,heritage-seeker,Kerala,south,8.5241,76.9366,25-34,family,shoestring,1,2024-10-10
u0007755,heritage-seeker,Madhya Pradesh,central,22.7196,75.8577,55+,family,moderate,1,2024-05-07
u0007756,family-holiday,Rajasthan,north,26.2389,73.0243,25-34,solo,shoestring,1,2024-04-23
u0007757,food-first,Mizoram,northeast,23.7271,92.7176,45-54,couple,shoestring,6,2025-09-18
u0007758,mountain-walker,Uttarakhand,north,30.4598,78.0644,55+,couple,shoestring,2,2024-06-23
u0007759,beach-and-slow,Punjab,north,31.634,74.8723,18-24,family,moderate,2,2025-07-27
u0007760,family-holiday,Himachal Pradesh,north,32.5387,75.9707,55+,couple,comfortable,1,2025-09-23
u0007761,beach-and-slow,Karnataka,south,12.9716,77.5946,18-24,family,comfortable,1,2025-08-22
u0007762,beach-and-slow,Rajasthan,north,26.4899,74.5511,45-54,friends,comfortable,1,2024-01-14
u0007763,mountain-walker,Uttarakhand,north,30.529,79.5666,55+,family,moderate,1,2024-07-28
u0007764,mountain-walker,Tripura,northeast,23.8315,91.2868,25-34,friends,comfortable,1,2024-10-16
u0007765,mountain-walker,Tamil Nadu,south,13.0827,80.2707,45-54,solo,shoestring,3,2025-06-24
u0007766,beach-and-slow,Gujarat,west,23.7333,69.8597,55+,solo,comfortable,1,2025-02-20
u0007767,family-holiday,Punjab,north,31.634,74.8723,18-24,family,moderate,1,2025-05-01
u0007768,weekend-escaper,Kerala,south,9.4981,76.3388,35-44,couple,moderate,1,2024-02-29
u0007769,weekend-escaper,Rajasthan,north,25.4305,75.6499,25-34,solo,moderate,1,2025-04-14
u0007770,weekend-escaper,Maharashtra,west,18.7546,73.4062,25-34,couple,premium,1,2024-05-04
u0007771,family-holiday,Madhya Pradesh,central,24.8318,79.9199,18-24,couple,moderate,1,2024-02-23
u0007772,heritage-seeker,Tamil Nadu,south,10.7905,78.7047,55+,solo,shoestring,1,2024-10-24
u0007773,weekend-escaper,Tamil Nadu,south,11.4102,76.695,45-54,family,moderate,2,2024-04-26
u0007774,beach-and-slow,Uttarakhand,north,30.4598,78.0644,18-24,family,comfortable,1,2025-06-18
u0007775,pilgrim,West Bengal,east,22.5726,88.3639,18-24,family,moderate,1,2024-06-05
u0007776,mountain-walker,Himachal Pradesh,north,32.5387,75.9707,35-44,family,premium,1,2024-03-27
u0007777,pilgrim,Uttar Pradesh,central,26.7922,82.1998,45-54,couple,shoestring,1,2024-02-16
u0007778,beach-and-slow,Rajasthan,north,26.4899,74.5511,55+,family,comfortable,1,2024-12-01
u0007779,family-holiday,Uttar Pradesh,central,25.3176,82.9739,18-24,friends,comfortable,1,2025-09-17
u0007780,mountain-walker,West Bengal,east,27.06,88.47,35-44,family,comfortable,1,2024-01-07
u0007781,weekend-escaper,Chandigarh,north,30.7333,76.7794,18-24,solo,shoestring,1,2024-11-13
u0007782,beach-and-slow,Sikkim,northeast,27.3314,88.6138,55+,solo,comfortable,2,2024-07-22
u0007783,heritage-seeker,Tamil Nadu,south,10.2381,77.4892,45-54,couple,moderate,1,2024-01-17
u0007784,pilgrim,Kerala,south,8.4004,76.9784,45-54,friends,shoestring,1,2024-04-29
u0007785,pilgrim,Tamil Nadu,south,8.0883,77.5385,25-34,couple,moderate,2,2024-08-25
u0007786,family-holiday,Maharashtra,west,18.7546,73.4062,25-34,family,premium,3,2025-01-20
u0007787,heritage-seeker,Tamil Nadu,south,10.7905,78.7047,25-34,family,shoestring,4,2025-03-11
u0007788,pilgrim,Assam,northeast,26.5775,93.1711,45-54,solo,comfortable,16,2025-05-21
u0007789,heritage-seeker,Bihar,east,25.1367,85.4438,45-54,couple,comfortable,1,2025-03-10
u0007790,pilgrim,West Bengal,east,27.041,88.2663,45-54,couple,moderate,1,2024-10-12
u0007791,family-holiday,Kerala,south,8.4004,76.9784,55+,solo,comfortable,1,2025-01-13
u0007792,food-first,Himachal Pradesh,north,32.2432,77.1892,55+,family,comfortable,1,2025-08-09
u0007793,pilgrim,Tamil Nadu,south,13.0827,80.2707,45-54,couple,moderate,3,2025-04-22
u0007794,heritage-seeker,Kerala,south,8.7379,76.7163,45-54,solo,shoestring,1,2024-12-22
u0007795,family-holiday,Uttarakhand,north,27.4924,77.6737,18-24,couple,comfortable,6,2024-10-22
u0007796,heritage-seeker,Karnataka,south,14.5479,74.3188,45-54,couple,moderate,7,2024-06-13
u0007797,family-holiday,Maharashtra,west,18.6414,72.8722,55+,family,comfortable,1,2025-09-13
u0007798,heritage-seeker,Gujarat,west,20.888,70.401,25-34,couple,comfortable,1,2025-08-18
u0007799,beach-and-slow,Rajasthan,north,24.5926,72.7156,35-44,couple,moderate,1,2024-08-12
u0007800,family-holiday,Tamil Nadu,south,10.787,79.1378,25-34,solo,moderate,1,2024-06-13
u0007801,weekend-escaper,Kerala,south,11.2588,75.7804,35-44,friends,shoestring,3,2024-12-05
u0007802,mountain-walker,Uttar Pradesh,central,26.7922,82.1998,18-24,couple,shoestring,3,2025-07-20
u0007803,mountain-walker,Goa,west,15.2993,74.124,45-54,couple,shoestring,6,2024-03-04
u0007804,family-holiday,Rajasthan,north,25.4305,75.6499,45-54,solo,moderate,1,2025-04-10
u0007805,family-holiday,Uttarakhand,north,30.0869,78.2676,25-34,family,premium,3,2025-01-26
u0007806,family-holiday,Uttar Pradesh,central,26.4499,80.3319,45-54,family,premium,1,2024-07-17
u0007807,beach-and-slow,Karnataka,south,15.335,76.46,18-24,family,comfortable,3,2025-05-31
u0007808,heritage-seeker,Madhya Pradesh,central,22.7196,75.8577,55+,family,moderate,1,2024-06-28
u0007809,food-first,Punjab,north,31.634,74.8723,18-24,friends,comfortable,2,2024-11-23
u0007810,heritage-seeker,West Bengal,east,22.5726,88.3639,25-34,family,shoestring,1,2024-04-14
u0007811,beach-and-slow,Odisha,east,20.2961,85.8245,35-44,couple,moderate,1,2025-07-30
u0007812,heritage-seeker,Karnataka,south,12.9716,77.5946,18-24,couple,moderate,1,2024-01-07
u0007813,mountain-walker,West Bengal,east,27.041,88.2663,55+,friends,shoestring,1,2024-08-19
u0007814,heritage-seeker,Uttarakhand,north,30.4598,78.0644,35-44,friends,comfortable,1,2024-07-20
u0007815,weekend-escaper,Maharashtra,west,19.076,72.8777,45-54,family,comfortable,1,2025-02-04
u0007816,mountain-walker,Chhattisgarh,central,21.2514,81.6296,18-24,solo,shoestring,1,2024-04-28
u0007817,mountain-walker,Tamil Nadu,south,13.0827,80.2707,45-54,couple,shoestring,1,2024-06-22
u0007818,pilgrim,Kerala,south,10.0889,77.0595,35-44,family,moderate,4,2025-08-21
u0007819,food-first,Rajasthan,north,26.4899,74.5511,35-44,friends,moderate,1,2024-05-18
u0007820,family-holiday,Uttar Pradesh,central,25.4358,81.8463,18-24,couple,moderate,1,2025-01-01
u0007821,weekend-escaper,Tamil Nadu,south,12.6269,80.1927,45-54,friends,moderate,2,2024-04-03
u0007822,food-first,Himachal Pradesh,north,32.2464,78.0349,55+,solo,premium,1,2025-08-26
u0007823,heritage-seeker,Kerala,south,8.5241,76.9366,45-54,couple,comfortable,1,2024-05-29
u0007824,family-holiday,Maharashtra,west,18.5204,73.8567,35-44,friends,comfortable,1,2024-12-05
u0007825,heritage-seeker,Karnataka,south,12.9716,77.5946,55+,solo,moderate,2,2025-04-22
u0007826,pilgrim,Uttarakhand,north,29.3803,79.4636,45-54,solo,comfortable,1,2024-11-27
u0007827,beach-and-slow,Tripura,northeast,23.8315,91.2868,18-24,friends,shoestring,1,2025-06-29
u0007828,food-first,Tamil Nadu,south,8.0883,77.5385,55+,solo,comfortable,1,2024-03-16
u0007829,family-holiday,Himachal Pradesh,north,32.01,77.3152,18-24,family,comfortable,1,2024-02-08
u0007830,mountain-walker,Kerala,south,8.7379,76.7163,25-34,solo,comfortable,1,2024-02-16
u0007831,pilgrim,Maharashtra,west,19.076,72.8777,18-24,family,premium,1,2025-03-11
u0007832,beach-and-slow,Uttar Pradesh,central,26.7922,82.1998,55+,family,premium,1,2024-04-09
u0007833,food-first,Maharashtra,west,18.6414,72.8722,18-24,couple,comfortable,65,2024-12-30
u0007834,family-holiday,Goa,west,15.2993,74.124,18-24,family,shoestring,1,2024-03-07
u0007835,mountain-walker,Himachal Pradesh,north,32.2432,77.1892,45-54,family,moderate,4,2024-01-10
u0007836,weekend-escaper,Rajasthan,north,24.5926,72.7156,18-24,couple,shoestring,1,2025-08-30
u0007837,weekend-escaper,Kerala,south,9.9312,76.2673,25-34,solo,comfortable,1,2024-11-25
u0007838,family-holiday,Uttarakhand,north,29.53,78.7747,55+,family,shoestring,13,2024-07-27
u0007839,beach-and-slow,Bihar,east,24.6961,84.9911,45-54,couple,shoestring,1,2024-01-23
u0007840,mountain-walker,Uttarakhand,north,30.3165,78.0322,45-54,family,shoestring,1,2024-12-24
u0007841,family-holiday,Madhya Pradesh,central,23.1815,79.9864,55+,couple,premium,1,2025-01-26
u0007842,family-holiday,Jharkhand,east,23.3441,85.3096,45-54,friends,moderate,2,2024-12-25
u0007843,weekend-escaper,Himachal Pradesh,north,32.2432,77.1892,55+,solo,comfortable,1,2024-08-10
u0007844,family-holiday,Gujarat,west,20.888,70.401,45-54,solo,moderate,2,2024-05-07
u0007845,family-holiday,Tamil Nadu,south,13.0827,80.2707,35-44,couple,comfortable,1,2024-04-02
u0007846,weekend-escaper,Tamil Nadu,south,10.7905,78.7047,18-24,friends,shoestring,1,2024-10-23
u0007847,family-holiday,Kerala,south,11.6854,76.132,45-54,family,shoestring,2,2024-01-04
u0007848,food-first,Uttar Pradesh,central,26.7922,82.1998,35-44,couple,comfortable,5,2025-06-15
u0007849,weekend-escaper,Rajasthan,north,26.4499,74.6399,18-24,family,moderate,1,2024-01-15
u0007850,family-holiday,Madhya Pradesh,central,23.2599,77.4126,25-34,friends,moderate,4,2024-02-16
u0007851,heritage-seeker,Mizoram,northeast,23.7271,92.7176,18-24,family,moderate,1,2024-04-16
u0007852,food-first,Nagaland,northeast,25.6751,94.11,55+,solo,comfortable,5,2025-06-15
u0007853,weekend-escaper,Karnataka,south,12.2958,76.6394,35-44,solo,moderate,2,2024-02-21
u0007854,weekend-escaper,Uttar Pradesh,central,25.4358,81.8463,55+,friends,comfortable,3,2024-07-19
u0007855,weekend-escaper,Tamil Nadu,south,13.0827,80.2707,45-54,couple,shoestring,1,2024-08-01
u0007856,heritage-seeker,West Bengal,east,27.06,88.47,25-34,couple,shoestring,12,2024-06-12
u0007857,family-holiday,West Bengal,east,21.627,87.509,55+,family,shoestring,1,2024-05-10
u0007858,beach-and-slow,Telangana,south,17.385,78.4867,25-34,solo,premium,1,2024-08-08
u0007859,heritage-seeker,Karnataka,south,15.918,75.685,35-44,family,comfortable,4,2024-10-30
u0007860,family-holiday,Himachal Pradesh,north,31.1048,77.1734,45-54,couple,moderate,3,2024-06-22
u0007861,heritage-seeker,Nagaland,northeast,25.6751,94.11,45-54,couple,comfortable,1,2025-08-09
u0007862,family-holiday,Karnataka,south,12.2958,76.6394,55+,family,shoestring,1,2025-05-25
u0007863,pilgrim,Kerala,south,11.2588,75.7804,45-54,solo,shoestring,1,2025-04-03
u0007864,heritage-seeker,Madhya Pradesh,central,23.4794,77.7392,35-44,family,comfortable,1,2024-10-26
u0007865,food-first,Himachal Pradesh,north,32.2432,77.1892,25-34,couple,comfortable,1,2025-06-26
u0007866,pilgrim,Uttarakhand,north,27.4924,77.6737,18-24,couple,shoestring,1,2024-08-25
u0007867,mountain-walker,Bihar,east,25.5941,85.1376,45-54,friends,moderate,1,2025-02-18
u0007868,beach-and-slow,Karnataka,south,15.2689,76.3909,18-24,couple,premium,1,2025-08-07
u0007869,weekend-escaper,Madhya Pradesh,central,24.8318,79.9199,55+,family,moderate,2,2024-11-28
u0007870,pilgrim,Jammu and Kashmir,north,34.0837,74.7973,25-34,couple,shoestring,24,2024-02-12
u0007871,mountain-walker,Arunachal Pradesh,northeast,27.586,91.859,55+,family,comfortable,1,2024-07-12
u0007872,family-holiday,Uttar Pradesh,central,26.4499,80.3319,55+,family,premium,7,2024-03-30
u0007873,weekend-escaper,Jammu and Kashmir,north,32.7266,74.857,55+,couple,shoestring,2,2025-04-22
u0007874,beach-and-slow,Bihar,east,24.6961,84.9911,25-34,friends,shoestring,3,2024-03-11
u0007875,heritage-seeker,West Bengal,east,26.7271,88.3953,35-44,couple,shoestring,1,2024-10-05
u0007876,heritage-seeker,Jammu and Kashmir,north,32.7266,74.857,18-24,family,moderate,1,2025-08-24
u0007877,food-first,Madhya Pradesh,central,23.1815,79.9864,45-54,couple,moderate,1,2024-05-07
u0007878,weekend-escaper,Kerala,south,9.5916,77.1603,55+,solo,moderate,3,2024-08-19
u0007879,mountain-walker,Maharashtra,west,19.9975,73.7898,18-24,couple,comfortable,1,2024-06-27
u0007880,pilgrim,Tamil Nadu,south,11.4102,76.695,25-34,friends,shoestring,7,2025-01-31
u0007881,food-first,Karnataka,south,15.918,75.685,18-24,couple,comfortable,1,2025-06-26
u0007882,weekend-escaper,Gujarat,west,20.888,70.401,55+,couple,moderate,2,2024-08-13
u0007883,food-first,West Bengal,east,22.5726,88.3639,25-34,friends,premium,1,2025-07-15
u0007884,beach-and-slow,Uttarakhand,north,29.9457,78.1642,55+,couple,moderate,1,2024-10-19
u0007885,pilgrim,Karnataka,south,13.3161,75.772,25-34,couple,shoestring,1,2024-07-29
u0007886,family-holiday,West Bengal,east,27.041,88.2663,35-44,family,premium,1,2024-01-07
u0007887,heritage-seeker,Goa,west,15.4909,73.8278,35-44,family,moderate,1,2025-05-13
u0007888,heritage-seeker,Chandigarh,north,30.7333,76.7794,18-24,friends,shoestring,3,2025-08-22
u0007889,pilgrim,Uttarakhand,north,30.3165,78.0322,18-24,friends,comfortable,1,2025-09-12
u0007890,weekend-escaper,Rajasthan,north,26.4499,74.6399,45-54,solo,moderate,1,2024-07-01
u0007891,weekend-escaper,Karnataka,south,13.3409,74.7421,18-24,solo,premium,1,2024-03-28
u0007892,food-first,Kerala,south,9.4981,76.3388,45-54,friends,moderate,1,2024-01-19
u0007893,heritage-seeker,Jammu and Kashmir,north,34.0837,74.7973,18-24,family,comfortable,1,2025-03-28
u0007894,weekend-escaper,Rajasthan,north,26.9157,70.9083,45-54,solo,moderate,1,2025-09-17
u0007895,pilgrim,Kerala,south,11.6854,76.132,18-24,family,premium,1,2024-11-19
u0007896,family-holiday,Jharkhand,east,23.3441,85.3096,55+,family,premium,1,2024-07-15
u0007897,heritage-seeker,Madhya Pradesh,central,22.7196,75.8577,35-44,family,premium,1,2025-04-05
u0007898,pilgrim,Rajasthan,north,26.838,70.9,18-24,solo,moderate,10,2025-02-06
u0007899,mountain-walker,Assam,northeast,26.5775,93.1711,55+,couple,shoestring,1,2024-11-22
u0007900,food-first,Chhattisgarh,central,21.2514,81.6296,45-54,couple,moderate,1,2024-10-29
u0007901,pilgrim,Jammu and Kashmir,north,32.7266,74.857,55+,friends,moderate,2,2025-02-15
u0007902,food-first,Assam,northeast,26.5775,93.1711,55+,friends,premium,5,2024-11-18
u0007903,family-holiday,Sikkim,northeast,27.3314,88.6138,45-54,friends,comfortable,2,2025-01-21
u0007904,mountain-walker,Madhya Pradesh,central,23.1765,75.7885,25-34,couple,comfortable,2,2024-07-29
u0007905,mountain-walker,Arunachal Pradesh,northeast,27.0844,93.6053,35-44,friends,shoestring,6,2024-03-10
u0007906,mountain-walker,Gujarat,west,22.2394,68.9678,25-34,friends,moderate,3,2024-04-06
u0007907,pilgrim,Madhya Pradesh,central,24.8318,79.9199,35-44,family,moderate,3,2024-09-20
u0007908,weekend-escaper,Odisha,east,19.8876,86.0945,18-24,family,premium,1,2024-03-17
u0007909,weekend-escaper,Madhya Pradesh,central,26.2183,78.1828,45-54,family,premium,1,2025-09-25
u0007910,food-first,Gujarat,west,22.3072,73.1812,35-44,friends,premium,16,2025-09-22
u0007911,beach-and-slow,Rajasthan,north,26.4499,74.6399,55+,family,moderate,1,2025-07-01
u0007912,beach-and-slow,Sikkim,northeast,27.3314,88.6138,45-54,solo,moderate,2,2024-07-02
u0007913,mountain-walker,Assam,northeast,26.95,94.17,35-44,couple,premium,1,2025-03-19
u0007914,mountain-walker,Uttar Pradesh,central,27.1767,78.0081,55+,solo,shoestring,53,2025-06-25
u0007915,pilgrim,Himachal Pradesh,north,31.1048,77.1734,35-44,family,comfortable,1,2025-03-19
u0007916,mountain-walker,Odisha,east,19.8135,85.8312,45-54,friends,moderate,4,2024-08-15
u0007917,pilgrim,Uttar Pradesh,central,26.8467,80.9462,45-54,couple,shoestring,1,2024-06-02
u0007918,mountain-walker,West Bengal,east,22.5726,88.3639,55+,couple,comfortable,2,2025-02-06
u0007919,family-holiday,Tamil Nadu,south,10.787,79.1378,18-24,couple,comfortable,2,2025-05-05
u0007920,mountain-walker,Himachal Pradesh,north,32.2464,78.0349,25-34,family,moderate,1,2025-08-16
u0007921,mountain-walker,Rajasthan,north,28.0229,73.3119,35-44,solo,moderate,4,2025-06-17
u0007922,family-holiday,Mizoram,northeast,23.7271,92.7176,18-24,solo,moderate,6,2024-12-05
u0007923,family-holiday,Karnataka,south,12.2958,76.6394,25-34,friends,premium,1,2024-02-16
u0007924,heritage-seeker,Uttar Pradesh,central,26.8467,80.9462,35-44,friends,premium,1,2024-10-10
u0007925,beach-and-slow,Tamil Nadu,south,12.6269,80.1927,25-34,solo,premium,1,2024-02-02
u0007926,weekend-escaper,Chandigarh,north,30.7333,76.7794,25-34,friends,shoestring,1,2024-12-31
u0007927,weekend-escaper,Rajasthan,north,24.8887,74.6269,25-34,solo,comfortable,2,2024-03-29
u0007928,heritage-seeker,Madhya Pradesh,central,22.7196,75.8577,45-54,family,comfortable,1,2025-09-13
u0007929,heritage-seeker,Mizoram,northeast,23.7271,92.7176,35-44,family,moderate,1,2024-10-24
u0007930,heritage-seeker,Odisha,east,19.8876,86.0945,18-24,solo,moderate,1,2025-05-07
u0007931,heritage-seeker,Karnataka,south,12.9716,77.5946,25-34,couple,shoestring,1,2025-09-21
u0007932,food-first,Rajasthan,north,26.4899,74.5511,25-34,family,moderate,2,2024-02-25
u0007933,heritage-seeker,Maharashtra,west,18.7546,73.4062,18-24,friends,comfortable,3,2024-09-02
u0007934,family-holiday,Bihar,east,24.6961,84.9911,45-54,couple,shoestring,1,2024-03-12
u0007935,food-first,Rajasthan,north,26.838,70.9,55+,couple,comfortable,1,2024-07-05
u0007936,family-holiday,Meghalaya,northeast,25.5788,91.8933,25-34,family,moderate,1,2024-06-15
u0007937,mountain-walker,Karnataka,south,15.918,75.685,35-44,family,comfortable,2,2024-02-11
u0007938,family-holiday,Sikkim,northeast,27.3,88.24,55+,couple,moderate,3,2024-04-10
u0007939,weekend-escaper,Goa,west,15.2993,74.124,55+,solo,comfortable,1,2025-07-02
u0007940,weekend-escaper,Himachal Pradesh,north,31.1048,77.1734,18-24,family,moderate,1,2024-11-23
u0007941,heritage-seeker,Andhra Pradesh,south,13.6288,79.4192,25-34,solo,shoestring,2,2025-05-31
u0007942,mountain-walker,Gujarat,west,20.888,70.401,55+,friends,moderate,1,2024-05-20
u0007943,heritage-seeker,Rajasthan,north,26.9124,75.7873,45-54,solo,comfortable,6,2025-08-18
u0007944,heritage-seeker,Mizoram,northeast,23.7271,92.7176,45-54,family,moderate,1,2025-06-04
u0007945,pilgrim,Madhya Pradesh,central,23.4794,77.7392,45-54,friends,shoestring,3,2024-05-21
u0007946,mountain-walker,Ladakh,north,34.6868,77.5619,18-24,family,premium,1,2024-08-13
u0007947,food-first,Odisha,east,20.2961,85.8245,55+,friends,shoestring,1,2024-12-26
u0007948,food-first,Telangana,south,17.385,78.4867,45-54,solo,shoestring,2,2024-03-30
u0007949,family-holiday,Kerala,south,9.4981,76.3388,45-54,solo,comfortable,1,2025-06-28
u0007950,mountain-walker,Himachal Pradesh,north,32.01,77.3152,18-24,family,moderate,50,2024-07-17
u0007951,food-first,Madhya Pradesh,central,22.7196,75.8577,45-54,couple,moderate,1,2025-02-28
u0007952,family-holiday,Uttar Pradesh,central,25.3176,82.9739,45-54,couple,shoestring,1,2025-06-07
u0007953,weekend-escaper,Rajasthan,north,24.5926,72.7156,35-44,family,moderate,2,2024-02-21
u0007954,food-first,Andhra Pradesh,south,17.6868,83.2185,55+,solo,premium,1,2025-03-16
u0007955,mountain-walker,Rajasthan,north,26.9124,75.7873,45-54,solo,premium,1,2025-01-21
u0007956,weekend-escaper,Karnataka,south,12.3375,75.8069,55+,couple,moderate,1,2025-04-26
u0007957,weekend-escaper,Nagaland,northeast,25.6751,94.11,55+,couple,premium,1,2025-01-12
u0007958,weekend-escaper,Uttar Pradesh,central,27.1767,78.0081,55+,couple,moderate,1,2024-08-10
u0007959,family-holiday,Jharkhand,east,23.3441,85.3096,45-54,couple,shoestring,1,2024-06-05
u0007960,weekend-escaper,Uttarakhand,north,30.0869,78.2676,55+,solo,comfortable,5,2024-01-05
u0007961,beach-and-slow,Rajasthan,north,24.8887,74.6269,18-24,couple,shoestring,1,2024-12-03
u0007962,pilgrim,Maharashtra,west,18.7546,73.4062,18-24,couple,shoestring,3,2024-09-27
u0007963,weekend-escaper,Karnataka,south,12.9716,77.5946,25-34,couple,moderate,2,2025-07-13
u0007964,food-first,Rajasthan,north,24.5926,72.7156,25-34,solo,shoestring,1,2024-02-05
u0007965,pilgrim,Madhya Pradesh,central,23.2599,77.4126,25-34,solo,moderate,4,2024-02-26
u0007966,pilgrim,Uttarakhand,north,27.4924,77.6737,45-54,couple,premium,3,2024-05-21
u0007967,family-holiday,Chhattisgarh,central,21.2514,81.6296,18-24,couple,moderate,2,2025-01-04
u0007968,weekend-escaper,Kerala,south,9.4981,76.3388,35-44,family,shoestring,2,2024-06-01
u0007969,food-first,Himachal Pradesh,north,31.1048,77.1734,55+,friends,moderate,3,2024-04-08
u0007970,food-first,Gujarat,west,23.7333,69.8597,55+,couple,comfortable,1,2024-05-10
u0007971,pilgrim,Himachal Pradesh,north,32.2464,78.0349,55+,solo,moderate,1,2025-03-03
u0007972,heritage-seeker,Andhra Pradesh,south,16.5062,80.648,55+,solo,comfortable,1,2024-11-01
u0007973,heritage-seeker,Karnataka,south,15.2689,76.3909,35-44,solo,moderate,39,2025-04-07
u0007974,heritage-seeker,Kerala,south,9.5916,77.1603,55+,couple,shoestring,1,2024-06-22
u0007975,mountain-walker,Tamil Nadu,south,13.0827,80.2707,55+,friends,moderate,7,2024-01-27
u0007976,food-first,Rajasthan,north,26.838,70.9,55+,family,shoestring,1,2024-01-28
u0007977,beach-and-slow,Uttarakhand,north,30.529,79.5666,45-54,family,shoestring,2,2025-08-28
u0007978,beach-and-slow,Gujarat,west,22.2394,68.9678,45-54,couple,shoestring,1,2024-08-17
u0007979,family-holiday,Uttarakhand,north,27.4924,77.6737,55+,friends,shoestring,2,2025-01-02
u0007980,heritage-seeker,Meghalaya,northeast,25.5788,91.8933,35-44,friends,comfortable,7,2024-05-20
u0007981,pilgrim,Rajasthan,north,26.838,70.9,35-44,friends,comfortable,2,2024-03-25
u0007982,food-first,Maharashtra,west,19.8762,75.3433,45-54,couple,moderate,1,2025-04-26
u0007983,beach-and-slow,West Bengal,east,21.627,87.509,25-34,family,comfortable,1,2024-08-18
u0007984,heritage-seeker,Gujarat,west,23.2156,72.6369,25-34,friends,moderate,2,2024-04-12
u0007985,family-holiday,Rajasthan,north,26.2389,73.0243,55+,family,comfortable,1,2024-05-19
u0007986,heritage-seeker,Madhya Pradesh,central,24.8318,79.9199,18-24,solo,moderate,1,2024-11-01
u0007987,weekend-escaper,Sikkim,northeast,27.3,88.24,35-44,solo,comfortable,3,2025-06-28
u0007988,pilgrim,Himachal Pradesh,north,32.01,77.3152,55+,family,premium,1,2024-11-15
u0007989,heritage-seeker,Gujarat,west,20.888,70.401,55+,solo,moderate,2,2025-06-04
u0007990,weekend-escaper,Bihar,east,25.5941,85.1376,35-44,solo,moderate,1,2024-01-01
u0007991,pilgrim,Sikkim,northeast,27.3,88.24,45-54,couple,comfortable,1,2025-08-18
u0007992,mountain-walker,Jammu and Kashmir,north,32.7266,74.857,55+,couple,comfortable,1,2024-07-01
u0007993,mountain-walker,Tamil Nadu,south,9.9252,78.1198,55+,couple,comfortable,1,2024-05-14
u0007994,beach-and-slow,Rajasthan,north,25.4305,75.6499,55+,couple,shoestring,1,2025-09-27
u0007995,family-holiday,Rajasthan,north,28.0229,73.3119,18-24,friends,moderate,1,2024-02-26
u0007996,beach-and-slow,Chhattisgarh,central,21.2514,81.6296,45-54,couple,moderate,2,2025-06-10
u0007997,heritage-seeker,Meghalaya,northeast,25.5788,91.8933,35-44,family,moderate,2,2024-12-07
u0007998,family-holiday,Andhra Pradesh,south,13.6288,79.4192,25-34,family,comfortable,1,2025-06-14
u0007999,family-holiday,Gujarat,west,23.0225,72.5714,55+,family,shoestring,1,2025-04-04
